Id,Specimen_Id,View,y,Genus_Name,Species_Name,Sex_Name,Split
trays/4734/specimens/4734_7/front.jpg,4734_7,front,20,anopheles,Anopheles_pharoensis,female,Train
trays/1183/specimens/14187/back.jpg,14187,back,12,aedes,Aedes_taeniorhynchus,female,Train
trays/3034/specimens/36382/front.jpg,36382,front,3,aedes,Aedes_canadensis,female,Train
trays/4132/specimens/49496/back.jpg,49496,back,18,anopheles,Anopheles_funestus_s.l,female,Train
trays/388/specimens/4655/front.jpg,4655,front,30,culex,Culex_tarsalis,female,Train
trays/3469/specimens/41571/back.jpg,41571,back,5,aedes,Aedes_dorsalis,female,Train
trays/1292/specimens/15498/back.jpg,15498,back,13,aedes,Aedes_triseriatus,female,Train
trays/4205/specimens/50372/back.jpg,50372,back,13,aedes,Aedes_triseriatus,female,Train
trays/6394/specimens/agamotto-idt1-beta30_1253/back.jpg,agamotto-idt1-beta30_1253,back,7,aedes,Aedes_koreicus,female,Train
trays/2433/specimens/29173/back.jpg,29173,back,19,anopheles,Anopheles_gambiae,,Train
trays/6399/specimens/agamotto-idt1-beta30_1310/front.jpg,agamotto-idt1-beta30_1310,front,7,aedes,Aedes_koreicus,female,Train
trays/6779/specimens/agamotto-idt1-beta15_1174/back.jpg,agamotto-idt1-beta15_1174,back,19,anopheles,Anopheles_arabiensis,female,Train
trays/5729/specimens/5729_0/front.jpg,5729_0,front,8,aedes,Aedes_lineatopennis,female,Train
trays/3853/specimens/46169/front.jpg,46169,front,29,culex,Culex_salinarius,female,Train
trays/2705/specimens/32448/back.jpg,32448,back,22,anopheles,Anopheles_quadrimaculatus_sl,female,Train
trays/4193/specimens/50224/back.jpg,50224,back,15,anopheles,Anopheles_coustani,female,Train
trays/6770/specimens/agamotto-idt1-beta15_1061/front.jpg,agamotto-idt1-beta15_1061,front,19,anopheles,Anopheles_arabiensis,male,Train
trays/4168/specimens/49926/back.jpg,49926,back,18,anopheles,Anopheles_funestus,female,Train
trays/6410/specimens/agamotto-idt1-beta30_1442/front.jpg,agamotto-idt1-beta30_1442,front,7,aedes,Aedes_koreicus,female,Train
trays/4332/specimens/4332_10/back.jpg,4332_10,back,18,anopheles,Anopheles_funestus,male,Train
trays/5907/specimens/5907_5/front.jpg,5907_5,front,31,culex,Culex_tritaeniorhynchus,female,Train
trays/8161/specimens/agamotto-idt1-beta24_522/front.jpg,agamotto-idt1-beta24_522,front,4,aedes,Aedes_communis,female,Train
trays/4201/specimens/50320/back.jpg,50320,back,29,culex,Culex_salinarius,female,Train
trays/4715/specimens/4715_7/back.jpg,4715_7,back,20,anopheles,Anopheles_pharoensis,female,Train
trays/1185/specimens/14219/back.jpg,14219,back,12,aedes,Aedes_taeniorhynchus,female,Train
trays/10214/specimens/agamotto-idt1-beta66_92/back.jpg,agamotto-idt1-beta66_92,back,1,aedes,Aedes_albopictus,female,Train
trays/679/specimens/8140/back.jpg,8140,back,29,culex,Culex_salinarius,female,Train
trays/8202/specimens/agamotto-idt1-beta24_657/front.jpg,agamotto-idt1-beta24_657,front,4,aedes,Aedes_communis,female,Train
trays/477/specimens/5715/front.jpg,5715,front,12,aedes,Aedes_taeniorhynchus,female,Train
trays/2864/specimens/34355/front.jpg,34355,front,5,aedes,Aedes_dorsalis,female,Train
trays/1406/specimens/16863/back.jpg,16863,back,28,culex,Culex_restuans,female,Train
trays/504/specimens/6042/front.jpg,6042,front,5,aedes,Aedes_dorsalis,female,Train
trays/3030/specimens/36327/front.jpg,36327,front,3,aedes,Aedes_canadensis,female,Train
trays/680/specimens/8154/front.jpg,8154,front,29,culex,Culex_salinarius,female,Train
trays/7101/specimens/agamotto-idt1-beta15_2489/back.jpg,agamotto-idt1-beta15_2489,back,15,anopheles,Anopheles_coustani_s.l,female,Train
trays/3786/specimens/45374/front.jpg,45374,front,22,anopheles,Anopheles_quadrimaculatus,female,Train
trays/1251/specimens/15007/back.jpg,15007,back,2,aedes,Aedes_atlanticus,female,Train
trays/6129/specimens/agamotto-idt1-beta03_139/back.jpg,agamotto-idt1-beta03_139,back,11,aedes,Aedes_sierrensis,female,Train
trays/5864/specimens/5864_10/back.jpg,5864_10,back,24,culex,Culex_bitaeniorhynchus,female,Train
trays/1166/specimens/13989/back.jpg,13989,back,16,anopheles,Anopheles_crucians,female,Train
trays/6402/specimens/agamotto-idt1-beta30_1345/back.jpg,agamotto-idt1-beta30_1345,back,7,aedes,Aedes_koreicus,female,Train
trays/3587/specimens/42985/front.jpg,42985,front,28,culex,Culex_restuans,female,Train
trays/5724/specimens/5724_5/front.jpg,5724_5,front,8,aedes,Aedes_lineatopennis,female,Train
trays/5437/specimens/5437_3/back.jpg,5437_3,back,11,aedes,Aedes_sierrensis,female,Train
trays/5731/specimens/5731_10/back.jpg,5731_10,back,8,aedes,Aedes_lineatopennis,female,Train
trays/1189/specimens/14264/front.jpg,14264,front,25,culex,Culex_nigripalpus,female,Train
trays/3445/specimens/41290/back.jpg,41290,back,23,anopheles,Anopheles_stephensi_nijmegen,female,Train
trays/1236/specimens/14825/back.jpg,14825,back,25,culex,Culex_nigripalpus,female,Train
trays/411/specimens/4926/front.jpg,4926,front,10,aedes,Aedes_melanimon,female,Train
trays/3805/specimens/45602/front.jpg,45602,front,21,anopheles,Anopheles_punctipennis,female,Train
trays/5076/specimens/5076_8/front.jpg,5076_8,front,9,aedes,Aedes_mcintoshi,female,Train
trays/6392/specimens/agamotto-idt1-beta30_1234/back.jpg,agamotto-idt1-beta30_1234,back,7,aedes,Aedes_koreicus,female,Train
trays/3032/specimens/36354/back.jpg,36354,back,3,aedes,Aedes_canadensis,female,Train
trays/2154/specimens/25845/back.jpg,25845,back,22,anopheles,Anopheles_quadrimaculatus,male,Train
trays/22758/specimens/agamotto-idt1-beta66_19785/front.jpg,agamotto-idt1-beta66_19785,front,1,aedes,Aedes_albopictus,male,Train
trays/557/specimens/6681/back.jpg,6681,back,25,culex,Culex_nigripalpus,female,Train
trays/533/specimens/6389/front.jpg,6389,front,6,aedes,Aedes_japonicus,female,Train
trays/3850/specimens/46130/back.jpg,46130,back,22,anopheles,Anopheles_quadrimaculatus,female,Train
trays/6128/specimens/agamotto-idt1-beta03_124/back.jpg,agamotto-idt1-beta03_124,back,11,aedes,Aedes_sierrensis,female,Train
trays/3439/specimens/41217/front.jpg,41217,front,19,anopheles,Anopheles_gambiae_cdcg3,male,Train
trays/3587/specimens/42988/front.jpg,42988,front,28,culex,Culex_restuans,female,Train
trays/3234/specimens/38757/back.jpg,38757,back,30,culex,Culex_tarsalis,female,Train
trays/558/specimens/6695/front.jpg,6695,front,25,culex,Culex_nigripalpus,female,Train
trays/5910/specimens/5910_1/front.jpg,5910_1,front,24,culex,Culex_bitaeniorhynchus,female,Train
trays/3769/specimens/45177/front.jpg,45177,front,16,anopheles,Anopheles_crucians_sl,female,Train
trays/4517/specimens/4517_9/back.jpg,4517_9,back,27,culex,Culex_quinquefasciatus,male,Train
trays/8199/specimens/agamotto-idt1-beta24_648/front.jpg,agamotto-idt1-beta24_648,front,4,aedes,Aedes_communis,female,Train
trays/2798/specimens/33559/front.jpg,33559,front,5,aedes,Aedes_dorsalis,female,Train
trays/1248/specimens/14974/front.jpg,14974,front,2,aedes,Aedes_atlanticus,female,Train
trays/555/specimens/6649/back.jpg,6649,back,25,culex,Culex_nigripalpus,male,Train
trays/3587/specimens/42987/front.jpg,42987,front,28,culex,Culex_restuans,female,Train
trays/532/specimens/6376/back.jpg,6376,back,6,aedes,Aedes_japonicus,female,Train
trays/5900/specimens/5900_8/back.jpg,5900_8,back,31,culex,Culex_tritaeniorhynchus,female,Train
trays/3579/specimens/42894/front.jpg,42894,front,28,culex,Culex_restuans,male,Train
trays/5728/specimens/5728_10/back.jpg,5728_10,back,8,aedes,Aedes_lineatopennis,female,Train
trays/4170/specimens/49951/back.jpg,49951,back,18,anopheles,Anopheles_funestus_s.l,female,Train
trays/1161/specimens/13922/back.jpg,13922,back,16,anopheles,Anopheles_crucians,female,Train
trays/674/specimens/8082/back.jpg,8082,back,29,culex,Culex_salinarius,female,Train
trays/3230/specimens/38702/back.jpg,38702,back,30,culex,Culex_tarsalis,female,Train
trays/6124/specimens/agamotto-idt1-beta03_82/front.jpg,agamotto-idt1-beta03_82,front,11,aedes,Aedes_sierrensis,female,Train
trays/2863/specimens/34344/back.jpg,34344,back,5,aedes,Aedes_dorsalis,female,Train
trays/3959/specimens/47439/front.jpg,47439,front,15,anopheles,Anopheles_coustani,female,Train
trays/8199/specimens/agamotto-idt1-beta24_640/back.jpg,agamotto-idt1-beta24_640,back,4,aedes,Aedes_communis,female,Train
trays/4223/specimens/50592/back.jpg,50592,back,13,aedes,Aedes_triseriatus,female,Train
trays/10686/specimens/agamotto-idt1-beta24_2410/back.jpg,agamotto-idt1-beta24_2410,back,29,culex,Culex_salinarius,female,Train
trays/3236/specimens/38784/front.jpg,38784,front,30,culex,Culex_tarsalis,female,Train
trays/4344/specimens/4344_0/front.jpg,4344_0,front,15,anopheles,Anopheles_coustani,female,Train
trays/6767/specimens/agamotto-idt1-beta15_1027/front.jpg,agamotto-idt1-beta15_1027,front,19,anopheles,Anopheles_arabiensis,female,Train
trays/6395/specimens/agamotto-idt1-beta30_1263/back.jpg,agamotto-idt1-beta30_1263,back,7,aedes,Aedes_koreicus,female,Train
trays/6123/specimens/agamotto-idt1-beta03_63/back.jpg,agamotto-idt1-beta03_63,back,11,aedes,Aedes_sierrensis,female,Train
trays/2704/specimens/32427/back.jpg,32427,back,22,anopheles,Anopheles_quadrimaculatus_sl,female,Train
trays/5368/specimens/5368_10/back.jpg,5368_10,back,23,anopheles,Anopheles_stephensi,female,Train
trays/529/specimens/6348/front.jpg,6348,front,6,aedes,Aedes_japonicus,female,Train
trays/4328/specimens/4328_1/back.jpg,4328_1,back,18,anopheles,Anopheles_funestus,female,Train
trays/504/specimens/6039/front.jpg,6039,front,5,aedes,Aedes_dorsalis,female,Train
trays/5863/specimens/5863_8/front.jpg,5863_8,front,24,culex,Culex_bitaeniorhynchus,female,Train
trays/4708/specimens/4708_4/front.jpg,4708_4,front,20,anopheles,Anopheles_pharoensis,female,Train
trays/533/specimens/6388/front.jpg,6388,front,6,aedes,Aedes_japonicus,female,Train
trays/529/specimens/6338/front.jpg,6338,front,6,aedes,Aedes_japonicus,female,Train
trays/2884/specimens/34585/back.jpg,34585,back,14,aedes,Aedes_vexans,female,Train
trays/5863/specimens/5863_0/front.jpg,5863_0,front,24,culex,Culex_bitaeniorhynchus,female,Train
trays/4223/specimens/50592/front.jpg,50592,front,13,aedes,Aedes_triseriatus,female,Train
trays/4708/specimens/4708_11/back.jpg,4708_11,back,20,anopheles,Anopheles_pharoensis,female,Train
trays/1261/specimens/15123/back.jpg,15123,back,2,aedes,Aedes_atlanticus,female,Train
trays/3807/specimens/45635/front.jpg,45635,front,21,anopheles,Anopheles_punctipennis,female,Train
trays/10777/specimens/agamotto-idt1-beta41_1268/front.jpg,agamotto-idt1-beta41_1268,front,11,aedes,Aedes_sierrensis,female,Train
trays/1253/specimens/15033/front.jpg,15033,front,2,aedes,Aedes_atlanticus,female,Train
trays/485/specimens/5820/front.jpg,5820,front,29,culex,Culex_salinarius,female,Train
trays/3263/specimens/39107/back.jpg,39107,back,27,culex,Culex_pipiens_sl,female,Train
trays/1180/specimens/14152/back.jpg,14152,back,12,aedes,Aedes_taeniorhynchus,female,Train
trays/401/specimens/4810/back.jpg,4810,back,17,anopheles,Anopheles_freeborni,female,Train
trays/7124/specimens/agamotto-idt1-beta15_2768/back.jpg,agamotto-idt1-beta15_2768,back,9,aedes,Aedes_mcintoshi,female,Train
trays/5077/specimens/5077_9/back.jpg,5077_9,back,9,aedes,Aedes_mcintoshi,female,Train
trays/21319/specimens/agamotto-idt1-beta42_3041/back.jpg,agamotto-idt1-beta42_3041,back,25,culex,Culex_nigripalpus,female,Train
trays/7281/specimens/agamotto-idt1-beta30_3417/front.jpg,agamotto-idt1-beta30_3417,front,26,culex,Culex_orientalis,female,Train
trays/2842/specimens/34084/front.jpg,34084,front,5,aedes,Aedes_dorsalis,female,Train
trays/3280/specimens/39307/back.jpg,39307,back,11,aedes,Aedes_sierrensis,male,Train
trays/2210/specimens/26510/back.jpg,26510,back,17,anopheles,Anopheles_freeborni,female,Train
trays/3033/specimens/36369/back.jpg,36369,back,3,aedes,Aedes_canadensis,female,Train
trays/1335/specimens/16020/back.jpg,16020,back,17,anopheles,Anopheles_freeborni,female,Valid
trays/7281/specimens/agamotto-idt1-beta30_3418/front.jpg,agamotto-idt1-beta30_3418,front,26,culex,Culex_orientalis,female,Train
trays/3579/specimens/42897/back.jpg,42897,back,28,culex,Culex_restuans,female,Train
trays/1466/specimens/17589/back.jpg,17589,back,25,culex,Culex_nigripalpus,female,Train
trays/3395/specimens/40684/front.jpg,40684,front,18,anopheles,Anopheles_funestus_fumoz,female,Train
trays/1263/specimens/15146/front.jpg,15146,front,2,aedes,Aedes_atlanticus,female,Train
trays/2877/specimens/34511/back.jpg,34511,back,5,aedes,Aedes_dorsalis,female,Train
trays/1186/specimens/14226/front.jpg,14226,front,25,culex,Culex_nigripalpus,female,Train
trays/4304/specimens/4304_5/front.jpg,4304_5,front,0,aedes,Aedes_aegypti,female,Train
trays/1091/specimens/13088/front.jpg,13088,front,17,anopheles,Anopheles_freeborni,female,Train
trays/3761/specimens/45073/back.jpg,45073,back,13,aedes,Aedes_triseriatus,female,Train
trays/551/specimens/6604/back.jpg,6604,back,25,culex,Culex_nigripalpus,female,Train
trays/5922/specimens/5922_7/back.jpg,5922_7,back,31,culex,Culex_tritaeniorhynchus,female,Train
trays/8065/specimens/agamotto-idt1-beta24_394/front.jpg,agamotto-idt1-beta24_394,front,4,aedes,Aedes_communis,male,Train
trays/1165/specimens/13973/back.jpg,13973,back,16,anopheles,Anopheles_crucians,female,Train
trays/1059/specimens/12704/front.jpg,12704,front,17,anopheles,Anopheles_freeborni,female,Train
trays/3227/specimens/38676/back.jpg,38676,back,30,culex,Culex_tarsalis,female,Train
trays/5902/specimens/5902_8/back.jpg,5902_8,back,31,culex,Culex_tritaeniorhynchus,female,Train
trays/4528/specimens/4528_8/front.jpg,4528_8,front,22,anopheles,Anopheles_quadrimaculatus,female,Train
trays/514/specimens/6164/front.jpg,6164,front,12,aedes,Aedes_taeniorhynchus,female,Train
trays/3236/specimens/38776/front.jpg,38776,front,30,culex,Culex_tarsalis,female,Train
trays/3238/specimens/38804/front.jpg,38804,front,30,culex,Culex_tarsalis,female,Train
trays/8005/specimens/agamotto-idt1-beta26_247/back.jpg,agamotto-idt1-beta26_247,back,14,aedes,Aedes_vexans,female,Train
trays/1411/specimens/16922/back.jpg,16922,back,12,aedes,Aedes_taeniorhynchus,female,Train
trays/3853/specimens/46169/back.jpg,46169,back,29,culex,Culex_salinarius,female,Train
trays/3442/specimens/41250/back.jpg,41250,back,23,anopheles,Anopheles_stephensi_nijmegen,female,Train
trays/24838/specimens/agamotto-idt1-beta59_2290/front.jpg,agamotto-idt1-beta59_2290,front,0,aedes,Aedes_aegypti,,Train
trays/3446/specimens/41302/front.jpg,41302,front,23,anopheles,Anopheles_stephensi_nijmegen,female,Train
trays/4202/specimens/50337/back.jpg,50337,back,13,aedes,Aedes_triseriatus,female,Train
trays/6120/specimens/agamotto-idt1-beta03_37/front.jpg,agamotto-idt1-beta03_37,front,11,aedes,Aedes_sierrensis,female,Train
trays/3495/specimens/41884/front.jpg,41884,front,27,culex,Culex_quinqufasciatus_bamako,female,Train
trays/4262/specimens/51055/back.jpg,51055,back,0,aedes,Aedes_aegypti,,Train
trays/3398/specimens/40722/front.jpg,40722,front,18,anopheles,Anopheles_funestus_fumoz,male,Train
trays/1208/specimens/14489/back.jpg,14489,back,10,aedes,Aedes_melanimon,female,Train
trays/3574/specimens/42835/front.jpg,42835,front,13,aedes,Aedes_triseriatus,female,Train
trays/14175/specimens/agamotto-idt1-beta84_123/back.jpg,agamotto-idt1-beta84_123,back,1,aedes,Aedes_albopictus,,Train
trays/3760/specimens/45063/front.jpg,45063,front,13,aedes,Aedes_triseriatus,female,Train
trays/1406/specimens/16864/back.jpg,16864,back,27,culex,Culex_pipiens_sl,female,Train
trays/1249/specimens/14981/back.jpg,14981,back,2,aedes,Aedes_atlanticus,female,Train
trays/17414/specimens/agamotto-idt1-beta02_3385/front.jpg,agamotto-idt1-beta02_3385,front,1,aedes,Aedes_albopictus,female,Train
trays/3030/specimens/36330/front.jpg,36330,front,3,aedes,Aedes_canadensis,female,Train
trays/6114/specimens/agamotto-idt1-beta15_60/front.jpg,agamotto-idt1-beta15_60,front,9,aedes,Aedes_mcintoshi,female,Train
trays/3110/specimens/37283/back.jpg,37283,back,19,anopheles,Anopheles_gambiae_cdc-g3,female,Train
trays/8066/specimens/agamotto-idt1-beta24_397/back.jpg,agamotto-idt1-beta24_397,back,4,aedes,Aedes_communis,male,Train
trays/6766/specimens/agamotto-idt1-beta15_1018/back.jpg,agamotto-idt1-beta15_1018,back,19,anopheles,Anopheles_arabiensis,male,Train
trays/10765/specimens/agamotto-idt1-beta41_1120/front.jpg,agamotto-idt1-beta41_1120,front,30,culex,Culex_tarsalis,female,Train
trays/1261/specimens/15126/back.jpg,15126,back,2,aedes,Aedes_atlanticus,female,Train
trays/4744/specimens/4744_8/back.jpg,4744_8,back,20,anopheles,Anopheles_pharoensis,female,Train
trays/3060/specimens/36686/back.jpg,36686,back,23,anopheles,Anopheles_stephensi,male,Train
trays/1203/specimens/14434/back.jpg,14434,back,10,aedes,Aedes_melanimon,female,Train
trays/8161/specimens/agamotto-idt1-beta24_520/front.jpg,agamotto-idt1-beta24_520,front,4,aedes,Aedes_communis,male,Train
trays/4703/specimens/4703_4/front.jpg,4703_4,front,20,anopheles,Anopheles_pharoensis,female,Train
trays/3438/specimens/41200/front.jpg,41200,front,19,anopheles,Anopheles_gambiae_cdcg3,male,Train
trays/4167/specimens/49909/front.jpg,49909,front,18,anopheles,Anopheles_funestus,male,Train
trays/7285/specimens/agamotto-idt1-beta30_3468/front.jpg,agamotto-idt1-beta30_3468,front,26,culex,Culex_orientalis,female,Train
trays/1060/specimens/12714/front.jpg,12714,front,17,anopheles,Anopheles_freeborni,female,Train
trays/4357/specimens/4357_8/front.jpg,4357_8,front,15,anopheles,Anopheles_coustani,female,Train
trays/4725/specimens/4725_2/back.jpg,4725_2,back,15,anopheles,Anopheles_coustani,female,Train
trays/6389/specimens/agamotto-idt1-beta30_1200/front.jpg,agamotto-idt1-beta30_1200,front,7,aedes,Aedes_koreicus,female,Train
trays/1263/specimens/15146/back.jpg,15146,back,2,aedes,Aedes_atlanticus,female,Train
trays/408/specimens/4894/front.jpg,4894,front,10,aedes,Aedes_melanimon,female,Train
trays/15840/specimens/agamotto-idt1-beta02_1967/front.jpg,agamotto-idt1-beta02_1967,front,1,aedes,Aedes_albopictus,female,Train
trays/1257/specimens/15074/back.jpg,15074,back,2,aedes,Aedes_atlanticus,female,Train
trays/1162/specimens/13939/back.jpg,13939,back,16,anopheles,Anopheles_crucians,female,Train
trays/8233/specimens/agamotto-idt1-beta24_694/front.jpg,agamotto-idt1-beta24_694,front,4,aedes,Aedes_communis,female,Train
trays/506/specimens/6070/front.jpg,6070,front,5,aedes,Aedes_dorsalis,female,Train
trays/1094/specimens/13126/back.jpg,13126,back,17,anopheles,Anopheles_freeborni,male,Train
trays/524/specimens/6281/front.jpg,6281,front,21,anopheles,Anopheles_punctipennis,female,Train
trays/7299/specimens/agamotto-idt1-beta30_3634/front.jpg,agamotto-idt1-beta30_3634,front,26,culex,Culex_orientalis,female,Train
trays/1091/specimens/13089/back.jpg,13089,back,17,anopheles,Anopheles_freeborni,female,Train
trays/3769/specimens/45175/front.jpg,45175,front,16,anopheles,Anopheles_crucians_sl,female,Train
trays/14180/specimens/agamotto-idt1-beta22_2415/front.jpg,agamotto-idt1-beta22_2415,front,0,aedes,Aedes_aegypti,male,Train
trays/408/specimens/4892/back.jpg,4892,back,10,aedes,Aedes_melanimon,female,Train
trays/4169/specimens/49935/back.jpg,49935,back,18,anopheles,Anopheles_funestus_s.l,female,Train
trays/8202/specimens/agamotto-idt1-beta24_652/back.jpg,agamotto-idt1-beta24_652,back,4,aedes,Aedes_communis,male,Train
trays/7124/specimens/agamotto-idt1-beta15_2762/back.jpg,agamotto-idt1-beta15_2762,back,9,aedes,Aedes_mcintoshi,female,Train
trays/3871/specimens/46384/back.jpg,46384,back,22,anopheles,Anopheles_quadrimaculatus,female,Train
trays/3901/specimens/46747/front.jpg,46747,front,1,aedes,Aedes_albopictus,female,Train
trays/2702/specimens/32405/front.jpg,32405,front,22,anopheles,Anopheles_quadrimaculatus_sl,female,Train
trays/5085/specimens/5085_0/back.jpg,5085_0,back,9,aedes,Aedes_mcintoshi,female,Train
trays/7278/specimens/agamotto-idt1-beta30_3377/back.jpg,agamotto-idt1-beta30_3377,back,26,culex,Culex_orientalis,female,Train
trays/1266/specimens/15188/back.jpg,15188,back,2,aedes,Aedes_atlanticus,female,Train
trays/24436/specimens/agamotto-idt1-beta02_6033/back.jpg,agamotto-idt1-beta02_6033,back,1,aedes,Aedes_albopictus,female,Train
trays/7278/specimens/agamotto-idt1-beta30_3374/back.jpg,agamotto-idt1-beta30_3374,back,26,culex,Culex_orientalis,female,Train
trays/481/specimens/5769/back.jpg,5769,back,29,culex,Culex_salinarius,female,Train
trays/21514/specimens/agamotto-idt1-beta66_16398/back.jpg,agamotto-idt1-beta66_16398,back,1,aedes,Aedes_albopictus,female,Train
trays/1060/specimens/12716/back.jpg,12716,back,17,anopheles,Anopheles_freeborni,female,Train
trays/577/specimens/6914/back.jpg,6914,back,3,aedes,Aedes_canadensis,female,Train
trays/3232/specimens/38730/back.jpg,38730,back,30,culex,Culex_tarsalis,female,Train
trays/533/specimens/6385/front.jpg,6385,front,6,aedes,Aedes_japonicus,female,Train
trays/26229/specimens/agamotto-idt1-beta05_25131/back.jpg,agamotto-idt1-beta05_25131,back,0,aedes,Aedes_aegypti,,Train
trays/3282/specimens/39332/front.jpg,39332,front,11,aedes,Aedes_sierrensis,male,Train
trays/3232/specimens/38725/front.jpg,38725,front,30,culex,Culex_tarsalis,female,Train
trays/5864/specimens/5864_6/back.jpg,5864_6,back,24,culex,Culex_bitaeniorhynchus,female,Train
trays/6773/specimens/agamotto-idt1-beta15_1096/back.jpg,agamotto-idt1-beta15_1096,back,19,anopheles,Anopheles_arabiensis,male,Train
trays/23722/specimens/agamotto-idt1-beta66_22406/front.jpg,agamotto-idt1-beta66_22406,front,6,aedes,Aedes_japonicus,female,Train
trays/4712/specimens/4712_6/back.jpg,4712_6,back,20,anopheles,Anopheles_pharoensis,female,Train
trays/3586/specimens/42979/back.jpg,42979,back,28,culex,Culex_restuans,female,Train
trays/2701/specimens/32392/back.jpg,32392,back,22,anopheles,Anopheles_quadrimaculatus_sl,female,Train
trays/3033/specimens/36371/front.jpg,36371,front,3,aedes,Aedes_canadensis,female,Train
trays/1164/specimens/13959/back.jpg,13959,back,16,anopheles,Anopheles_crucians,female,Train
trays/6487/specimens/agamotto-idt1-beta30_1967/front.jpg,agamotto-idt1-beta30_1967,front,7,aedes,Aedes_koreicus,female,Train
trays/3494/specimens/41873/back.jpg,41873,back,27,culex,Culex_quinqufasciatus_bamako,female,Train
trays/7288/specimens/agamotto-idt1-beta30_3504/back.jpg,agamotto-idt1-beta30_3504,back,26,culex,Culex_orientalis,female,Train
trays/22434/specimens/agamotto-idt1-beta02_5360/front.jpg,agamotto-idt1-beta02_5360,front,1,aedes,Aedes_albopictus,female,Train
trays/3027/specimens/36291/back.jpg,36291,back,3,aedes,Aedes_canadensis,female,Train
trays/4252/specimens/50933/back.jpg,50933,back,21,anopheles,Anopheles_punctipennis,female,Train
trays/3574/specimens/42831/front.jpg,42831,front,13,aedes,Aedes_triseriatus,male,Train
trays/20481/specimens/agamotto-idt1-beta66_15958/back.jpg,agamotto-idt1-beta66_15958,back,1,aedes,Aedes_albopictus,female,Train
trays/5086/specimens/5086_0/back.jpg,5086_0,back,9,aedes,Aedes_mcintoshi,female,Train
trays/4613/specimens/4613_3/back.jpg,4613_3,back,20,anopheles,Anopheles_pharoensis,female,Train
trays/3027/specimens/36294/back.jpg,36294,back,3,aedes,Aedes_canadensis,female,Train
trays/3053/specimens/36611/back.jpg,36611,back,23,anopheles,Anopheles_stephensi,female,Train
trays/6393/specimens/agamotto-idt1-beta30_1238/back.jpg,agamotto-idt1-beta30_1238,back,7,aedes,Aedes_koreicus,female,Train
trays/3959/specimens/47445/front.jpg,47445,front,15,anopheles,Anopheles_coustani,female,Train
trays/2932/specimens/35170/front.jpg,35170,front,5,aedes,Aedes_dorsalis,female,Train
trays/3959/specimens/47447/back.jpg,47447,back,18,anopheles,Anopheles_funestus_sl,female,Train
trays/10688/specimens/agamotto-idt1-beta24_2428/front.jpg,agamotto-idt1-beta24_2428,front,29,culex,Culex_salinarius,female,Train
trays/3566/specimens/42735/front.jpg,42735,front,21,anopheles,Anopheles_punctipennis,female,Train
trays/4331/specimens/4331_8/front.jpg,4331_8,front,18,anopheles,Anopheles_funestus,female,Train
trays/5368/specimens/5368_11/front.jpg,5368_11,front,12,aedes,Aedes_taeniorhynchus,female,Train
trays/1267/specimens/15199/back.jpg,15199,back,2,aedes,Aedes_atlanticus,female,Train
trays/5899/specimens/5899_1/front.jpg,5899_1,front,31,culex,Culex_tritaeniorhynchus,female,Train
trays/3587/specimens/42993/back.jpg,42993,back,28,culex,Culex_restuans,female,Train
trays/505/specimens/6049/back.jpg,6049,back,5,aedes,Aedes_dorsalis,female,Train
trays/676/specimens/8101/front.jpg,8101,front,29,culex,Culex_salinarius,female,Train
trays/5858/specimens/5858_2/back.jpg,5858_2,back,24,culex,Culex_bitaeniorhynchus,female,Train
trays/4356/specimens/4356_7/front.jpg,4356_7,front,15,anopheles,Anopheles_coustani,female,Train
trays/3582/specimens/42925/back.jpg,42925,back,28,culex,Culex_restuans,male,Train
trays/4738/specimens/4738_6/back.jpg,4738_6,back,20,anopheles,Anopheles_pharoensis,female,Train
trays/477/specimens/5723/front.jpg,5723,front,12,aedes,Aedes_taeniorhynchus,female,Train
trays/4357/specimens/4357_7/front.jpg,4357_7,front,15,anopheles,Anopheles_coustani,female,Train
trays/5904/specimens/5904_3/back.jpg,5904_3,back,31,culex,Culex_tritaeniorhynchus,female,Train
trays/5913/specimens/5913_2/front.jpg,5913_2,front,31,culex,Culex_tritaeniorhynchus,female,Train
trays/6415/specimens/agamotto-idt1-beta30_1501/front.jpg,agamotto-idt1-beta30_1501,front,7,aedes,Aedes_koreicus,female,Train
trays/5368/specimens/5368_11/back.jpg,5368_11,back,12,aedes,Aedes_taeniorhynchus,female,Train
trays/6448/specimens/agamotto-idt1-beta30_1900/back.jpg,agamotto-idt1-beta30_1900,back,7,aedes,Aedes_koreicus,female,Train
trays/515/specimens/6172/back.jpg,6172,back,12,aedes,Aedes_taeniorhynchus,female,Train
trays/5908/specimens/5908_11/front.jpg,5908_11,front,31,culex,Culex_tritaeniorhynchus,female,Train
trays/5723/specimens/5723_1/front.jpg,5723_1,front,8,aedes,Aedes_lineatopennis,female,Train
trays/4715/specimens/4715_3/back.jpg,4715_3,back,20,anopheles,Anopheles_pharoensis,female,Train
trays/479/specimens/5744/front.jpg,5744,front,29,culex,Culex_salinarius,female,Train
trays/7125/specimens/agamotto-idt1-beta15_2775/back.jpg,agamotto-idt1-beta15_2775,back,9,aedes,Aedes_mcintoshi,female,Train
trays/6442/specimens/agamotto-idt1-beta30_1828/back.jpg,agamotto-idt1-beta30_1828,back,7,aedes,Aedes_koreicus,female,Train
trays/7293/specimens/agamotto-idt1-beta30_3564/front.jpg,agamotto-idt1-beta30_3564,front,26,culex,Culex_orientalis,female,Train
trays/6766/specimens/agamotto-idt1-beta15_1018/front.jpg,agamotto-idt1-beta15_1018,front,19,anopheles,Anopheles_arabiensis,male,Train
trays/4253/specimens/50946/back.jpg,50946,back,22,anopheles,Anopheles_quadrimaculatus,female,Train
trays/3449/specimens/41331/front.jpg,41331,front,23,anopheles,Anopheles_stephensi_nijmegen,male,Train
trays/1180/specimens/14157/back.jpg,14157,back,12,aedes,Aedes_taeniorhynchus,female,Train
trays/3281/specimens/39317/back.jpg,39317,back,11,aedes,Aedes_sierrensis,male,Train
trays/2417/specimens/28984/front.jpg,28984,front,17,anopheles,Anopheles_freeborni,female,Train
trays/3030/specimens/36330/back.jpg,36330,back,3,aedes,Aedes_canadensis,female,Train
trays/8439/specimens/agamotto-idt1-beta28_1099/back.jpg,agamotto-idt1-beta28_1099,back,27,culex,Culex_quinquefasciatus,female,Train
trays/532/specimens/6384/front.jpg,6384,front,6,aedes,Aedes_japonicus,female,Train
trays/4708/specimens/4708_6/front.jpg,4708_6,front,20,anopheles,Anopheles_pharoensis,female,Train
trays/3049/specimens/36559/back.jpg,36559,back,23,anopheles,Anopheles_stephensi,male,Train
trays/4613/specimens/4613_4/front.jpg,4613_4,front,15,anopheles,Anopheles_coustani_s.l,female,Train
trays/9140/specimens/agamotto-idt1-beta28_1284/back.jpg,agamotto-idt1-beta28_1284,back,1,aedes,Aedes_albopictus,female,Train
trays/3236/specimens/38783/back.jpg,38783,back,30,culex,Culex_tarsalis,female,Train
trays/3582/specimens/42934/front.jpg,42934,front,28,culex,Culex_restuans,male,Train
trays/1182/specimens/14180/front.jpg,14180,front,12,aedes,Aedes_taeniorhynchus,female,Train
trays/3232/specimens/38727/front.jpg,38727,front,30,culex,Culex_tarsalis,female,Train
trays/5720/specimens/5720_2/front.jpg,5720_2,front,8,aedes,Aedes_lineatopennis,female,Train
trays/484/specimens/5798/front.jpg,5798,front,29,culex,Culex_salinarius,female,Train
trays/4357/specimens/4357_1/back.jpg,4357_1,back,15,anopheles,Anopheles_coustani,female,Train
trays/3228/specimens/38687/front.jpg,38687,front,30,culex,Culex_tarsalis,female,Train
trays/1250/specimens/14996/front.jpg,14996,front,2,aedes,Aedes_atlanticus,female,Train
trays/506/specimens/6067/front.jpg,6067,front,5,aedes,Aedes_dorsalis,female,Train
trays/1094/specimens/13128/back.jpg,13128,back,17,anopheles,Anopheles_freeborni,male,Train
trays/4170/specimens/49950/front.jpg,49950,front,18,anopheles,Anopheles_funestus_s.l,female,Train
trays/5922/specimens/5922_2/back.jpg,5922_2,back,31,culex,Culex_tritaeniorhynchus,female,Train
trays/3579/specimens/42893/front.jpg,42893,front,28,culex,Culex_restuans,male,Train
trays/7795/specimens/agamotto-idt1-beta30_7392/front.jpg,agamotto-idt1-beta30_7392,front,7,aedes,Aedes_koreicus,male,Train
trays/4613/specimens/4613_1/back.jpg,4613_1,back,20,anopheles,Anopheles_pharoensis,female,Train
trays/8067/specimens/agamotto-idt1-beta24_416/front.jpg,agamotto-idt1-beta24_416,front,4,aedes,Aedes_communis,male,Train
trays/5850/specimens/5850_5/front.jpg,5850_5,front,24,culex,Culex_bitaeniorhynchus,female,Train
trays/4343/specimens/4343_0/back.jpg,4343_0,back,15,anopheles,Anopheles_coustani,female,Train
trays/537/specimens/6436/back.jpg,6436,back,0,aedes,Aedes_aegypti,female,Train
trays/1166/specimens/13984/back.jpg,13984,back,16,anopheles,Anopheles_crucians,female,Train
trays/2948/specimens/35356/back.jpg,35356,back,14,aedes,Aedes_vexans,female,Train
trays/3032/specimens/36352/back.jpg,36352,back,3,aedes,Aedes_canadensis,female,Train
trays/23721/specimens/agamotto-idt1-beta66_22394/back.jpg,agamotto-idt1-beta66_22394,back,6,aedes,Aedes_japonicus,male,Train
trays/6391/specimens/agamotto-idt1-beta30_1216/back.jpg,agamotto-idt1-beta30_1216,back,7,aedes,Aedes_koreicus,female,Train
trays/5852/specimens/5852_7/back.jpg,5852_7,back,24,culex,Culex_bitaeniorhynchus,female,Train
trays/1334/specimens/15999/back.jpg,15999,back,10,aedes,Aedes_melanimon,female,Train
trays/1252/specimens/15022/front.jpg,15022,front,2,aedes,Aedes_atlanticus,female,Train
trays/13955/specimens/agamotto-idt1-beta02_493/front.jpg,agamotto-idt1-beta02_493,front,1,aedes,Aedes_albopictus,female,Train
trays/1146/specimens/13744/front.jpg,13744,front,10,aedes,Aedes_melanimon,female,Train
trays/2153/specimens/25834/back.jpg,25834,back,16,anopheles,Anopheles_crucians_sl,male,Train
trays/5851/specimens/5851_10/back.jpg,5851_10,back,24,culex,Culex_bitaeniorhynchus,female,Train
trays/3033/specimens/36364/back.jpg,36364,back,3,aedes,Aedes_canadensis,female,Train
trays/3239/specimens/38809/back.jpg,38809,back,30,culex,Culex_tarsalis,female,Train
trays/3581/specimens/42920/front.jpg,42920,front,28,culex,Culex_restuans,female,Train
trays/3273/specimens/39225/back.jpg,39225,back,27,culex,Culex_pipiens_sl,female,Train
trays/5907/specimens/5907_3/front.jpg,5907_3,front,31,culex,Culex_tritaeniorhynchus,female,Train
trays/6116/specimens/agamotto-idt1-beta03_3/front.jpg,agamotto-idt1-beta03_3,front,11,aedes,Aedes_sierrensis,female,Train
trays/1254/specimens/15039/back.jpg,15039,back,2,aedes,Aedes_atlanticus,female,Train
trays/679/specimens/8141/back.jpg,8141,back,29,culex,Culex_salinarius,female,Train
trays/2933/specimens/35176/back.jpg,35176,back,5,aedes,Aedes_dorsalis,female,Train
trays/3398/specimens/40724/front.jpg,40724,front,18,anopheles,Anopheles_funestus_fumoz,male,Train
trays/4353/specimens/4353_3/front.jpg,4353_3,front,20,anopheles,Anopheles_pharoensis,female,Train
trays/550/specimens/6594/front.jpg,6594,front,25,culex,Culex_nigripalpus,male,Train
trays/3770/specimens/45189/front.jpg,45189,front,16,anopheles,Anopheles_crucians_sl,female,Train
trays/8065/specimens/agamotto-idt1-beta24_392/front.jpg,agamotto-idt1-beta24_392,front,4,aedes,Aedes_communis,male,Train
trays/4734/specimens/4734_7/back.jpg,4734_7,back,20,anopheles,Anopheles_pharoensis,female,Train
trays/676/specimens/8102/front.jpg,8102,front,29,culex,Culex_salinarius,female,Train
trays/1268/specimens/15214/back.jpg,15214,back,2,aedes,Aedes_atlanticus,female,Train
trays/3398/specimens/40719/back.jpg,40719,back,18,anopheles,Anopheles_funestus_fumoz,male,Train
trays/1180/specimens/14158/front.jpg,14158,front,12,aedes,Aedes_taeniorhynchus,female,Train
trays/3784/specimens/45359/back.jpg,45359,back,22,anopheles,Anopheles_quadrimaculatus,female,Train
trays/3115/specimens/37334/back.jpg,37334,back,19,anopheles,Anopheles_gambiae_cdc-g3,male,Train
trays/1165/specimens/13971/front.jpg,13971,front,16,anopheles,Anopheles_crucians,female,Train
trays/3959/specimens/47440/back.jpg,47440,back,15,anopheles,Anopheles_coustani,female,Train
trays/4703/specimens/4703_1/back.jpg,4703_1,back,20,anopheles,Anopheles_pharoensis,female,Train
trays/3448/specimens/41325/front.jpg,41325,front,23,anopheles,Anopheles_stephensi_nijmegen,male,Train
trays/7290/specimens/agamotto-idt1-beta30_3524/front.jpg,agamotto-idt1-beta30_3524,front,26,culex,Culex_orientalis,female,Train
trays/8005/specimens/agamotto-idt1-beta26_250/front.jpg,agamotto-idt1-beta26_250,front,14,aedes,Aedes_vexans,female,Train
trays/4735/specimens/4735_10/front.jpg,4735_10,front,20,anopheles,Anopheles_pharoensis,female,Train
trays/10219/specimens/agamotto-idt1-beta49_622/back.jpg,agamotto-idt1-beta49_622,back,6,aedes,Aedes_japonicus,female,Train
trays/3231/specimens/38716/back.jpg,38716,back,30,culex,Culex_tarsalis,female,Train
trays/409/specimens/4906/front.jpg,4906,front,10,aedes,Aedes_melanimon,female,Train
trays/4262/specimens/51054/front.jpg,51054,front,0,aedes,Aedes_aegypti,,Train
trays/5731/specimens/5731_7/front.jpg,5731_7,front,8,aedes,Aedes_lineatopennis,female,Train
trays/486/specimens/5829/back.jpg,5829,back,29,culex,Culex_salinarius,female,Train
trays/4193/specimens/50221/front.jpg,50221,front,15,anopheles,Anopheles_coustani,female,Train
trays/1162/specimens/13939/front.jpg,13939,front,16,anopheles,Anopheles_crucians,female,Train
trays/1183/specimens/14185/front.jpg,14185,front,12,aedes,Aedes_taeniorhynchus,female,Train
trays/480/specimens/5754/front.jpg,5754,front,29,culex,Culex_salinarius,female,Train
trays/8067/specimens/agamotto-idt1-beta24_419/front.jpg,agamotto-idt1-beta24_419,front,4,aedes,Aedes_communis,male,Train
trays/5721/specimens/5721_11/front.jpg,5721_11,front,8,aedes,Aedes_lineatopennis,female,Train
trays/2974/specimens/35664/back.jpg,35664,back,14,aedes,Aedes_vexans,female,Train
trays/7941/specimens/agamotto-idt1-beta03_508/front.jpg,agamotto-idt1-beta03_508,front,11,aedes,Aedes_sierrensis,female,Train
trays/4688/specimens/4688_3/back.jpg,4688_3,back,19,anopheles,Anopheles_gambiae_s.l,female,Train
trays/1252/specimens/15024/back.jpg,15024,back,2,aedes,Aedes_atlanticus,female,Train
trays/1249/specimens/14977/back.jpg,14977,back,2,aedes,Aedes_atlanticus,female,Train
trays/3566/specimens/42734/back.jpg,42734,back,21,anopheles,Anopheles_punctipennis,female,Train
trays/1061/specimens/12723/front.jpg,12723,front,10,aedes,Aedes_melanimon,female,Train
trays/1183/specimens/14185/back.jpg,14185,back,12,aedes,Aedes_taeniorhynchus,female,Train
trays/3260/specimens/39061/front.jpg,39061,front,28,culex,Culex_restuans,female,Train
trays/3236/specimens/38780/back.jpg,38780,back,30,culex,Culex_tarsalis,female,Train
trays/4150/specimens/49708/front.jpg,49708,front,18,anopheles,Anopheles_funestus_s.l,female,Train
trays/3770/specimens/45183/back.jpg,45183,back,16,anopheles,Anopheles_crucians_sl,female,Train
trays/6398/specimens/agamotto-idt1-beta30_1301/back.jpg,agamotto-idt1-beta30_1301,back,7,aedes,Aedes_koreicus,female,Train
trays/3582/specimens/42926/back.jpg,42926,back,28,culex,Culex_restuans,male,Train
trays/6390/specimens/agamotto-idt1-beta30_1207/back.jpg,agamotto-idt1-beta30_1207,back,7,aedes,Aedes_koreicus,female,Train
trays/3500/specimens/41948/front.jpg,41948,front,27,culex,Culex_quinqufasciatus_bamako,male,Train
trays/20711/specimens/agamotto-idt1-beta02_4665/back.jpg,agamotto-idt1-beta02_4665,back,1,aedes,Aedes_albopictus,female,Train
trays/3058/specimens/36662/back.jpg,36662,back,23,anopheles,Anopheles_stephensi,male,Train
trays/3062/specimens/36710/front.jpg,36710,front,23,anopheles,Anopheles_stephensi,male,Train
trays/3398/specimens/40720/back.jpg,40720,back,18,anopheles,Anopheles_funestus_fumoz,male,Train
trays/5722/specimens/5722_3/back.jpg,5722_3,back,8,aedes,Aedes_lineatopennis,female,Train
trays/3260/specimens/39061/back.jpg,39061,back,28,culex,Culex_restuans,female,Train
trays/3851/specimens/46151/front.jpg,46151,front,22,anopheles,Anopheles_quadrimaculatus,female,Train
trays/3280/specimens/39310/front.jpg,39310,front,11,aedes,Aedes_sierrensis,male,Train
trays/2885/specimens/34597/front.jpg,34597,front,14,aedes,Aedes_vexans,female,Train
trays/505/specimens/6051/front.jpg,6051,front,5,aedes,Aedes_dorsalis,female,Train
trays/4960/specimens/4960_6/front.jpg,4960_6,front,6,aedes,Aedes_japonicus,female,Train
trays/3110/specimens/37282/front.jpg,37282,front,19,anopheles,Anopheles_gambiae_cdc-g3,female,Train
trays/3080/specimens/36918/back.jpg,36918,back,0,aedes,Aedes_aegypti,female,Train
trays/4712/specimens/4712_0/front.jpg,4712_0,front,20,anopheles,Anopheles_pharoensis,female,Train
trays/1346/specimens/16146/back.jpg,16146,back,30,culex,Culex_tarsalis,female,Train
trays/4707/specimens/4707_9/front.jpg,4707_9,front,20,anopheles,Anopheles_pharoensis,female,Train
trays/5916/specimens/5916_3/back.jpg,5916_3,back,31,culex,Culex_tritaeniorhynchus,female,Train
trays/1182/specimens/14177/back.jpg,14177,back,12,aedes,Aedes_taeniorhynchus,female,Train
trays/2864/specimens/34356/back.jpg,34356,back,5,aedes,Aedes_dorsalis,female,Train
trays/1189/specimens/14261/front.jpg,14261,front,25,culex,Culex_nigripalpus,female,Train
trays/4150/specimens/49708/back.jpg,49708,back,18,anopheles,Anopheles_funestus_s.l,female,Train
trays/3780/specimens/45312/back.jpg,45312,back,1,aedes,Aedes_albopictus,female,Train
trays/1221/specimens/14644/back.jpg,14644,back,10,aedes,Aedes_melanimon,female,Train
trays/5726/specimens/5726_5/front.jpg,5726_5,front,8,aedes,Aedes_lineatopennis,female,Train
trays/7800/specimens/agamotto-idt1-beta30_7452/front.jpg,agamotto-idt1-beta30_7452,front,7,aedes,Aedes_koreicus,male,Train
trays/1185/specimens/14218/back.jpg,14218,back,12,aedes,Aedes_taeniorhynchus,female,Train
trays/5720/specimens/5720_7/front.jpg,5720_7,front,8,aedes,Aedes_lineatopennis,female,Train
trays/3834/specimens/45960/back.jpg,45960,back,28,culex,Culex_restuans,female,Train
trays/2877/specimens/34507/back.jpg,34507,back,5,aedes,Aedes_dorsalis,female,Train
trays/550/specimens/6598/back.jpg,6598,back,25,culex,Culex_nigripalpus,male,Train
trays/3095/specimens/37101/front.jpg,37101,front,14,aedes,Aedes_vexans,female,Train
trays/3807/specimens/45634/back.jpg,45634,back,21,anopheles,Anopheles_punctipennis,female,Train
trays/481/specimens/5769/front.jpg,5769,front,29,culex,Culex_salinarius,female,Train
trays/5437/specimens/5437_2/back.jpg,5437_2,back,11,aedes,Aedes_sierrensis,female,Train
trays/6112/specimens/agamotto-idt1-beta15_36/front.jpg,agamotto-idt1-beta15_36,front,9,aedes,Aedes_mcintoshi,female,Train
trays/5076/specimens/5076_11/front.jpg,5076_11,front,9,aedes,Aedes_mcintoshi,female,Train
trays/7281/specimens/agamotto-idt1-beta30_3419/front.jpg,agamotto-idt1-beta30_3419,front,26,culex,Culex_orientalis,female,Train
trays/6396/specimens/agamotto-idt1-beta30_1273/back.jpg,agamotto-idt1-beta30_1273,back,7,aedes,Aedes_koreicus,female,Train
trays/3587/specimens/42985/back.jpg,42985,back,28,culex,Culex_restuans,female,Train
trays/4518/specimens/4518_11/front.jpg,4518_11,front,27,culex,Culex_quinquefasciatus,male,Train
trays/4344/specimens/4344_8/front.jpg,4344_8,front,15,anopheles,Anopheles_coustani,female,Train
trays/3775/specimens/45246/back.jpg,45246,back,1,aedes,Aedes_albopictus,female,Train
trays/410/specimens/4916/back.jpg,4916,back,10,aedes,Aedes_melanimon,female,Train
trays/6390/specimens/agamotto-idt1-beta30_1205/front.jpg,agamotto-idt1-beta30_1205,front,7,aedes,Aedes_koreicus,female,Train
trays/7124/specimens/agamotto-idt1-beta15_2769/back.jpg,agamotto-idt1-beta15_2769,back,9,aedes,Aedes_mcintoshi,female,Train
trays/4734/specimens/4734_10/back.jpg,4734_10,back,20,anopheles,Anopheles_pharoensis,female,Train
trays/1060/specimens/12711/front.jpg,12711,front,17,anopheles,Anopheles_freeborni,female,Train
trays/3231/specimens/38721/front.jpg,38721,front,30,culex,Culex_tarsalis,female,Train
trays/5922/specimens/5922_2/front.jpg,5922_2,front,31,culex,Culex_tritaeniorhynchus,female,Train
trays/4502/specimens/4502_8/front.jpg,4502_8,front,27,culex,Culex_quinquefasciatus,male,Train
trays/5862/specimens/5862_5/front.jpg,5862_5,front,24,culex,Culex_bitaeniorhynchus,female,Train
trays/5728/specimens/5728_0/back.jpg,5728_0,back,8,aedes,Aedes_lineatopennis,female,Train
trays/5078/specimens/5078_2/front.jpg,5078_2,front,9,aedes,Aedes_mcintoshi,female,Train
trays/678/specimens/8129/front.jpg,8129,front,29,culex,Culex_salinarius,female,Train
trays/1221/specimens/14643/back.jpg,14643,back,10,aedes,Aedes_melanimon,female,Train
trays/3572/specimens/42810/back.jpg,42810,back,16,anopheles,Anopheles_crucians_sl,female,Train
trays/1060/specimens/12715/back.jpg,12715,back,17,anopheles,Anopheles_freeborni,female,Train
trays/6390/specimens/agamotto-idt1-beta30_1211/back.jpg,agamotto-idt1-beta30_1211,back,7,aedes,Aedes_koreicus,female,Train
trays/4170/specimens/49947/front.jpg,49947,front,18,anopheles,Anopheles_funestus_s.l,female,Train
trays/4725/specimens/4725_7/front.jpg,4725_7,front,15,anopheles,Anopheles_coustani,female,Train
trays/3260/specimens/39063/front.jpg,39063,front,28,culex,Culex_restuans,female,Train
trays/2931/specimens/35160/back.jpg,35160,back,14,aedes,Aedes_vexans,female,Train
trays/4680/specimens/4680_11/back.jpg,4680_11,back,9,aedes,Aedes_mcintoshi,female,Train
trays/1187/specimens/14241/back.jpg,14241,back,25,culex,Culex_nigripalpus,female,Train
trays/7280/specimens/agamotto-idt1-beta30_3404/back.jpg,agamotto-idt1-beta30_3404,back,26,culex,Culex_orientalis,female,Train
trays/4742/specimens/4742_9/front.jpg,4742_9,front,15,anopheles,Anopheles_coustani_s.l,female,Train
trays/5861/specimens/5861_7/front.jpg,5861_7,front,24,culex,Culex_bitaeniorhynchus,female,Train
trays/4500/specimens/4500_9/back.jpg,4500_9,back,27,culex,Culex_quinquefasciatus,female,Train
trays/407/specimens/4884/back.jpg,4884,back,10,aedes,Aedes_melanimon,female,Train
trays/3033/specimens/36370/front.jpg,36370,front,3,aedes,Aedes_canadensis,female,Train
trays/530/specimens/6349/back.jpg,6349,back,6,aedes,Aedes_japonicus,female,Train
trays/3769/specimens/45178/back.jpg,45178,back,16,anopheles,Anopheles_crucians_sl,female,Train
trays/1096/specimens/13142/back.jpg,13142,back,10,aedes,Aedes_melanimon,female,Train
trays/680/specimens/8158/front.jpg,8158,front,29,culex,Culex_salinarius,female,Train
trays/1146/specimens/13748/front.jpg,13748,front,10,aedes,Aedes_melanimon,female,Train
trays/6116/specimens/agamotto-idt1-beta03_3/back.jpg,agamotto-idt1-beta03_3,back,11,aedes,Aedes_sierrensis,female,Train
trays/4223/specimens/50584/back.jpg,50584,back,13,aedes,Aedes_triseriatus,female,Train
trays/10328/specimens/agamotto-idt1-beta49_719/front.jpg,agamotto-idt1-beta49_719,front,1,aedes,Aedes_albopictus,,Train
trays/3234/specimens/38750/front.jpg,38750,front,30,culex,Culex_tarsalis,female,Train
trays/2928/specimens/35121/front.jpg,35121,front,14,aedes,Aedes_vexans,female,Train
trays/1330/specimens/15952/back.jpg,15952,back,10,aedes,Aedes_melanimon,female,Train
trays/3235/specimens/38769/front.jpg,38769,front,30,culex,Culex_tarsalis,female,Train
trays/2840/specimens/34068/front.jpg,34068,front,25,culex,Culex_nigripalpus,female,Train
trays/1144/specimens/13717/front.jpg,13717,front,17,anopheles,Anopheles_freeborni,female,Train
trays/4201/specimens/50325/front.jpg,50325,front,29,culex,Culex_salinarius,female,Train
trays/6400/specimens/agamotto-idt1-beta30_1321/front.jpg,agamotto-idt1-beta30_1321,front,7,aedes,Aedes_koreicus,female,Train
trays/4173/specimens/49986/back.jpg,49986,back,18,anopheles,Anopheles_funestus_s.l,female,Train
trays/5854/specimens/5854_5/back.jpg,5854_5,back,24,culex,Culex_bitaeniorhynchus,female,Train
trays/1161/specimens/13924/front.jpg,13924,front,16,anopheles,Anopheles_crucians,female,Train
trays/4344/specimens/4344_10/front.jpg,4344_10,front,15,anopheles,Anopheles_coustani,female,Train
trays/477/specimens/5719/front.jpg,5719,front,12,aedes,Aedes_taeniorhynchus,female,Train
trays/1208/specimens/14489/front.jpg,14489,front,10,aedes,Aedes_melanimon,female,Train
trays/8066/specimens/agamotto-idt1-beta24_401/back.jpg,agamotto-idt1-beta24_401,back,4,aedes,Aedes_communis,male,Train
trays/4304/specimens/4304_10/front.jpg,4304_10,front,0,aedes,Aedes_aegypti,female,Train
trays/3959/specimens/47447/front.jpg,47447,front,18,anopheles,Anopheles_funestus_sl,female,Train
trays/25395/specimens/agamotto-idt1-beta13_206/back.jpg,agamotto-idt1-beta13_206,back,0,aedes,Aedes_aegypti,female,Train
trays/7284/specimens/agamotto-idt1-beta30_3453/front.jpg,agamotto-idt1-beta30_3453,front,26,culex,Culex_orientalis,female,Train
trays/15659/specimens/agamotto-idt1-beta22_4441/back.jpg,agamotto-idt1-beta22_4441,back,0,aedes,Aedes_aegypti,male,Train
trays/6410/specimens/agamotto-idt1-beta30_1451/front.jpg,agamotto-idt1-beta30_1451,front,7,aedes,Aedes_koreicus,female,Train
trays/2931/specimens/35160/front.jpg,35160,front,14,aedes,Aedes_vexans,female,Train
trays/3566/specimens/42735/back.jpg,42735,back,21,anopheles,Anopheles_punctipennis,female,Train
trays/1166/specimens/13987/back.jpg,13987,back,16,anopheles,Anopheles_crucians,female,Train
trays/6443/specimens/agamotto-idt1-beta30_1845/front.jpg,agamotto-idt1-beta30_1845,front,7,aedes,Aedes_koreicus,female,Train
trays/6130/specimens/agamotto-idt1-beta03_145/front.jpg,agamotto-idt1-beta03_145,front,11,aedes,Aedes_sierrensis,female,Train
trays/1254/specimens/15046/front.jpg,15046,front,2,aedes,Aedes_atlanticus,female,Train
trays/11058/specimens/agamotto-idt1-beta28_2605/front.jpg,agamotto-idt1-beta28_2605,front,17,anopheles,Anopheles_freeborni,female,Train
trays/8233/specimens/agamotto-idt1-beta24_693/back.jpg,agamotto-idt1-beta24_693,back,4,aedes,Aedes_communis,female,Train
trays/4304/specimens/4304_10/back.jpg,4304_10,back,0,aedes,Aedes_aegypti,female,Valid
trays/4505/specimens/4505_8/back.jpg,4505_8,back,27,culex,Culex_quinquefasciatus,male,Train
trays/4745/specimens/4745_10/back.jpg,4745_10,back,20,anopheles,Anopheles_pharoensis,female,Train
trays/7124/specimens/agamotto-idt1-beta15_2764/front.jpg,agamotto-idt1-beta15_2764,front,9,aedes,Aedes_mcintoshi,female,Train
trays/1431/specimens/17169/back.jpg,17169,back,10,aedes,Aedes_melanimon,female,Train
trays/4741/specimens/4741_7/back.jpg,4741_7,back,15,anopheles,Anopheles_coustani_s.l,female,Train
trays/681/specimens/8172/front.jpg,8172,front,29,culex,Culex_salinarius,female,Train
trays/3784/specimens/45353/back.jpg,45353,back,22,anopheles,Anopheles_quadrimaculatus,female,Train
trays/1221/specimens/14644/front.jpg,14644,front,10,aedes,Aedes_melanimon,female,Train
trays/3228/specimens/38683/back.jpg,38683,back,30,culex,Culex_tarsalis,female,Train
trays/5858/specimens/5858_5/front.jpg,5858_5,front,24,culex,Culex_bitaeniorhynchus,female,Train
trays/1410/specimens/16910/front.jpg,16910,front,6,aedes,Aedes_japonicus,female,Train
trays/550/specimens/6595/back.jpg,6595,back,25,culex,Culex_nigripalpus,male,Train
trays/1202/specimens/14417/back.jpg,14417,back,10,aedes,Aedes_melanimon,female,Train
trays/8164/specimens/agamotto-idt1-beta24_561/back.jpg,agamotto-idt1-beta24_561,back,4,aedes,Aedes_communis,male,Train
trays/6426/specimens/agamotto-idt1-beta30_1640/back.jpg,agamotto-idt1-beta30_1640,back,7,aedes,Aedes_koreicus,female,Train
trays/3576/specimens/42859/front.jpg,42859,front,28,culex,Culex_restuans,female,Train
trays/4681/specimens/4681_3/back.jpg,4681_3,back,9,aedes,Aedes_mcintoshi,female,Train
trays/4707/specimens/4707_0/front.jpg,4707_0,front,20,anopheles,Anopheles_pharoensis,female,Train
trays/7277/specimens/agamotto-idt1-beta30_3370/front.jpg,agamotto-idt1-beta30_3370,front,26,culex,Culex_orientalis,female,Train
trays/2798/specimens/33554/back.jpg,33554,back,5,aedes,Aedes_dorsalis,female,Train
trays/2867/specimens/34386/back.jpg,34386,back,14,aedes,Aedes_vexans,female,Train
trays/1163/specimens/13950/back.jpg,13950,back,16,anopheles,Anopheles_crucians,female,Train
trays/3108/specimens/37249/back.jpg,37249,back,19,anopheles,Anopheles_gambiae_cdc-g3,female,Train
trays/3496/specimens/41897/front.jpg,41897,front,27,culex,Culex_quinqufasciatus_bamako,female,Train
trays/3051/specimens/36580/back.jpg,36580,back,23,anopheles,Anopheles_stephensi,female,Train
trays/1334/specimens/15999/front.jpg,15999,front,10,aedes,Aedes_melanimon,female,Train
trays/1254/specimens/15042/back.jpg,15042,back,2,aedes,Aedes_atlanticus,female,Train
trays/23983/specimens/agamotto-idt1-beta41_3736/back.jpg,agamotto-idt1-beta41_3736,back,0,aedes,Aedes_aegypti,male,Train
trays/3782/specimens/45329/front.jpg,45329,front,22,anopheles,Anopheles_quadrimaculatus,female,Train
trays/3033/specimens/36365/front.jpg,36365,front,3,aedes,Aedes_canadensis,female,Train
trays/7278/specimens/agamotto-idt1-beta30_3375/back.jpg,agamotto-idt1-beta30_3375,back,26,culex,Culex_orientalis,female,Train
trays/5860/specimens/5860_6/front.jpg,5860_6,front,24,culex,Culex_bitaeniorhynchus,female,Train
trays/1061/specimens/12722/front.jpg,12722,front,10,aedes,Aedes_melanimon,female,Train
trays/7274/specimens/agamotto-idt1-beta30_3334/front.jpg,agamotto-idt1-beta30_3334,front,26,culex,Culex_orientalis,female,Train
trays/10440/specimens/agamotto-idt1-beta49_859/front.jpg,agamotto-idt1-beta49_859,front,6,aedes,Aedes_japonicus,female,Train
trays/531/specimens/6368/back.jpg,6368,back,6,aedes,Aedes_japonicus,female,Train
trays/1256/specimens/15061/back.jpg,15061,back,2,aedes,Aedes_atlanticus,female,Train
trays/23370/specimens/agamotto-idt1-beta59_1739/front.jpg,agamotto-idt1-beta59_1739,front,1,aedes,Aedes_albopictus,,Train
trays/5727/specimens/5727_6/front.jpg,5727_6,front,8,aedes,Aedes_lineatopennis,female,Train
trays/11047/specimens/agamotto-idt1-beta28_2476/front.jpg,agamotto-idt1-beta28_2476,front,17,anopheles,Anopheles_freeborni,female,Train
trays/3399/specimens/40737/back.jpg,40737,back,18,anopheles,Anopheles_funestus_fumoz,male,Train
trays/5910/specimens/5910_11/back.jpg,5910_11,back,31,culex,Culex_tritaeniorhynchus,female,Train
trays/523/specimens/6266/front.jpg,6266,front,12,aedes,Aedes_taeniorhynchus,female,Train
trays/1283/specimens/15385/back.jpg,15385,back,6,aedes,Aedes_japonicus,female,Train
trays/7810/specimens/agamotto-idt1-beta30_7572/back.jpg,agamotto-idt1-beta30_7572,back,14,aedes,Aedes_vexans,male,Train
trays/675/specimens/8099/back.jpg,8099,back,29,culex,Culex_salinarius,female,Train
trays/676/specimens/8103/back.jpg,8103,back,28,culex,Culex_restuans,female,Train
trays/560/specimens/6713/front.jpg,6713,front,0,aedes,Aedes_aegypti,female,Train
trays/1060/specimens/12711/back.jpg,12711,back,17,anopheles,Anopheles_freeborni,female,Train
trays/1257/specimens/15082/back.jpg,15082,back,2,aedes,Aedes_atlanticus,female,Train
trays/6769/specimens/agamotto-idt1-beta15_1048/front.jpg,agamotto-idt1-beta15_1048,front,19,anopheles,Anopheles_arabiensis,female,Train
trays/532/specimens/6379/back.jpg,6379,back,6,aedes,Aedes_japonicus,female,Train
trays/3048/specimens/36544/front.jpg,36544,front,23,anopheles,Anopheles_stephensi,female,Train
trays/1267/specimens/15198/front.jpg,15198,front,2,aedes,Aedes_atlanticus,female,Train
trays/2703/specimens/32416/back.jpg,32416,back,22,anopheles,Anopheles_quadrimaculatus_sl,female,Train
trays/1189/specimens/14267/back.jpg,14267,back,25,culex,Culex_nigripalpus,female,Train
trays/3274/specimens/39235/front.jpg,39235,front,27,culex,Culex_pipiens_sl,female,Train
trays/526/specimens/6308/front.jpg,6308,front,21,anopheles,Anopheles_punctipennis,female,Train
trays/3834/specimens/45956/back.jpg,45956,back,28,culex,Culex_restuans,female,Train
trays/5078/specimens/5078_5/back.jpg,5078_5,back,9,aedes,Aedes_mcintoshi,female,Train
trays/2417/specimens/28981/back.jpg,28981,back,17,anopheles,Anopheles_freeborni,female,Train
trays/3323/specimens/39827/back.jpg,39827,back,14,aedes,Aedes_vexans,female,Train
trays/522/specimens/6258/front.jpg,6258,front,12,aedes,Aedes_taeniorhynchus,female,Train
trays/5899/specimens/5899_11/front.jpg,5899_11,front,31,culex,Culex_tritaeniorhynchus,female,Train
trays/1060/specimens/12715/front.jpg,12715,front,17,anopheles,Anopheles_freeborni,female,Train
trays/2947/specimens/35351/front.jpg,35351,front,14,aedes,Aedes_vexans,female,Train
trays/6128/specimens/agamotto-idt1-beta03_132/back.jpg,agamotto-idt1-beta03_132,back,11,aedes,Aedes_sierrensis,female,Train
trays/1226/specimens/14705/back.jpg,14705,back,10,aedes,Aedes_melanimon,female,Train
trays/4948/specimens/4948_8/front.jpg,4948_8,front,31,culicidae,culex,0,Train
trays/3030/specimens/36332/front.jpg,36332,front,3,aedes,Aedes_canadensis,female,Train
trays/4170/specimens/49954/back.jpg,49954,back,18,anopheles,Anopheles_funestus_s.l,female,Train
trays/3958/specimens/47434/front.jpg,47434,front,15,anopheles,Anopheles_coustani,female,Train
trays/556/specimens/6664/back.jpg,6664,back,25,culex,Culex_nigripalpus,male,Train
trays/3052/specimens/36598/back.jpg,36598,back,23,anopheles,Anopheles_stephensi,female,Train
trays/4361/specimens/4361_1/back.jpg,4361_1,back,14,aedes,Aedes_vexans,female,Train
trays/7277/specimens/agamotto-idt1-beta30_3366/back.jpg,agamotto-idt1-beta30_3366,back,26,culex,Culex_orientalis,female,Train
trays/3587/specimens/42989/front.jpg,42989,front,28,culex,Culex_restuans,female,Train
trays/7296/specimens/agamotto-idt1-beta30_3598/back.jpg,agamotto-idt1-beta30_3598,back,26,culex,Culex_orientalis,female,Train
trays/10421/specimens/agamotto-idt1-beta15_4849/back.jpg,agamotto-idt1-beta15_4849,back,15,anopheles,Anopheles_coustani_s.l,female,Train
trays/1251/specimens/15011/front.jpg,15011,front,2,aedes,Aedes_atlanticus,female,Train
trays/410/specimens/4913/back.jpg,4913,back,10,aedes,Aedes_melanimon,female,Train
trays/3434/specimens/41150/back.jpg,41150,back,19,anopheles,Anopheles_gambiae_cdcg3,female,Train
trays/532/specimens/6378/back.jpg,6378,back,6,aedes,Aedes_japonicus,female,Train
trays/3793/specimens/45464/back.jpg,45464,back,13,aedes,Aedes_triseriatus,female,Train
trays/1249/specimens/14979/back.jpg,14979,back,2,aedes,Aedes_atlanticus,female,Train
trays/26229/specimens/agamotto-idt1-beta05_25131/front.jpg,agamotto-idt1-beta05_25131,front,0,aedes,Aedes_aegypti,,Train
trays/680/specimens/8160/back.jpg,8160,back,29,culex,Culex_salinarius,female,Train
trays/1251/specimens/15005/front.jpg,15005,front,2,aedes,Aedes_atlanticus,female,Train
trays/22205/specimens/agamotto-idt1-beta22_7492/front.jpg,agamotto-idt1-beta22_7492,front,0,aedes,Aedes_aegypti,,Train
trays/24745/specimens/agamotto-idt1-beta42_4265/front.jpg,agamotto-idt1-beta42_4265,front,0,aedes,Aedes_aegypti,female,Train
trays/5860/specimens/5860_6/back.jpg,5860_6,back,24,culex,Culex_bitaeniorhynchus,female,Train
trays/3053/specimens/36601/back.jpg,36601,back,23,anopheles,Anopheles_stephensi,female,Train
trays/4712/specimens/4712_2/back.jpg,4712_2,back,20,anopheles,Anopheles_pharoensis,female,Train
trays/3855/specimens/46190/front.jpg,46190,front,6,aedes,Aedes_japonicus,female,Train
trays/5725/specimens/5725_5/front.jpg,5725_5,front,8,aedes,Aedes_lineatopennis,female,Train
trays/8199/specimens/agamotto-idt1-beta24_645/front.jpg,agamotto-idt1-beta24_645,front,4,aedes,Aedes_communis,female,Train
trays/522/specimens/6263/front.jpg,6263,front,12,aedes,Aedes_taeniorhynchus,female,Train
trays/3060/specimens/36687/front.jpg,36687,front,23,anopheles,Anopheles_stephensi,male,Train
trays/1296/specimens/15545/back.jpg,15545,back,13,aedes,Aedes_triseriatus,female,Train
trays/676/specimens/8101/back.jpg,8101,back,29,culex,Culex_salinarius,female,Train
trays/524/specimens/6282/back.jpg,6282,back,21,anopheles,Anopheles_punctipennis,female,Train
trays/4353/specimens/4353_7/front.jpg,4353_7,front,20,anopheles,Anopheles_pharoensis,female,Train
trays/14176/specimens/agamotto-idt1-beta84_134/front.jpg,agamotto-idt1-beta84_134,front,1,aedes,Aedes_albopictus,,Train
trays/4192/specimens/50219/front.jpg,50219,front,18,anopheles,Anopheles_funestus,female,Train
trays/3034/specimens/36381/front.jpg,36381,front,3,aedes,Aedes_canadensis,female,Train
trays/3231/specimens/38724/front.jpg,38724,front,30,culex,Culex_tarsalis,female,Train
trays/3807/specimens/45634/front.jpg,45634,front,21,anopheles,Anopheles_punctipennis,female,Train
trays/26081/specimens/agamotto-idt1-beta13_908/front.jpg,agamotto-idt1-beta13_908,front,0,aedes,Aedes_aegypti,,Train
trays/4361/specimens/4361_11/back.jpg,4361_11,back,14,aedes,Aedes_vexans,female,Train
trays/526/specimens/6311/back.jpg,6311,back,21,anopheles,Anopheles_punctipennis,female,Train
trays/554/specimens/6644/front.jpg,6644,front,25,culex,Culex_nigripalpus,female,Train
trays/3228/specimens/38687/back.jpg,38687,back,30,culex,Culex_tarsalis,female,Train
trays/4513/specimens/4513_1/back.jpg,4513_1,back,27,culex,Culex_quinquefasciatus,male,Train
trays/8249/specimens/agamotto-idt1-beta28_412/back.jpg,agamotto-idt1-beta28_412,back,27,culex,Culex_quinquefasciatus,female,Train
trays/2150/specimens/25794/front.jpg,25794,front,13,aedes,Aedes_triseriatus,female,Train
trays/6411/specimens/agamotto-idt1-beta30_1454/front.jpg,agamotto-idt1-beta30_1454,front,7,aedes,Aedes_koreicus,female,Train
trays/5851/specimens/5851_10/front.jpg,5851_10,front,24,culex,Culex_bitaeniorhynchus,female,Train
trays/1266/specimens/15191/back.jpg,15191,back,2,aedes,Aedes_atlanticus,female,Train
trays/3274/specimens/39235/back.jpg,39235,back,27,culex,Culex_pipiens_sl,female,Train
trays/5849/specimens/5849_5/back.jpg,5849_5,back,24,culex,Culex_bitaeniorhynchus,female,Train
trays/1146/specimens/13746/front.jpg,13746,front,10,aedes,Aedes_melanimon,female,Train
trays/1265/specimens/15176/back.jpg,15176,back,2,aedes,Aedes_atlanticus,female,Train
trays/3769/specimens/45170/back.jpg,45170,back,16,anopheles,Anopheles_crucians_sl,female,Train
trays/3113/specimens/37317/front.jpg,37317,front,19,anopheles,Anopheles_gambiae_cdc-g3,female,Train
trays/6396/specimens/agamotto-idt1-beta30_1277/back.jpg,agamotto-idt1-beta30_1277,back,7,aedes,Aedes_koreicus,female,Train
trays/9140/specimens/agamotto-idt1-beta28_1280/front.jpg,agamotto-idt1-beta28_1280,front,1,aedes,Aedes_albopictus,female,Train
trays/6406/specimens/agamotto-idt1-beta30_1396/back.jpg,agamotto-idt1-beta30_1396,back,7,aedes,Aedes_koreicus,female,Train
trays/2688/specimens/32238/front.jpg,32238,front,25,culex,Culex_nigripalpus,female,Train
trays/4706/specimens/4706_4/back.jpg,4706_4,back,20,anopheles,Anopheles_pharoensis,female,Train
trays/5922/specimens/5922_11/back.jpg,5922_11,back,31,culex,Culex_tritaeniorhynchus,female,Train
trays/4253/specimens/50942/back.jpg,50942,back,21,anopheles,Anopheles_punctipennis,female,Train
trays/526/specimens/6303/back.jpg,6303,back,21,anopheles,Anopheles_punctipennis,female,Train
trays/6396/specimens/agamotto-idt1-beta30_1273/front.jpg,agamotto-idt1-beta30_1273,front,7,aedes,Aedes_koreicus,female,Train
trays/5105/specimens/5105_3/back.jpg,5105_3,back,15,anopheles,Anopheles_coustani_s.l,female,Train
trays/8199/specimens/agamotto-idt1-beta24_647/back.jpg,agamotto-idt1-beta24_647,back,4,aedes,Aedes_communis,female,Train
trays/4743/specimens/4743_10/front.jpg,4743_10,front,20,anopheles,Anopheles_pharoensis,female,Train
trays/486/specimens/5825/back.jpg,5825,back,29,culex,Culex_salinarius,female,Train
trays/3053/specimens/36601/front.jpg,36601,front,23,anopheles,Anopheles_stephensi,female,Train
trays/4527/specimens/4527_4/front.jpg,4527_4,front,16,anopheles,Anopheles_crucians_sl,female,Train
trays/26024/specimens/agamotto-idt1-beta13_628/front.jpg,agamotto-idt1-beta13_628,front,0,aedes,Aedes_aegypti,female,Train
trays/3769/specimens/45179/back.jpg,45179,back,16,anopheles,Anopheles_crucians_sl,female,Train
trays/1163/specimens/13951/front.jpg,13951,front,16,anopheles,Anopheles_crucians,female,Train
trays/530/specimens/6360/front.jpg,6360,front,6,aedes,Aedes_japonicus,female,Train
trays/5917/specimens/5917_6/front.jpg,5917_6,front,31,culex,Culex_tritaeniorhynchus,female,Train
trays/1299/specimens/15578/front.jpg,15578,front,13,aedes,Aedes_triseriatus,female,Train
trays/6487/specimens/agamotto-idt1-beta30_1968/back.jpg,agamotto-idt1-beta30_1968,back,7,aedes,Aedes_koreicus,female,Train
trays/6129/specimens/agamotto-idt1-beta03_140/front.jpg,agamotto-idt1-beta03_140,front,11,aedes,Aedes_sierrensis,female,Train
trays/5076/specimens/5076_4/front.jpg,5076_4,front,9,aedes,Aedes_mcintoshi,female,Train
trays/7296/specimens/agamotto-idt1-beta30_3600/front.jpg,agamotto-idt1-beta30_3600,front,26,culex,Culex_orientalis,female,Train
trays/5727/specimens/5727_4/front.jpg,5727_4,front,8,aedes,Aedes_lineatopennis,female,Train
trays/4680/specimens/4680_6/back.jpg,4680_6,back,9,aedes,Aedes_mcintoshi,female,Train
trays/2950/specimens/35387/front.jpg,35387,front,14,aedes,Aedes_vexans,female,Train
trays/7278/specimens/agamotto-idt1-beta30_3380/front.jpg,agamotto-idt1-beta30_3380,front,26,culex,Culex_orientalis,female,Train
trays/1262/specimens/15136/back.jpg,15136,back,2,aedes,Aedes_atlanticus,female,Train
trays/1162/specimens/13933/back.jpg,13933,back,16,anopheles,Anopheles_crucians,female,Train
trays/9254/specimens/agamotto-idt1-beta24_1856/back.jpg,agamotto-idt1-beta24_1856,back,2,aedes,Aedes_atlanticus,male,Train
trays/20481/specimens/agamotto-idt1-beta66_15958/front.jpg,agamotto-idt1-beta66_15958,front,1,aedes,Aedes_albopictus,female,Train
trays/2210/specimens/26509/front.jpg,26509,front,17,anopheles,Anopheles_freeborni,female,Train
trays/4156/specimens/49778/back.jpg,49778,back,18,anopheles,Anopheles_funestus,female,Train
trays/5724/specimens/5724_11/front.jpg,5724_11,front,8,aedes,Aedes_lineatopennis,female,Train
trays/4703/specimens/4703_0/back.jpg,4703_0,back,20,anopheles,Anopheles_pharoensis,female,Train
trays/1411/specimens/16921/back.jpg,16921,back,12,aedes,Aedes_taeniorhynchus,female,Train
trays/4193/specimens/50225/front.jpg,50225,front,15,anopheles,Anopheles_coustani,female,Train
trays/529/specimens/6339/back.jpg,6339,back,6,aedes,Aedes_japonicus,female,Train
trays/1166/specimens/13985/front.jpg,13985,front,16,anopheles,Anopheles_crucians,female,Train
trays/6426/specimens/agamotto-idt1-beta30_1640/front.jpg,agamotto-idt1-beta30_1640,front,7,aedes,Aedes_koreicus,female,Train
trays/3459/specimens/41457/front.jpg,41457,front,14,aedes,Aedes_vexans,female,Train
trays/3280/specimens/39311/back.jpg,39311,back,11,aedes,Aedes_sierrensis,male,Train
trays/5864/specimens/5864_7/front.jpg,5864_7,front,24,culex,Culex_bitaeniorhynchus,female,Train
trays/20481/specimens/agamotto-idt1-beta66_15954/front.jpg,agamotto-idt1-beta66_15954,front,1,aedes,Aedes_albopictus,female,Train
trays/3281/specimens/39316/back.jpg,39316,back,11,aedes,Aedes_sierrensis,male,Train
trays/4680/specimens/4680_5/front.jpg,4680_5,front,9,aedes,Aedes_mcintoshi,female,Train
trays/1189/specimens/14261/back.jpg,14261,back,25,culex,Culex_nigripalpus,female,Train
trays/3586/specimens/42974/front.jpg,42974,front,28,culex,Culex_restuans,female,Train
trays/23722/specimens/agamotto-idt1-beta66_22400/front.jpg,agamotto-idt1-beta66_22400,front,6,aedes,Aedes_japonicus,female,Train
trays/10688/specimens/agamotto-idt1-beta24_2428/back.jpg,agamotto-idt1-beta24_2428,back,29,culex,Culex_salinarius,female,Train
trays/5079/specimens/5079_7/back.jpg,5079_7,back,9,aedes,Aedes_mcintoshi,female,Train
trays/524/specimens/6283/back.jpg,6283,back,21,anopheles,Anopheles_punctipennis,female,Train
trays/11320/specimens/agamotto-idt1-beta66_4294/back.jpg,agamotto-idt1-beta66_4294,back,27,culex,Culex_pipiens_sl,female,Train
trays/3031/specimens/36343/front.jpg,36343,front,3,aedes,Aedes_canadensis,female,Train
trays/1161/specimens/13930/back.jpg,13930,back,16,anopheles,Anopheles_crucians,female,Train
trays/576/specimens/6901/back.jpg,6901,back,3,aedes,Aedes_canadensis,female,Train
trays/2419/specimens/29011/back.jpg,29011,back,17,anopheles,Anopheles_freeborni,female,Train
trays/577/specimens/6915/back.jpg,6915,back,3,aedes,Aedes_canadensis,female,Train
trays/5725/specimens/5725_6/front.jpg,5725_6,front,8,aedes,Aedes_lineatopennis,female,Train
trays/4725/specimens/4725_11/front.jpg,4725_11,front,15,anopheles,Anopheles_coustani,female,Train
trays/17414/specimens/agamotto-idt1-beta02_3391/back.jpg,agamotto-idt1-beta02_3391,back,1,aedes,Aedes_albopictus,female,Train
trays/3894/specimens/46663/back.jpg,46663,back,0,aedes,Aedes_aegypti,female,Train
trays/3115/specimens/37333/front.jpg,37333,front,19,anopheles,Anopheles_gambiae_cdc-g3,male,Train
trays/4730/specimens/4730_4/front.jpg,4730_4,front,15,anopheles,Anopheles_coustani,female,Train
trays/2704/specimens/32428/front.jpg,32428,front,22,anopheles,Anopheles_quadrimaculatus_sl,female,Train
trays/5080/specimens/5080_1/back.jpg,5080_1,back,9,aedes,Aedes_mcintoshi,female,Train
trays/7798/specimens/agamotto-idt1-beta30_7428/front.jpg,agamotto-idt1-beta30_7428,front,7,aedes,Aedes_koreicus,male,Train
trays/5076/specimens/5076_7/back.jpg,5076_7,back,9,aedes,Aedes_mcintoshi,female,Train
trays/5730/specimens/5730_0/back.jpg,5730_0,back,8,aedes,Aedes_lineatopennis,female,Train
trays/2878/specimens/34517/front.jpg,34517,front,5,aedes,Aedes_dorsalis,female,Train
trays/7278/specimens/agamotto-idt1-beta30_3384/back.jpg,agamotto-idt1-beta30_3384,back,26,culex,Culex_orientalis,female,Train
trays/4167/specimens/49914/back.jpg,49914,back,18,anopheles,Anopheles_funestus_s.l,female,Train
trays/3032/specimens/36351/front.jpg,36351,front,3,aedes,Aedes_canadensis,female,Train
trays/1163/specimens/13951/back.jpg,13951,back,16,anopheles,Anopheles_crucians,female,Train
trays/3919/specimens/46957/back.jpg,46957,back,18,anopheles,Anopheles_funestus_s.l,female,Train
trays/1095/specimens/13136/front.jpg,13136,front,10,aedes,Aedes_melanimon,female,Train
trays/3399/specimens/40730/front.jpg,40730,front,18,anopheles,Anopheles_funestus_fumoz,male,Train
trays/482/specimens/5779/front.jpg,5779,front,29,culex,Culex_salinarius,female,Train
trays/3237/specimens/38790/front.jpg,38790,front,30,culex,Culex_tarsalis,female,Train
trays/5730/specimens/5730_11/back.jpg,5730_11,back,8,aedes,Aedes_lineatopennis,female,Train
trays/2417/specimens/28985/back.jpg,28985,back,17,anopheles,Anopheles_freeborni,female,Train
trays/3501/specimens/41962/front.jpg,41962,front,27,culex,Culex_quinqufasciatus_bamako,male,Train
trays/6406/specimens/agamotto-idt1-beta30_1404/front.jpg,agamotto-idt1-beta30_1404,front,7,aedes,Aedes_koreicus,female,Train
trays/4706/specimens/4706_0/front.jpg,4706_0,front,20,anopheles,Anopheles_pharoensis,female,Train
trays/413/specimens/4955/back.jpg,4955,back,10,aedes,Aedes_melanimon,female,Train
trays/3036/specimens/36407/back.jpg,36407,back,16,anopheles,Anopheles_crucians_sl,female,Train
trays/2702/specimens/32401/back.jpg,32401,back,22,anopheles,Anopheles_quadrimaculatus_sl,female,Train
trays/6120/specimens/agamotto-idt1-beta03_41/front.jpg,agamotto-idt1-beta03_41,front,11,aedes,Aedes_sierrensis,male,Train
trays/507/specimens/6081/front.jpg,6081,front,5,aedes,Aedes_dorsalis,female,Train
trays/1184/specimens/14202/front.jpg,14202,front,12,aedes,Aedes_taeniorhynchus,female,Train
trays/523/specimens/6270/front.jpg,6270,front,12,aedes,Aedes_taeniorhynchus,female,Train
trays/26036/specimens/agamotto-idt1-beta13_751/back.jpg,agamotto-idt1-beta13_751,back,0,aedes,Aedes_aegypti,male,Train
trays/4971/specimens/4971_0/front.jpg,4971_0,front,28,culex,Culex_resutans,female,Train
trays/3580/specimens/42908/front.jpg,42908,front,28,culex,Culex_restuans,male,Train
trays/3770/specimens/45189/back.jpg,45189,back,16,anopheles,Anopheles_crucians_sl,female,Train
trays/3060/specimens/36687/back.jpg,36687,back,23,anopheles,Anopheles_stephensi,male,Train
trays/4741/specimens/4741_11/back.jpg,4741_11,back,15,anopheles,Anopheles_coustani_s.l,female,Train
trays/3062/specimens/36713/back.jpg,36713,back,23,anopheles,Anopheles_stephensi,male,Train
trays/680/specimens/8153/front.jpg,8153,front,29,culex,Culex_salinarius,female,Train
trays/5730/specimens/5730_3/front.jpg,5730_3,front,8,aedes,Aedes_lineatopennis,female,Train
trays/8067/specimens/agamotto-idt1-beta24_418/front.jpg,agamotto-idt1-beta24_418,front,4,aedes,Aedes_communis,male,Train
trays/16235/specimens/agamotto-idt1-beta42_1141/back.jpg,agamotto-idt1-beta42_1141,back,0,aedes,Aedes_aegypti,female,Train
trays/8163/specimens/agamotto-idt1-beta24_552/front.jpg,agamotto-idt1-beta24_552,front,4,aedes,Aedes_communis,female,Train
trays/2153/specimens/25834/front.jpg,25834,front,16,anopheles,Anopheles_crucians_sl,male,Train
trays/5852/specimens/5852_8/front.jpg,5852_8,front,24,culex,Culex_bitaeniorhynchus,female,Train
trays/21092/specimens/agamotto-idt1-beta102_5752/back.jpg,agamotto-idt1-beta102_5752,back,1,aedes,Aedes_albopictus,,Train
trays/3273/specimens/39225/front.jpg,39225,front,27,culex,Culex_pipiens_sl,female,Train
trays/3032/specimens/36353/back.jpg,36353,back,3,aedes,Aedes_canadensis,female,Train
trays/2154/specimens/25848/front.jpg,25848,front,22,anopheles,Anopheles_quadrimaculatus,male,Train
trays/4357/specimens/4357_3/back.jpg,4357_3,back,15,anopheles,Anopheles_coustani,female,Train
trays/3233/specimens/38746/back.jpg,38746,back,30,culex,Culex_tarsalis,female,Train
trays/1351/specimens/16202/front.jpg,16202,front,28,culex,Culex_restuans,female,Train
trays/3583/specimens/42945/back.jpg,42945,back,28,culex,Culex_restuans,male,Train
trays/8065/specimens/agamotto-idt1-beta24_389/back.jpg,agamotto-idt1-beta24_389,back,4,aedes,Aedes_communis,male,Train
trays/5855/specimens/5855_6/front.jpg,5855_6,front,24,culex,Culex_bitaeniorhynchus,female,Train
trays/7284/specimens/agamotto-idt1-beta30_3453/back.jpg,agamotto-idt1-beta30_3453,back,26,culex,Culex_orientalis,female,Train
trays/6112/specimens/agamotto-idt1-beta15_34/back.jpg,agamotto-idt1-beta15_34,back,9,aedes,Aedes_mcintoshi,female,Train
trays/531/specimens/6363/back.jpg,6363,back,6,aedes,Aedes_japonicus,female,Train
trays/9237/specimens/agamotto-idt1-beta34_325/front.jpg,agamotto-idt1-beta34_325,front,11,aedes,Aedes_sierrensis,female,Train
trays/8162/specimens/agamotto-idt1-beta24_536/back.jpg,agamotto-idt1-beta24_536,back,4,aedes,Aedes_communis,male,Train
trays/2922/specimens/35047/front.jpg,35047,front,5,aedes,Aedes_dorsalis,female,Train
trays/3103/specimens/37198/back.jpg,37198,back,0,aedes,Aedes_aegypti,male,Train
trays/5854/specimens/5854_6/front.jpg,5854_6,front,24,culex,Culex_bitaeniorhynchus,female,Train
trays/15848/specimens/agamotto-idt1-beta02_2028/front.jpg,agamotto-idt1-beta02_2028,front,1,aedes,Aedes_albopictus,female,Train
trays/1468/specimens/17611/front.jpg,17611,front,25,culex,Culex_nigripalpus,female,Train
trays/5078/specimens/5078_3/back.jpg,5078_3,back,9,aedes,Aedes_mcintoshi,female,Train
trays/5729/specimens/5729_7/front.jpg,5729_7,front,8,aedes,Aedes_lineatopennis,female,Train
trays/5868/specimens/5868_10/back.jpg,5868_10,back,24,culex,Culex_bitaeniorhynchus,female,Train
trays/5727/specimens/5727_8/back.jpg,5727_8,back,8,aedes,Aedes_lineatopennis,female,Train
trays/6273/specimens/agamotto-idt1-beta25_745/front.jpg,agamotto-idt1-beta25_745,front,30,culex,Culex_tarsalis,female,Train
trays/527/specimens/6322/back.jpg,6322,back,21,anopheles,Anopheles_punctipennis,female,Train
trays/3027/specimens/36290/back.jpg,36290,back,3,aedes,Aedes_canadensis,female,Train
trays/20169/specimens/agamotto-idt1-beta102_5460/front.jpg,agamotto-idt1-beta102_5460,front,1,aedes,Aedes_albopictus,,Train
trays/2915/specimens/34961/front.jpg,34961,front,14,aedes,Aedes_vexans,female,Train
trays/552/specimens/6619/front.jpg,6619,front,25,culex,Culex_nigripalpus,male,Train
trays/682/specimens/8173/front.jpg,8173,front,29,culex,Culex_salinarius,female,Train
trays/15840/specimens/agamotto-idt1-beta02_1967/back.jpg,agamotto-idt1-beta02_1967,back,1,aedes,Aedes_albopictus,female,Train
trays/5731/specimens/5731_5/front.jpg,5731_5,front,8,aedes,Aedes_lineatopennis,female,Train
trays/1161/specimens/13925/front.jpg,13925,front,16,anopheles,Anopheles_crucians,female,Train
trays/3114/specimens/37329/front.jpg,37329,front,19,anopheles,Anopheles_gambiae_cdc-g3,female,Train
trays/2879/specimens/34527/back.jpg,34527,back,5,aedes,Aedes_dorsalis,female,Train
trays/1060/specimens/12713/front.jpg,12713,front,17,anopheles,Anopheles_freeborni,female,Train
trays/3769/specimens/45177/back.jpg,45177,back,16,anopheles,Anopheles_crucians_sl,female,Train
trays/3032/specimens/36349/front.jpg,36349,front,3,aedes,Aedes_canadensis,female,Train
trays/8066/specimens/agamotto-idt1-beta24_404/front.jpg,agamotto-idt1-beta24_404,front,4,aedes,Aedes_communis,male,Train
trays/20264/specimens/agamotto-idt1-beta42_2508/front.jpg,agamotto-idt1-beta42_2508,front,23,anopheles,Anopheles_stephensi,female,Train
trays/4532/specimens/4532_11/back.jpg,4532_11,back,16,anopheles,Anopheles_crucians_sl,male,Train
trays/9229/specimens/agamotto-idt1-beta01_483/front.jpg,agamotto-idt1-beta01_483,front,6,aedes,Aedes_japonicus,female,Train
trays/1296/specimens/15542/back.jpg,15542,back,13,aedes,Aedes_triseriatus,female,Train
trays/20506/specimens/agamotto-idt1-beta66_16031/front.jpg,agamotto-idt1-beta66_16031,front,1,aedes,Aedes_albopictus,female,Train
trays/4696/specimens/4696_10/back.jpg,4696_10,back,20,anopheles,Anopheles_pharoensis,female,Train
trays/2931/specimens/35154/front.jpg,35154,front,14,aedes,Aedes_vexans,female,Train
trays/7297/specimens/agamotto-idt1-beta30_3612/front.jpg,agamotto-idt1-beta30_3612,front,26,culex,Culex_orientalis,female,Train
trays/3030/specimens/36332/back.jpg,36332,back,3,aedes,Aedes_canadensis,female,Train
trays/5897/specimens/5897_9/back.jpg,5897_9,back,31,culex,Culex_tritaeniorhynchus,female,Train
trays/2973/specimens/35646/back.jpg,35646,back,14,aedes,Aedes_vexans,female,Train
trays/2994/specimens/35896/front.jpg,35896,front,14,aedes,Aedes_vexans,female,Train
trays/8202/specimens/agamotto-idt1-beta24_656/front.jpg,agamotto-idt1-beta24_656,front,4,aedes,Aedes_communis,female,Train
trays/3237/specimens/38795/back.jpg,38795,back,30,culex,Culex_tarsalis,female,Train
trays/3055/specimens/36629/front.jpg,36629,front,23,anopheles,Anopheles_stephensi,female,Train
trays/3446/specimens/41294/back.jpg,41294,back,23,anopheles,Anopheles_stephensi_nijmegen,female,Train
trays/3392/specimens/40651/back.jpg,40651,back,0,aedes,Aedes_aegypti,female,Train
trays/5105/specimens/5105_0/back.jpg,5105_0,back,19,anopheles,Anopheles_gambiae_s.l,female,Train
trays/7284/specimens/agamotto-idt1-beta30_3455/back.jpg,agamotto-idt1-beta30_3455,back,26,culex,Culex_orientalis,female,Train
trays/4730/specimens/4730_3/back.jpg,4730_3,back,15,anopheles,Anopheles_coustani,female,Train
trays/4357/specimens/4357_9/back.jpg,4357_9,back,15,anopheles,Anopheles_coustani,female,Train
trays/3106/specimens/37227/front.jpg,37227,front,0,aedes,Aedes_aegypti,male,Train
trays/2419/specimens/29015/front.jpg,29015,front,17,anopheles,Anopheles_freeborni,female,Train
trays/3436/specimens/41181/back.jpg,41181,back,19,anopheles,Anopheles_gambiae_cdcg3,female,Train
trays/4745/specimens/4745_4/front.jpg,4745_4,front,20,anopheles,Anopheles_pharoensis,female,Train
trays/3787/specimens/45396/front.jpg,45396,front,22,anopheles,Anopheles_quadrimaculatus,female,Train
trays/1411/specimens/16922/front.jpg,16922,front,12,aedes,Aedes_taeniorhynchus,female,Train
trays/3029/specimens/36324/front.jpg,36324,front,3,aedes,Aedes_canadensis,female,Train
trays/3400/specimens/40745/back.jpg,40745,back,18,anopheles,Anopheles_funestus_fumoz,male,Train
trays/3441/specimens/41239/back.jpg,41239,back,23,anopheles,Anopheles_stephensi_nijmegen,female,Train
trays/3873/specimens/46412/back.jpg,46412,back,21,anopheles,Anopheles_punctipennis,female,Train
trays/7124/specimens/agamotto-idt1-beta15_2766/back.jpg,agamotto-idt1-beta15_2766,back,9,aedes,Aedes_mcintoshi,female,Train
trays/15745/specimens/agamotto-idt1-beta22_4560/back.jpg,agamotto-idt1-beta22_4560,back,0,aedes,Aedes_aegypti,female,Train
trays/21325/specimens/agamotto-idt1-beta42_3065/back.jpg,agamotto-idt1-beta42_3065,back,25,culex,Culex_nigripalpus,female,Train
trays/25770/specimens/agamotto-idt1-beta05_24660/back.jpg,agamotto-idt1-beta05_24660,back,1,aedes,Aedes_albopictus,,Train
trays/3763/specimens/45101/front.jpg,45101,front,2,aedes,Aedes_atlanticus,female,Train
trays/2152/specimens/25821/front.jpg,25821,front,22,anopheles,Anopheles_quadrimaculatus,male,Train
trays/21678/specimens/agamotto-idt1-beta59_595/front.jpg,agamotto-idt1-beta59_595,front,1,aedes,Aedes_albopictus,,Train
trays/3054/specimens/36622/front.jpg,36622,front,23,anopheles,Anopheles_stephensi,female,Train
trays/3245/specimens/38883/back.jpg,38883,back,14,aedes,Aedes_vexans,female,Train
trays/1404/specimens/16839/front.jpg,16839,front,29,culex,Culex_salinarius,female,Train
trays/25736/specimens/agamotto-idt1-beta13_401/back.jpg,agamotto-idt1-beta13_401,back,0,aedes,Aedes_aegypti,female,Train
trays/6124/specimens/agamotto-idt1-beta03_81/back.jpg,agamotto-idt1-beta03_81,back,11,aedes,Aedes_sierrensis,female,Train
trays/7938/specimens/agamotto-idt1-beta03_477/front.jpg,agamotto-idt1-beta03_477,front,11,aedes,Aedes_sierrensis,female,Train
trays/4948/specimens/4948_9/front.jpg,4948_9,front,31,culicidae,culex,0,Train
trays/526/specimens/6309/back.jpg,6309,back,21,anopheles,Anopheles_punctipennis,female,Train
trays/2921/specimens/35040/back.jpg,35040,back,5,aedes,Aedes_dorsalis,female,Train
trays/22384/specimens/agamotto-idt1-beta42_3699/front.jpg,agamotto-idt1-beta42_3699,front,0,aedes,Aedes_aegypti,male,Train
trays/25683/specimens/agamotto-idt1-beta13_259/front.jpg,agamotto-idt1-beta13_259,front,0,aedes,Aedes_aegypti,female,Train
trays/3280/specimens/39310/back.jpg,39310,back,11,aedes,Aedes_sierrensis,male,Train
trays/3235/specimens/38769/back.jpg,38769,back,30,culex,Culex_tarsalis,female,Train
trays/3445/specimens/41292/front.jpg,41292,front,23,anopheles,Anopheles_stephensi_nijmegen,female,Train
trays/23722/specimens/agamotto-idt1-beta66_22405/back.jpg,agamotto-idt1-beta66_22405,back,6,aedes,Aedes_japonicus,female,Train
trays/3232/specimens/38731/front.jpg,38731,front,30,culex,Culex_tarsalis,female,Train
trays/7940/specimens/agamotto-idt1-beta03_494/front.jpg,agamotto-idt1-beta03_494,front,11,aedes,Aedes_sierrensis,male,Train
trays/4712/specimens/4712_4/front.jpg,4712_4,front,20,anopheles,Anopheles_pharoensis,female,Train
trays/5085/specimens/5085_8/back.jpg,5085_8,back,9,aedes,Aedes_mcintoshi,female,Train
trays/2923/specimens/35064/back.jpg,35064,back,5,aedes,Aedes_dorsalis,female,Train
trays/5857/specimens/5857_0/front.jpg,5857_0,front,24,culex,Culex_bitaeniorhynchus,female,Train
trays/3054/specimens/36621/back.jpg,36621,back,23,anopheles,Anopheles_stephensi,female,Train
trays/2419/specimens/29011/front.jpg,29011,front,17,anopheles,Anopheles_freeborni,female,Train
trays/4741/specimens/4741_4/front.jpg,4741_4,front,15,anopheles,Anopheles_coustani_s.l,female,Train
trays/1261/specimens/15123/front.jpg,15123,front,2,aedes,Aedes_atlanticus,female,Train
trays/8163/specimens/agamotto-idt1-beta24_543/front.jpg,agamotto-idt1-beta24_543,front,4,aedes,Aedes_communis,male,Train
trays/5904/specimens/5904_1/front.jpg,5904_1,front,31,culex,Culex_tritaeniorhynchus,female,Train
trays/10328/specimens/agamotto-idt1-beta49_720/front.jpg,agamotto-idt1-beta49_720,front,1,aedes,Aedes_albopictus,,Train
trays/2863/specimens/34340/front.jpg,34340,front,5,aedes,Aedes_dorsalis,female,Train
trays/3051/specimens/36578/back.jpg,36578,back,23,anopheles,Anopheles_stephensi,female,Train
trays/4859/specimens/4859_5/back.jpg,4859_5,back,23,anopheles,Anopheles_stephensi,male,Train
trays/2932/specimens/35172/front.jpg,35172,front,5,aedes,Aedes_dorsalis,female,Train
trays/1061/specimens/12724/front.jpg,12724,front,10,aedes,Aedes_melanimon,female,Train
trays/1253/specimens/15032/back.jpg,15032,back,2,aedes,Aedes_atlanticus,female,Train
trays/5726/specimens/5726_2/front.jpg,5726_2,front,8,aedes,Aedes_lineatopennis,female,Train
trays/2948/specimens/35353/front.jpg,35353,front,14,aedes,Aedes_vexans,female,Train
trays/3116/specimens/37351/front.jpg,37351,front,19,anopheles,Anopheles_gambiae_cdc-g3,male,Train
trays/6773/specimens/agamotto-idt1-beta15_1097/front.jpg,agamotto-idt1-beta15_1097,front,19,anopheles,Anopheles_arabiensis,female,Train
trays/3108/specimens/37256/front.jpg,37256,front,19,anopheles,Anopheles_gambiae_cdc-g3,female,Train
trays/2417/specimens/28988/back.jpg,28988,back,17,anopheles,Anopheles_freeborni,female,Train
trays/3235/specimens/38772/back.jpg,38772,back,30,culex,Culex_tarsalis,female,Train
trays/5859/specimens/5859_4/front.jpg,5859_4,front,24,culex,Culex_bitaeniorhynchus,female,Train
trays/7282/specimens/agamotto-idt1-beta30_3431/back.jpg,agamotto-idt1-beta30_3431,back,26,culex,Culex_orientalis,female,Train
trays/6449/specimens/agamotto-idt1-beta30_1913/back.jpg,agamotto-idt1-beta30_1913,back,7,aedes,Aedes_koreicus,female,Train
trays/3056/specimens/36640/back.jpg,36640,back,23,anopheles,Anopheles_stephensi,male,Train
trays/3048/specimens/36550/back.jpg,36550,back,23,anopheles,Anopheles_stephensi,female,Train
trays/576/specimens/6911/front.jpg,6911,front,3,aedes,Aedes_canadensis,female,Train
trays/407/specimens/4884/front.jpg,4884,front,10,aedes,Aedes_melanimon,female,Train
trays/3263/specimens/39105/front.jpg,39105,front,28,culex,Culex_restuans,female,Train
trays/5729/specimens/5729_4/front.jpg,5729_4,front,8,aedes,Aedes_lineatopennis,female,Train
trays/5722/specimens/5722_0/back.jpg,5722_0,back,8,aedes,Aedes_lineatopennis,female,Train
trays/3111/specimens/37294/front.jpg,37294,front,19,anopheles,Anopheles_gambiae_cdc-g3,female,Train
trays/573/specimens/6867/back.jpg,6867,back,13,aedes,Aedes_triseriatus,female,Train
trays/4945/specimens/4945_7/front.jpg,4945_7,front,31,culex,Culex_tritaeniorhynchus,female,Train
trays/5899/specimens/5899_7/front.jpg,5899_7,front,31,culex,Culex_tritaeniorhynchus,female,Train
trays/5724/specimens/5724_6/front.jpg,5724_6,front,8,aedes,Aedes_lineatopennis,female,Train
trays/395/specimens/4729/back.jpg,4729,back,17,anopheles,Anopheles_freeborni,female,Train
trays/6394/specimens/agamotto-idt1-beta30_1259/back.jpg,agamotto-idt1-beta30_1259,back,7,aedes,Aedes_koreicus,female,Train
trays/1499/specimens/17986/front.jpg,17986,front,2,aedes,Aedes_atlanticus,female,Train
trays/10563/specimens/agamotto-idt1-beta41_1042/back.jpg,agamotto-idt1-beta41_1042,back,11,aedes,Aedes_sierrensis,female,Train
trays/7284/specimens/agamotto-idt1-beta30_3454/front.jpg,agamotto-idt1-beta30_3454,front,26,culex,Culex_orientalis,female,Train
trays/1186/specimens/14226/back.jpg,14226,back,25,culex,Culex_nigripalpus,female,Train
trays/413/specimens/4954/front.jpg,4954,front,10,aedes,Aedes_melanimon,female,Train
trays/8202/specimens/agamotto-idt1-beta24_660/front.jpg,agamotto-idt1-beta24_660,front,4,aedes,Aedes_communis,male,Train
trays/7278/specimens/agamotto-idt1-beta30_3382/back.jpg,agamotto-idt1-beta30_3382,back,26,culex,Culex_orientalis,female,Train
trays/5721/specimens/5721_1/front.jpg,5721_1,front,8,aedes,Aedes_lineatopennis,female,Train
trays/1251/specimens/15002/front.jpg,15002,front,2,aedes,Aedes_atlanticus,female,Train
trays/1183/specimens/14194/front.jpg,14194,front,12,aedes,Aedes_taeniorhynchus,female,Train
trays/3005/specimens/36025/front.jpg,36025,front,14,aedes,Aedes_vexans,female,Train
trays/1249/specimens/14985/front.jpg,14985,front,2,aedes,Aedes_atlanticus,female,Train
trays/3572/specimens/42814/front.jpg,42814,front,16,anopheles,Anopheles_crucians_sl,female,Train
trays/7276/specimens/agamotto-idt1-beta30_3359/back.jpg,agamotto-idt1-beta30_3359,back,26,culex,Culex_orientalis,female,Train
trays/3398/specimens/40728/front.jpg,40728,front,18,anopheles,Anopheles_funestus_fumoz,male,Train
trays/1250/specimens/14996/back.jpg,14996,back,2,aedes,Aedes_atlanticus,female,Train
trays/22221/specimens/agamotto-idt1-beta22_7644/front.jpg,agamotto-idt1-beta22_7644,front,0,aedes,Aedes_aegypti,female,Train
trays/2883/specimens/34584/front.jpg,34584,front,14,aedes,Aedes_vexans,female,Train
trays/10909/specimens/agamotto-idt1-beta66_3182/front.jpg,agamotto-idt1-beta66_3182,front,1,aedes,Aedes_albopictus,female,Train
trays/8161/specimens/agamotto-idt1-beta24_521/back.jpg,agamotto-idt1-beta24_521,back,4,aedes,Aedes_communis,female,Train
trays/6420/specimens/agamotto-idt1-beta30_1564/back.jpg,agamotto-idt1-beta30_1564,back,7,aedes,Aedes_koreicus,female,Train
trays/3031/specimens/36341/front.jpg,36341,front,3,aedes,Aedes_canadensis,female,Train
trays/8810/specimens/agamotto-idt1-beta24_1429/front.jpg,agamotto-idt1-beta24_1429,front,28,culex,Culex_restuans,male,Train
trays/11191/specimens/agamotto-idt1-beta66_4127/back.jpg,agamotto-idt1-beta66_4127,back,6,aedes,Aedes_japonicus,female,Train
trays/2947/specimens/35342/front.jpg,35342,front,14,aedes,Aedes_vexans,female,Train
trays/4251/specimens/50922/back.jpg,50922,back,16,anopheles,Anopheles_crucians_sl,female,Train
trays/3228/specimens/38685/front.jpg,38685,front,30,culex,Culex_tarsalis,female,Train
trays/6401/specimens/agamotto-idt1-beta30_1339/back.jpg,agamotto-idt1-beta30_1339,back,7,aedes,Aedes_koreicus,female,Train
trays/4948/specimens/4948_3/back.jpg,4948_3,back,31,culicidae,culex,0,Train
trays/1163/specimens/13956/front.jpg,13956,front,16,anopheles,Anopheles_crucians,female,Train
trays/3234/specimens/38754/back.jpg,38754,back,30,culex,Culex_tarsalis,female,Train
trays/3056/specimens/36643/back.jpg,36643,back,23,anopheles,Anopheles_stephensi,male,Train
trays/3959/specimens/47439/back.jpg,47439,back,15,anopheles,Anopheles_coustani,female,Train
trays/5851/specimens/5851_3/front.jpg,5851_3,front,24,culex,Culex_bitaeniorhynchus,female,Train
trays/1330/specimens/15950/front.jpg,15950,front,10,aedes,Aedes_melanimon,female,Train
trays/11157/specimens/agamotto-idt1-beta28_2852/front.jpg,agamotto-idt1-beta28_2852,front,17,anopheles,Anopheles_freeborni,female,Train
trays/3769/specimens/45171/back.jpg,45171,back,16,anopheles,Anopheles_crucians_sl,female,Train
trays/3776/specimens/45253/back.jpg,45253,back,1,aedes,Aedes_albopictus,female,Train
trays/6769/specimens/agamotto-idt1-beta15_1047/front.jpg,agamotto-idt1-beta15_1047,front,19,anopheles,Anopheles_arabiensis,male,Train
trays/529/specimens/6343/front.jpg,6343,front,6,aedes,Aedes_japonicus,female,Train
trays/552/specimens/6617/back.jpg,6617,back,25,culex,Culex_nigripalpus,male,Train
trays/514/specimens/6168/back.jpg,6168,back,12,aedes,Aedes_taeniorhynchus,female,Train
trays/20506/specimens/agamotto-idt1-beta66_16032/back.jpg,agamotto-idt1-beta66_16032,back,1,aedes,Aedes_albopictus,female,Train
trays/3441/specimens/41244/front.jpg,41244,front,23,anopheles,Anopheles_stephensi_nijmegen,female,Train
trays/6768/specimens/agamotto-idt1-beta15_1041/front.jpg,agamotto-idt1-beta15_1041,front,19,anopheles,Anopheles_arabiensis,female,Train
trays/5904/specimens/5904_1/back.jpg,5904_1,back,31,culex,Culex_tritaeniorhynchus,female,Train
trays/2211/specimens/26522/front.jpg,26522,front,17,anopheles,Anopheles_freeborni,female,Train
trays/6129/specimens/agamotto-idt1-beta03_144/front.jpg,agamotto-idt1-beta03_144,front,11,aedes,Aedes_sierrensis,female,Train
trays/575/specimens/6890/front.jpg,6890,front,3,aedes,Aedes_canadensis,female,Train
trays/11178/specimens/agamotto-idt1-beta28_3032/front.jpg,agamotto-idt1-beta28_3032,front,17,anopheles,Anopheles_freeborni,female,Train
trays/7301/specimens/agamotto-idt1-beta30_3657/front.jpg,agamotto-idt1-beta30_3657,front,26,culex,Culex_orientalis,female,Train
trays/5904/specimens/5904_4/back.jpg,5904_4,back,31,culex,Culex_tritaeniorhynchus,female,Train
trays/1096/specimens/13146/front.jpg,13146,front,10,aedes,Aedes_melanimon,female,Train
trays/10440/specimens/agamotto-idt1-beta49_857/back.jpg,agamotto-idt1-beta49_857,back,6,aedes,Aedes_japonicus,female,Train
trays/4328/specimens/4328_9/back.jpg,4328_9,back,18,anopheles,Anopheles_funestus,female,Train
trays/6435/specimens/agamotto-idt1-beta30_1749/front.jpg,agamotto-idt1-beta30_1749,front,7,aedes,Aedes_koreicus,female,Train
trays/1409/specimens/16901/back.jpg,16901,back,13,aedes,Aedes_triseriatus,female,Train
trays/11175/specimens/agamotto-idt1-beta28_2992/front.jpg,agamotto-idt1-beta28_2992,front,27,culex,Culex_pipiens_sl,female,Train
trays/22725/specimens/agamotto-idt1-beta66_19687/front.jpg,agamotto-idt1-beta66_19687,front,1,aedes,Aedes_albopictus,,Train
trays/4709/specimens/4709_0/front.jpg,4709_0,front,20,anopheles,Anopheles_pharoensis,female,Train
trays/4204/specimens/50358/back.jpg,50358,back,13,aedes,Aedes_triseriatus,female,Train
trays/1406/specimens/16870/back.jpg,16870,back,28,culex,Culex_restuans,male,Train
trays/4360/specimens/4360_7/back.jpg,4360_7,back,14,aedes,Aedes_vexans,female,Train
trays/3400/specimens/40745/front.jpg,40745,front,18,anopheles,Anopheles_funestus_fumoz,male,Train
trays/2973/specimens/35646/front.jpg,35646,front,14,aedes,Aedes_vexans,female,Train
trays/3446/specimens/41304/back.jpg,41304,back,23,anopheles,Anopheles_stephensi_nijmegen,female,Train
trays/6402/specimens/agamotto-idt1-beta30_1351/back.jpg,agamotto-idt1-beta30_1351,back,7,aedes,Aedes_koreicus,female,Train
trays/1094/specimens/13126/front.jpg,13126,front,17,anopheles,Anopheles_freeborni,male,Train
trays/7794/specimens/agamotto-idt1-beta30_7380/front.jpg,agamotto-idt1-beta30_7380,front,7,aedes,Aedes_koreicus,male,Train
trays/1330/specimens/15953/back.jpg,15953,back,10,aedes,Aedes_melanimon,female,Train
trays/5857/specimens/5857_4/front.jpg,5857_4,front,24,culex,Culex_bitaeniorhynchus,female,Train
trays/4351/specimens/4351_7/back.jpg,4351_7,back,18,anopheles,Anopheles_funestus_s.l,female,Train
trays/3281/specimens/39314/back.jpg,39314,back,11,aedes,Aedes_sierrensis,male,Train
trays/1190/specimens/14272/front.jpg,14272,front,25,culex,Culex_nigripalpus,female,Train
trays/531/specimens/6362/front.jpg,6362,front,6,aedes,Aedes_japonicus,female,Train
trays/5854/specimens/5854_2/back.jpg,5854_2,back,24,culex,Culex_bitaeniorhynchus,female,Train
trays/1260/specimens/15120/front.jpg,15120,front,2,aedes,Aedes_atlanticus,female,Train
trays/1166/specimens/13986/front.jpg,13986,front,16,anopheles,Anopheles_crucians,female,Train
trays/3029/specimens/36316/back.jpg,36316,back,3,aedes,Aedes_canadensis,female,Train
trays/4201/specimens/50319/front.jpg,50319,front,29,culex,Culex_salinarius,female,Train
trays/3031/specimens/36347/front.jpg,36347,front,3,aedes,Aedes_canadensis,female,Train
trays/3028/specimens/36304/front.jpg,36304,front,3,aedes,Aedes_canadensis,female,Train
trays/3232/specimens/38732/back.jpg,38732,back,30,culex,Culex_tarsalis,female,Train
trays/4303/specimens/4303_3/front.jpg,4303_3,front,0,aedes,Aedes_aegypti,female,Train
trays/3901/specimens/46741/front.jpg,46741,front,21,anopheles,Anopheles_punctipennis,female,Train
trays/5913/specimens/5913_4/front.jpg,5913_4,front,31,culex,Culex_tritaeniorhynchus,female,Train
trays/3049/specimens/36558/front.jpg,36558,front,23,anopheles,Anopheles_stephensi,female,Train
trays/1221/specimens/14641/back.jpg,14641,back,10,aedes,Aedes_melanimon,female,Train
trays/4251/specimens/50920/back.jpg,50920,back,16,anopheles,Anopheles_crucians_sl,female,Train
trays/7286/specimens/agamotto-idt1-beta30_3480/back.jpg,agamotto-idt1-beta30_3480,back,26,culex,Culex_orientalis,female,Train
trays/3184/specimens/38151/front.jpg,38151,front,14,aedes,Aedes_vexans,female,Train
trays/3053/specimens/36607/back.jpg,36607,back,23,anopheles,Anopheles_stephensi,female,Train
trays/5855/specimens/5855_8/back.jpg,5855_8,back,24,culex,Culex_bitaeniorhynchus,female,Train
trays/4614/specimens/4614_0/back.jpg,4614_0,back,20,anopheles,Anopheles_pharoensis,female,Train
trays/4696/specimens/4696_9/back.jpg,4696_9,back,20,anopheles,Anopheles_pharoensis,female,Train
trays/6390/specimens/agamotto-idt1-beta30_1211/front.jpg,agamotto-idt1-beta30_1211,front,7,aedes,Aedes_koreicus,female,Train
trays/4252/specimens/50936/back.jpg,50936,back,21,anopheles,Anopheles_punctipennis,female,Train
trays/5853/specimens/5853_6/front.jpg,5853_6,front,24,culex,Culex_bitaeniorhynchus,female,Train
trays/4743/specimens/4743_8/front.jpg,4743_8,front,20,anopheles,Anopheles_pharoensis,female,Train
trays/522/specimens/6262/back.jpg,6262,back,12,aedes,Aedes_taeniorhynchus,female,Train
trays/19478/specimens/agamotto-idt1-beta42_1635/back.jpg,agamotto-idt1-beta42_1635,back,0,aedes,Aedes_aegypti,female,Train
trays/3030/specimens/36325/back.jpg,36325,back,3,aedes,Aedes_canadensis,female,Train
trays/2417/specimens/28986/front.jpg,28986,front,17,anopheles,Anopheles_freeborni,female,Train
trays/20506/specimens/agamotto-idt1-beta66_16032/front.jpg,agamotto-idt1-beta66_16032,front,1,aedes,Aedes_albopictus,female,Train
trays/4330/specimens/4330_11/back.jpg,4330_11,back,18,anopheles,Anopheles_funestus,male,Train
trays/7285/specimens/agamotto-idt1-beta30_3466/front.jpg,agamotto-idt1-beta30_3466,front,26,culex,Culex_orientalis,female,Train
trays/4252/specimens/50929/front.jpg,50929,front,21,anopheles,Anopheles_punctipennis,female,Train
trays/482/specimens/5783/front.jpg,5783,front,29,culex,Culex_salinarius,female,Train
trays/3263/specimens/39102/back.jpg,39102,back,27,culex,Culex_pipiens_sl,male,Train
trays/1255/specimens/15056/back.jpg,15056,back,2,aedes,Aedes_atlanticus,female,Train
trays/556/specimens/6667/front.jpg,6667,front,25,culex,Culex_nigripalpus,male,Train
trays/2704/specimens/32431/front.jpg,32431,front,22,anopheles,Anopheles_quadrimaculatus_sl,female,Train
trays/507/specimens/6082/front.jpg,6082,front,5,aedes,Aedes_dorsalis,female,Train
trays/5854/specimens/5854_4/front.jpg,5854_4,front,24,culex,Culex_bitaeniorhynchus,female,Train
trays/1222/specimens/14661/back.jpg,14661,back,10,aedes,Aedes_melanimon,female,Train
trays/3238/specimens/38803/front.jpg,38803,front,30,culex,Culex_tarsalis,female,Train
trays/410/specimens/4916/front.jpg,4916,front,10,aedes,Aedes_melanimon,female,Train
trays/4742/specimens/4742_2/back.jpg,4742_2,back,20,anopheles,Anopheles_pharoensis,female,Train
trays/4741/specimens/4741_9/front.jpg,4741_9,front,15,anopheles,Anopheles_coustani_s.l,female,Train
trays/4330/specimens/4330_9/back.jpg,4330_9,back,18,anopheles,Anopheles_funestus,male,Train
trays/5080/specimens/5080_6/front.jpg,5080_6,front,9,aedes,Aedes_mcintoshi,female,Train
trays/1163/specimens/13952/back.jpg,13952,back,16,anopheles,Anopheles_crucians,female,Train
trays/3855/specimens/46193/back.jpg,46193,back,13,aedes,Aedes_triseriatus,female,Train
trays/3029/specimens/36318/front.jpg,36318,front,3,aedes,Aedes_canadensis,female,Train
trays/3783/specimens/45343/back.jpg,45343,back,22,anopheles,Anopheles_quadrimaculatus,female,Train
trays/532/specimens/6375/back.jpg,6375,back,6,aedes,Aedes_japonicus,female,Train
trays/8162/specimens/agamotto-idt1-beta24_532/front.jpg,agamotto-idt1-beta24_532,front,4,aedes,Aedes_communis,female,Train
trays/1164/specimens/13960/back.jpg,13960,back,16,anopheles,Anopheles_crucians,female,Train
trays/3263/specimens/39102/front.jpg,39102,front,27,culex,Culex_pipiens_sl,male,Train
trays/4528/specimens/4528_1/front.jpg,4528_1,front,22,anopheles,Anopheles_quadrimaculatus,female,Train
trays/522/specimens/6259/back.jpg,6259,back,12,aedes,Aedes_taeniorhynchus,female,Train
trays/558/specimens/6691/front.jpg,6691,front,25,culex,Culex_nigripalpus,female,Train
trays/3961/specimens/47466/back.jpg,47466,back,15,anopheles,Anopheles_coustani_s.l,female,Train
trays/1095/specimens/13133/front.jpg,13133,front,10,aedes,Aedes_melanimon,female,Train
trays/537/specimens/6436/front.jpg,6436,front,0,aedes,Aedes_aegypti,female,Train
trays/532/specimens/6375/front.jpg,6375,front,6,aedes,Aedes_japonicus,female,Train
trays/5080/specimens/5080_0/front.jpg,5080_0,front,9,aedes,Aedes_mcintoshi,female,Train
trays/3901/specimens/46744/front.jpg,46744,front,29,culex,Culex_salinarius,female,Train
trays/3495/specimens/41890/back.jpg,41890,back,27,culex,Culex_quinqufasciatus_bamako,female,Train
trays/8231/specimens/agamotto-idt1-beta24_683/front.jpg,agamotto-idt1-beta24_683,front,4,aedes,Aedes_communis,female,Train
trays/2882/specimens/34569/back.jpg,34569,back,14,aedes,Aedes_vexans,female,Train
trays/8161/specimens/agamotto-idt1-beta24_528/back.jpg,agamotto-idt1-beta24_528,back,4,aedes,Aedes_communis,female,Train
trays/1265/specimens/15179/front.jpg,15179,front,2,aedes,Aedes_atlanticus,female,Train
trays/5905/specimens/5905_0/back.jpg,5905_0,back,31,culex,Culex_tritaeniorhynchus,female,Train
trays/5727/specimens/5727_11/back.jpg,5727_11,back,8,aedes,Aedes_lineatopennis,female,Train
trays/3806/specimens/45621/front.jpg,45621,front,21,anopheles,Anopheles_punctipennis,female,Train
trays/1162/specimens/13934/back.jpg,13934,back,16,anopheles,Anopheles_crucians,female,Train
trays/4223/specimens/50586/front.jpg,50586,front,13,aedes,Aedes_triseriatus,female,Train
trays/8067/specimens/agamotto-idt1-beta24_418/back.jpg,agamotto-idt1-beta24_418,back,4,aedes,Aedes_communis,male,Train
trays/3428/specimens/41085/front.jpg,41085,front,19,anopheles,Anopheles_gambiae_cdcg3,female,Train
trays/5907/specimens/5907_9/front.jpg,5907_9,front,31,culex,Culex_tritaeniorhynchus,female,Train
trays/4332/specimens/4332_4/back.jpg,4332_4,back,18,anopheles,Anopheles_funestus,male,Train
trays/2418/specimens/28998/back.jpg,28998,back,17,anopheles,Anopheles_freeborni,female,Train
trays/3048/specimens/36544/back.jpg,36544,back,23,anopheles,Anopheles_stephensi,female,Train
trays/17573/specimens/agamotto-idt1-beta66_12914/back.jpg,agamotto-idt1-beta66_12914,back,1,aedes,Aedes_albopictus,female,Train
trays/8164/specimens/agamotto-idt1-beta24_561/front.jpg,agamotto-idt1-beta24_561,front,4,aedes,Aedes_communis,male,Train
trays/3281/specimens/39314/front.jpg,39314,front,11,aedes,Aedes_sierrensis,male,Train
trays/3245/specimens/38883/front.jpg,38883,front,14,aedes,Aedes_vexans,female,Train
trays/3901/specimens/46741/back.jpg,46741,back,21,anopheles,Anopheles_punctipennis,female,Train
trays/6114/specimens/agamotto-idt1-beta15_60/back.jpg,agamotto-idt1-beta15_60,back,9,aedes,Aedes_mcintoshi,female,Train
trays/5900/specimens/5900_11/front.jpg,5900_11,front,31,culex,Culex_tritaeniorhynchus,female,Train
trays/6401/specimens/agamotto-idt1-beta30_1335/back.jpg,agamotto-idt1-beta30_1335,back,7,aedes,Aedes_koreicus,female,Train
trays/4680/specimens/4680_8/front.jpg,4680_8,front,9,aedes,Aedes_mcintoshi,female,Train
trays/10688/specimens/agamotto-idt1-beta24_2426/back.jpg,agamotto-idt1-beta24_2426,back,29,culex,Culex_salinarius,female,Train
trays/1060/specimens/12716/front.jpg,12716,front,17,anopheles,Anopheles_freeborni,female,Train
trays/513/specimens/6148/back.jpg,6148,back,28,culex,Culex_restuans,female,Train
trays/551/specimens/6610/front.jpg,6610,front,25,culex,Culex_nigripalpus,female,Train
trays/11178/specimens/agamotto-idt1-beta28_3026/front.jpg,agamotto-idt1-beta28_3026,front,17,anopheles,Anopheles_freeborni,female,Train
trays/3049/specimens/36562/front.jpg,36562,front,23,anopheles,Anopheles_stephensi,male,Train
trays/5731/specimens/5731_11/front.jpg,5731_11,front,8,aedes,Aedes_lineatopennis,female,Train
trays/552/specimens/6622/front.jpg,6622,front,25,culex,Culex_nigripalpus,female,Train
trays/3027/specimens/36294/front.jpg,36294,front,3,aedes,Aedes_canadensis,female,Train
trays/3899/specimens/46718/front.jpg,46718,front,22,anopheles,Anopheles_quadrimaculatus,female,Train
trays/522/specimens/6262/front.jpg,6262,front,12,aedes,Aedes_taeniorhynchus,female,Train
trays/4744/specimens/4744_2/back.jpg,4744_2,back,20,anopheles,Anopheles_pharoensis,female,Train
trays/3231/specimens/38715/front.jpg,38715,front,30,culex,Culex_tarsalis,female,Train
trays/682/specimens/8174/front.jpg,8174,front,29,culex,Culex_salinarius,female,Train
trays/15846/specimens/agamotto-idt1-beta02_1996/back.jpg,agamotto-idt1-beta02_1996,back,1,aedes,Aedes_albopictus,female,Train
trays/3383/specimens/40544/back.jpg,40544,back,0,aedes,Aedes_aegypti,female,Train
trays/5853/specimens/5853_8/front.jpg,5853_8,front,24,culex,Culex_bitaeniorhynchus,female,Train
trays/3807/specimens/45630/back.jpg,45630,back,21,anopheles,Anopheles_punctipennis,female,Train
trays/3050/specimens/36574/back.jpg,36574,back,23,anopheles,Anopheles_stephensi,female,Train
trays/481/specimens/5766/back.jpg,5766,back,29,culex,Culex_salinarius,female,Train
trays/2150/specimens/25794/back.jpg,25794,back,13,aedes,Aedes_triseriatus,female,Train
trays/4154/specimens/49764/front.jpg,49764,front,18,anopheles,Anopheles_funestus_s.l,female,Train
trays/1095/specimens/13131/front.jpg,13131,front,10,aedes,Aedes_melanimon,female,Train
trays/10777/specimens/agamotto-idt1-beta41_1268/back.jpg,agamotto-idt1-beta41_1268,back,11,aedes,Aedes_sierrensis,female,Train
trays/3400/specimens/40751/front.jpg,40751,front,18,anopheles,Anopheles_funestus_fumoz,male,Train
trays/2701/specimens/32390/back.jpg,32390,back,22,anopheles,Anopheles_quadrimaculatus_sl,female,Train
trays/5904/specimens/5904_9/back.jpg,5904_9,back,31,culex,Culex_tritaeniorhynchus,female,Train
trays/1191/specimens/14284/back.jpg,14284,back,25,culex,Culex_nigripalpus,female,Train
trays/4530/specimens/4530_10/back.jpg,4530_10,back,21,anopheles,Anopheles_punctipennis,female,Train
trays/3582/specimens/42927/front.jpg,42927,front,28,culex,Culex_restuans,male,Train
trays/3786/specimens/45378/front.jpg,45378,front,22,anopheles,Anopheles_quadrimaculatus,female,Train
trays/448/specimens/5373/front.jpg,5373,front,10,aedes,Aedes_melanimon,female,Train
trays/4136/specimens/49547/back.jpg,49547,back,18,anopheles,Anopheles_funestus_s.l,female,Train
trays/1180/specimens/14149/back.jpg,14149,back,12,aedes,Aedes_taeniorhynchus,female,Train
trays/573/specimens/6873/back.jpg,6873,back,13,aedes,Aedes_triseriatus,male,Train
trays/2705/specimens/32442/back.jpg,32442,back,22,anopheles,Anopheles_quadrimaculatus_sl,female,Train
trays/6401/specimens/agamotto-idt1-beta30_1339/front.jpg,agamotto-idt1-beta30_1339,front,7,aedes,Aedes_koreicus,female,Train
trays/1165/specimens/13980/front.jpg,13980,front,16,anopheles,Anopheles_crucians,female,Train
trays/4295/specimens/4295_11/front.jpg,4295_11,front,18,anopheles,Anopheles_funestus,male,Train
trays/3109/specimens/37271/front.jpg,37271,front,19,anopheles,Anopheles_gambiae_cdc-g3,female,Train
trays/11058/specimens/agamotto-idt1-beta28_2611/front.jpg,agamotto-idt1-beta28_2611,front,17,anopheles,Anopheles_freeborni,female,Train
trays/4725/specimens/4725_1/front.jpg,4725_1,front,15,anopheles,Anopheles_coustani,female,Train
trays/4136/specimens/49537/back.jpg,49537,back,18,anopheles,Anopheles_funestus,female,Train
trays/3958/specimens/47429/back.jpg,47429,back,15,anopheles,Anopheles_coustani,female,Train
trays/3227/specimens/38674/back.jpg,38674,back,30,culex,Culex_tarsalis,female,Train
trays/4193/specimens/50222/back.jpg,50222,back,15,anopheles,Anopheles_coustani,female,Train
trays/2918/specimens/34998/back.jpg,34998,back,14,aedes,Aedes_vexans,female,Train
trays/3770/specimens/45186/back.jpg,45186,back,16,anopheles,Anopheles_crucians_sl,female,Train
trays/2682/specimens/32170/front.jpg,32170,front,25,culex,Culex_nigripalpus,female,Train
trays/7810/specimens/agamotto-idt1-beta30_7572/front.jpg,agamotto-idt1-beta30_7572,front,14,aedes,Aedes_vexans,male,Train
trays/3280/specimens/39311/front.jpg,39311,front,11,aedes,Aedes_sierrensis,male,Train
trays/1236/specimens/14830/front.jpg,14830,front,25,culex,Culex_nigripalpus,female,Train
trays/5730/specimens/5730_0/front.jpg,5730_0,front,8,aedes,Aedes_lineatopennis,female,Train
trays/5728/specimens/5728_11/front.jpg,5728_11,front,8,aedes,Aedes_lineatopennis,female,Train
trays/5725/specimens/5725_4/front.jpg,5725_4,front,8,aedes,Aedes_lineatopennis,female,Train
trays/3894/specimens/46663/front.jpg,46663,front,0,aedes,Aedes_aegypti,female,Train
trays/3577/specimens/42876/front.jpg,42876,front,28,culex,Culex_restuans,male,Train
trays/5731/specimens/5731_3/front.jpg,5731_3,front,8,aedes,Aedes_lineatopennis,female,Train
trays/4708/specimens/4708_9/front.jpg,4708_9,front,20,anopheles,Anopheles_pharoensis,female,Train
trays/1267/specimens/15199/front.jpg,15199,front,2,aedes,Aedes_atlanticus,female,Train
trays/4707/specimens/4707_9/back.jpg,4707_9,back,20,anopheles,Anopheles_pharoensis,female,Train
trays/6449/specimens/agamotto-idt1-beta30_1913/front.jpg,agamotto-idt1-beta30_1913,front,7,aedes,Aedes_koreicus,female,Train
trays/3274/specimens/39236/front.jpg,39236,front,27,culex,Culex_pipiens_sl,female,Train
trays/2932/specimens/35166/front.jpg,35166,front,5,aedes,Aedes_dorsalis,female,Train
trays/1266/specimens/15188/front.jpg,15188,front,2,aedes,Aedes_atlanticus,female,Train
trays/12358/specimens/agamotto-idt1-beta28_3398/back.jpg,agamotto-idt1-beta28_3398,back,1,aedes,Aedes_albopictus,female,Train
trays/8067/specimens/agamotto-idt1-beta24_416/back.jpg,agamotto-idt1-beta24_416,back,4,aedes,Aedes_communis,male,Train
trays/2861/specimens/34313/back.jpg,34313,back,5,aedes,Aedes_dorsalis,female,Train
trays/5076/specimens/5076_9/back.jpg,5076_9,back,9,aedes,Aedes_mcintoshi,female,Train
trays/8202/specimens/agamotto-idt1-beta24_653/back.jpg,agamotto-idt1-beta24_653,back,4,aedes,Aedes_communis,male,Train
trays/953/specimens/11429/front.jpg,11429,front,6,aedes,Aedes_japonicus,female,Train
trays/6403/specimens/agamotto-idt1-beta30_1360/front.jpg,agamotto-idt1-beta30_1360,front,7,aedes,Aedes_koreicus,female,Train
trays/410/specimens/4913/front.jpg,4913,front,10,aedes,Aedes_melanimon,female,Train
trays/5105/specimens/5105_4/front.jpg,5105_4,front,15,anopheles,Anopheles_coustani_s.l,female,Train
trays/577/specimens/6918/back.jpg,6918,back,3,aedes,Aedes_canadensis,female,Train
trays/26078/specimens/agamotto-idt1-beta13_872/back.jpg,agamotto-idt1-beta13_872,back,0,aedes,Aedes_aegypti,,Train
trays/1184/specimens/14206/back.jpg,14206,back,12,aedes,Aedes_taeniorhynchus,female,Train
trays/3805/specimens/45601/back.jpg,45601,back,21,anopheles,Anopheles_punctipennis,female,Train
trays/11187/specimens/agamotto-idt1-beta66_4069/front.jpg,agamotto-idt1-beta66_4069,front,27,culex,Culex_pipiens_sl,female,Train
trays/4202/specimens/50339/back.jpg,50339,back,13,aedes,Aedes_triseriatus,female,Train
trays/7280/specimens/agamotto-idt1-beta30_3399/back.jpg,agamotto-idt1-beta30_3399,back,26,culex,Culex_orientalis,female,Train
trays/4169/specimens/49944/front.jpg,49944,front,18,anopheles,Anopheles_funestus_s.l,female,Train
trays/3029/specimens/36317/front.jpg,36317,front,3,aedes,Aedes_canadensis,female,Train
trays/3234/specimens/38754/front.jpg,38754,front,30,culex,Culex_tarsalis,female,Train
trays/6765/specimens/agamotto-idt1-beta15_1004/back.jpg,agamotto-idt1-beta15_1004,back,19,anopheles,Anopheles_arabiensis,male,Train
trays/4136/specimens/49547/front.jpg,49547,front,18,anopheles,Anopheles_funestus_s.l,female,Train
trays/5732/specimens/5732_2/front.jpg,5732_2,front,8,aedes,Aedes_lineatopennis,female,Train
trays/2152/specimens/25817/back.jpg,25817,back,21,anopheles,Anopheles_punctipennis,male,Train
trays/5860/specimens/5860_11/back.jpg,5860_11,back,24,culex,Culex_bitaeniorhynchus,female,Train
trays/4121/specimens/49390/front.jpg,49390,front,28,culex,Culex_restuans,female,Train
trays/2918/specimens/35003/front.jpg,35003,front,14,aedes,Aedes_vexans,female,Train
trays/953/specimens/11433/front.jpg,11433,front,6,aedes,Aedes_japonicus,female,Train
trays/5922/specimens/5922_0/front.jpg,5922_0,front,31,culex,Culex_tritaeniorhynchus,female,Train
trays/1250/specimens/14992/back.jpg,14992,back,2,aedes,Aedes_atlanticus,female,Train
trays/4223/specimens/50588/front.jpg,50588,front,13,aedes,Aedes_triseriatus,female,Train
trays/2922/specimens/35044/front.jpg,35044,front,5,aedes,Aedes_dorsalis,female,Train
trays/3422/specimens/41005/front.jpg,41005,front,5,aedes,Aedes_dorsalis,female,Train
trays/1181/specimens/14165/back.jpg,14165,back,12,aedes,Aedes_taeniorhynchus,female,Train
trays/2703/specimens/32413/back.jpg,32413,back,22,anopheles,Anopheles_quadrimaculatus_sl,female,Train
trays/526/specimens/6304/front.jpg,6304,front,21,anopheles,Anopheles_punctipennis,female,Train
trays/4497/specimens/4497_3/back.jpg,4497_3,back,27,culex,Culex_quinquefasciatus,female,Train
trays/5721/specimens/5721_10/front.jpg,5721_10,front,8,aedes,Aedes_lineatopennis,female,Train
trays/2798/specimens/33563/back.jpg,33563,back,5,aedes,Aedes_dorsalis,female,Train
trays/1251/specimens/15009/back.jpg,15009,back,2,aedes,Aedes_atlanticus,female,Train
trays/5437/specimens/5437_5/front.jpg,5437_5,front,11,aedes,Aedes_sierrensis,female,Train
trays/1268/specimens/15216/front.jpg,15216,front,2,aedes,Aedes_atlanticus,female,Train
trays/513/specimens/6147/back.jpg,6147,back,28,culex,Culex_restuans,female,Train
trays/1458/specimens/17486/back.jpg,17486,back,12,aedes,Aedes_taeniorhynchus,female,Train
trays/4738/specimens/4738_4/back.jpg,4738_4,back,20,anopheles,Anopheles_pharoensis,female,Train
trays/2921/specimens/35039/back.jpg,35039,back,5,aedes,Aedes_dorsalis,female,Train
trays/11178/specimens/agamotto-idt1-beta28_3033/back.jpg,agamotto-idt1-beta28_3033,back,17,anopheles,Anopheles_freeborni,male,Train
trays/1225/specimens/14693/back.jpg,14693,back,10,aedes,Aedes_melanimon,female,Train
trays/3058/specimens/36668/back.jpg,36668,back,23,anopheles,Anopheles_stephensi,male,Train
trays/1191/specimens/14284/front.jpg,14284,front,25,culex,Culex_nigripalpus,female,Train
trays/4511/specimens/4511_4/back.jpg,4511_4,back,27,culex,Culex_quinquefasciatus,male,Train
trays/5723/specimens/5723_7/front.jpg,5723_7,front,8,aedes,Aedes_lineatopennis,female,Train
trays/4518/specimens/4518_1/back.jpg,4518_1,back,27,culex,Culex_quinquefasciatus,female,Train
trays/1166/specimens/13989/front.jpg,13989,front,16,anopheles,Anopheles_crucians,female,Train
trays/5732/specimens/5732_0/back.jpg,5732_0,back,8,aedes,Aedes_lineatopennis,female,Train
trays/12870/specimens/agamotto-idt1-beta53_1421/back.jpg,agamotto-idt1-beta53_1421,back,12,aedes,Aedes_taeniorhynchus,female,Train
trays/1191/specimens/14285/front.jpg,14285,front,25,culex,Culex_nigripalpus,female,Train
trays/4204/specimens/50362/front.jpg,50362,front,13,aedes,Aedes_triseriatus,female,Train
trays/4251/specimens/50924/back.jpg,50924,back,16,anopheles,Anopheles_crucians_sl,female,Train
trays/1256/specimens/15072/front.jpg,15072,front,2,aedes,Aedes_atlanticus,female,Train
trays/8067/specimens/agamotto-idt1-beta24_415/front.jpg,agamotto-idt1-beta24_415,front,4,aedes,Aedes_communis,male,Train
trays/2878/specimens/34513/back.jpg,34513,back,5,aedes,Aedes_dorsalis,female,Train
trays/414/specimens/4965/back.jpg,4965,back,10,aedes,Aedes_melanimon,female,Train
trays/3273/specimens/39219/front.jpg,39219,front,27,culex,Culex_pipiens_sl,female,Train
trays/546/specimens/6547/front.jpg,6547,front,5,aedes,Aedes_dorsalis,female,Train
trays/3235/specimens/38772/front.jpg,38772,front,30,culex,Culex_tarsalis,female,Train
trays/480/specimens/5753/front.jpg,5753,front,29,culex,Culex_salinarius,female,Train
trays/2706/specimens/32452/back.jpg,32452,back,22,anopheles,Anopheles_quadrimaculatus_sl,female,Train
trays/2974/specimens/35664/front.jpg,35664,front,14,aedes,Aedes_vexans,female,Train
trays/4351/specimens/4351_7/front.jpg,4351_7,front,18,anopheles,Anopheles_funestus_s.l,female,Train
trays/2700/specimens/32386/front.jpg,32386,front,22,anopheles,Anopheles_quadrimaculatus_sl,female,Train
trays/3708/specimens/44442/front.jpg,44442,front,27,culex,Culex_quinquefasciatus_bcs,male,Train
trays/5727/specimens/5727_3/back.jpg,5727_3,back,8,aedes,Aedes_lineatopennis,female,Train
trays/3280/specimens/39312/back.jpg,39312,back,11,aedes,Aedes_sierrensis,male,Train
trays/3786/specimens/45384/front.jpg,45384,front,22,anopheles,Anopheles_quadrimaculatus,female,Train
trays/4725/specimens/4725_6/front.jpg,4725_6,front,15,anopheles,Anopheles_coustani,female,Train
trays/3111/specimens/37289/back.jpg,37289,back,19,anopheles,Anopheles_gambiae_cdc-g3,female,Train
trays/1265/specimens/15179/back.jpg,15179,back,2,aedes,Aedes_atlanticus,female,Train
trays/2867/specimens/34386/front.jpg,34386,front,14,aedes,Aedes_vexans,female,Train
trays/3671/specimens/43995/front.jpg,43995,front,1,aedes,Aedes_albopictus,male,Train
trays/2928/specimens/35114/front.jpg,35114,front,5,aedes,Aedes_dorsalis,female,Train
trays/4253/specimens/50947/front.jpg,50947,front,22,anopheles,Anopheles_quadrimaculatus,female,Train
trays/4252/specimens/50940/front.jpg,50940,front,21,anopheles,Anopheles_punctipennis,female,Train
trays/2994/specimens/35896/back.jpg,35896,back,14,aedes,Aedes_vexans,female,Train
trays/7299/specimens/agamotto-idt1-beta30_3635/front.jpg,agamotto-idt1-beta30_3635,front,26,culex,Culex_orientalis,female,Train
trays/1944/specimens/23328/back.jpg,23328,back,25,culex,Culex_nigripalpus,female,Train
trays/7282/specimens/agamotto-idt1-beta30_3427/back.jpg,agamotto-idt1-beta30_3427,back,26,culex,Culex_orientalis,female,Train
trays/6126/specimens/agamotto-idt1-beta03_106/back.jpg,agamotto-idt1-beta03_106,back,11,aedes,Aedes_sierrensis,female,Train
trays/5900/specimens/5900_0/front.jpg,5900_0,front,31,culex,Culex_tritaeniorhynchus,female,Train
trays/1254/specimens/15041/back.jpg,15041,back,2,aedes,Aedes_atlanticus,female,Train
trays/1221/specimens/14643/front.jpg,14643,front,10,aedes,Aedes_melanimon,female,Train
trays/2704/specimens/32428/back.jpg,32428,back,22,anopheles,Anopheles_quadrimaculatus_sl,female,Train
trays/478/specimens/5725/front.jpg,5725,front,12,aedes,Aedes_taeniorhynchus,female,Train
trays/2703/specimens/32423/back.jpg,32423,back,22,anopheles,Anopheles_quadrimaculatus_sl,female,Train
trays/3280/specimens/39303/back.jpg,39303,back,11,aedes,Aedes_sierrensis,male,Train
trays/10696/specimens/agamotto-idt1-beta24_2510/back.jpg,agamotto-idt1-beta24_2510,back,16,anopheles,Anopheles_crucians_sl,female,Train
trays/1408/specimens/16888/back.jpg,16888,back,13,aedes,Aedes_triseriatus,female,Train
trays/5086/specimens/5086_8/back.jpg,5086_8,back,9,aedes,Aedes_mcintoshi,female,Train
trays/5079/specimens/5079_2/back.jpg,5079_2,back,9,aedes,Aedes_mcintoshi,female,Train
trays/522/specimens/6261/front.jpg,6261,front,12,aedes,Aedes_taeniorhynchus,female,Train
trays/3394/specimens/40680/front.jpg,40680,front,18,anopheles,Anopheles_funestus_fumoz,female,Train
trays/22225/specimens/agamotto-idt1-beta22_7683/front.jpg,agamotto-idt1-beta22_7683,front,0,aedes,Aedes_aegypti,female,Train
trays/8168/specimens/agamotto-idt1-beta28_130/back.jpg,agamotto-idt1-beta28_130,back,5,aedes,Aedes_dorsalis,female,Train
trays/7278/specimens/agamotto-idt1-beta30_3376/front.jpg,agamotto-idt1-beta30_3376,front,26,culex,Culex_orientalis,female,Train
trays/11156/specimens/agamotto-idt1-beta28_2836/front.jpg,agamotto-idt1-beta28_2836,front,17,anopheles,Anopheles_freeborni,male,Train
trays/3051/specimens/36587/back.jpg,36587,back,23,anopheles,Anopheles_stephensi,female,Train
trays/3117/specimens/37357/front.jpg,37357,front,19,anopheles,Anopheles_gambiae_cdc-g3,male,Train
trays/1181/specimens/14162/front.jpg,14162,front,12,aedes,Aedes_taeniorhynchus,female,Train
trays/8067/specimens/agamotto-idt1-beta24_413/back.jpg,agamotto-idt1-beta24_413,back,4,aedes,Aedes_communis,male,Train
trays/4960/specimens/4960_7/front.jpg,4960_7,front,6,aedes,Aedes_japonicus,female,Train
trays/3058/specimens/36671/front.jpg,36671,front,23,anopheles,Anopheles_stephensi,male,Train
trays/2840/specimens/34066/back.jpg,34066,back,14,aedes,Aedes_vexans,female,Train
trays/4252/specimens/50939/front.jpg,50939,front,21,anopheles,Anopheles_punctipennis,female,Train
trays/3060/specimens/36689/back.jpg,36689,back,23,anopheles,Anopheles_stephensi,male,Train
trays/5852/specimens/5852_2/front.jpg,5852_2,front,24,culex,Culex_bitaeniorhynchus,female,Train
trays/6392/specimens/agamotto-idt1-beta30_1226/back.jpg,agamotto-idt1-beta30_1226,back,7,aedes,Aedes_koreicus,female,Train
trays/8231/specimens/agamotto-idt1-beta24_679/back.jpg,agamotto-idt1-beta24_679,back,4,aedes,Aedes_communis,female,Train
trays/2948/specimens/35355/front.jpg,35355,front,14,aedes,Aedes_vexans,female,Train
trays/4695/specimens/4695_11/front.jpg,4695_11,front,20,anopheles,Anopheles_pharoensis,female,Train
trays/3806/specimens/45619/back.jpg,45619,back,21,anopheles,Anopheles_punctipennis,female,Train
trays/3706/specimens/44416/front.jpg,44416,front,27,culex,Culex_quinquefasciatus_bcs,female,Train
trays/5851/specimens/5851_3/back.jpg,5851_3,back,24,culex,Culex_bitaeniorhynchus,female,Train
trays/1181/specimens/14172/front.jpg,14172,front,12,aedes,Aedes_taeniorhynchus,female,Train
trays/7275/specimens/agamotto-idt1-beta30_3347/back.jpg,agamotto-idt1-beta30_3347,back,26,culex,Culex_orientalis,female,Train
trays/4161/specimens/49837/front.jpg,49837,front,18,anopheles,Anopheles_funestus,female,Train
trays/3581/specimens/42916/back.jpg,42916,back,28,culex,Culex_restuans,female,Train
trays/10440/specimens/agamotto-idt1-beta49_858/back.jpg,agamotto-idt1-beta49_858,back,6,aedes,Aedes_japonicus,female,Train
trays/4515/specimens/4515_11/back.jpg,4515_11,back,27,culex,Culex_quinquefasciatus,male,Train
trays/573/specimens/6866/back.jpg,6866,back,13,aedes,Aedes_triseriatus,female,Train
trays/3028/specimens/36303/front.jpg,36303,front,3,aedes,Aedes_canadensis,female,Train
trays/5906/specimens/5906_3/back.jpg,5906_3,back,31,culex,Culex_tritaeniorhynchus,female,Train
trays/5724/specimens/5724_5/back.jpg,5724_5,back,8,aedes,Aedes_lineatopennis,female,Train
trays/6390/specimens/agamotto-idt1-beta30_1205/back.jpg,agamotto-idt1-beta30_1205,back,7,aedes,Aedes_koreicus,female,Train
trays/680/specimens/8153/back.jpg,8153,back,29,culex,Culex_salinarius,female,Train
trays/575/specimens/6900/back.jpg,6900,back,3,aedes,Aedes_canadensis,female,Train
trays/8231/specimens/agamotto-idt1-beta24_678/front.jpg,agamotto-idt1-beta24_678,front,4,aedes,Aedes_communis,female,Train
trays/6405/specimens/agamotto-idt1-beta30_1388/front.jpg,agamotto-idt1-beta30_1388,front,7,aedes,Aedes_koreicus,female,Train
trays/1061/specimens/12722/back.jpg,12722,back,10,aedes,Aedes_melanimon,female,Train
trays/1144/specimens/13723/front.jpg,13723,front,17,anopheles,Anopheles_freeborni,female,Train
trays/4170/specimens/49945/back.jpg,49945,back,18,anopheles,Anopheles_funestus_s.l,female,Train
trays/2413/specimens/28938/front.jpg,28938,front,13,aedes,Aedes_triseriatus,female,Train
trays/558/specimens/6694/front.jpg,6694,front,25,culex,Culex_nigripalpus,male,Train
trays/7277/specimens/agamotto-idt1-beta30_3364/back.jpg,agamotto-idt1-beta30_3364,back,26,culex,Culex_orientalis,female,Train
trays/4156/specimens/49781/back.jpg,49781,back,18,anopheles,Anopheles_funestus_s.l,female,Train
trays/4508/specimens/4508_10/front.jpg,4508_10,front,27,culex,Culex_quinquefasciatus,male,Train
trays/1094/specimens/13117/back.jpg,13117,back,17,anopheles,Anopheles_freeborni,female,Train
trays/412/specimens/4936/back.jpg,4936,back,10,aedes,Aedes_melanimon,female,Train
trays/5634/specimens/5634_5/back.jpg,5634_5,back,9,aedes,Aedes_mcintoshi,female,Train
trays/5853/specimens/5853_8/back.jpg,5853_8,back,24,culex,Culex_bitaeniorhynchus,female,Train
trays/5077/specimens/5077_11/back.jpg,5077_11,back,9,aedes,Aedes_mcintoshi,female,Train
trays/3051/specimens/36587/front.jpg,36587,front,23,anopheles,Anopheles_stephensi,female,Train
trays/2975/specimens/35674/back.jpg,35674,back,27,culex,Culex_pipiens_sl.,female,Train
trays/4203/specimens/50349/front.jpg,50349,front,28,culex,Culex_restuans,female,Train
trays/22434/specimens/agamotto-idt1-beta02_5360/back.jpg,agamotto-idt1-beta02_5360,back,1,aedes,Aedes_albopictus,female,Train
trays/5729/specimens/5729_2/front.jpg,5729_2,front,8,aedes,Aedes_lineatopennis,female,Train
trays/8199/specimens/agamotto-idt1-beta24_638/back.jpg,agamotto-idt1-beta24_638,back,4,aedes,Aedes_communis,female,Train
trays/4205/specimens/50371/back.jpg,50371,back,13,aedes,Aedes_triseriatus,female,Train
trays/477/specimens/5722/front.jpg,5722,front,12,aedes,Aedes_taeniorhynchus,female,Train
trays/4742/specimens/4742_8/back.jpg,4742_8,back,15,anopheles,Anopheles_coustani_s.l,female,Train
trays/23985/specimens/agamotto-idt1-beta66_23349/back.jpg,agamotto-idt1-beta66_23349,back,6,aedes,Aedes_japonicus,female,Train
trays/1945/specimens/23336/back.jpg,23336,back,25,culex,Culex_nigripalpus,female,Train
trays/1334/specimens/16008/front.jpg,16008,front,10,aedes,Aedes_melanimon,female,Train
trays/7283/specimens/agamotto-idt1-beta30_3441/back.jpg,agamotto-idt1-beta30_3441,back,26,culex,Culex_orientalis,female,Train
trays/3572/specimens/42816/front.jpg,42816,front,16,anopheles,Anopheles_crucians_sl,female,Train
trays/3035/specimens/36387/front.jpg,36387,front,3,aedes,Aedes_canadensis,female,Train
trays/4253/specimens/50942/front.jpg,50942,front,21,anopheles,Anopheles_punctipennis,female,Train
trays/2862/specimens/34325/front.jpg,34325,front,5,aedes,Aedes_dorsalis,female,Train
trays/4251/specimens/50919/back.jpg,50919,back,16,anopheles,Anopheles_crucians_sl,female,Train
trays/7281/specimens/agamotto-idt1-beta30_3416/front.jpg,agamotto-idt1-beta30_3416,front,26,culex,Culex_orientalis,female,Train
trays/4302/specimens/4302_0/back.jpg,4302_0,back,28,culex,Culex_restuans,female,Train
trays/2915/specimens/34968/back.jpg,34968,back,14,aedes,Aedes_vexans,female,Train
trays/3267/specimens/39150/front.jpg,39150,front,27,culex,Culex_pipiens_sl,female,Train
trays/6431/specimens/agamotto-idt1-beta30_1697/back.jpg,agamotto-idt1-beta30_1697,back,7,aedes,Aedes_koreicus,female,Train
trays/3435/specimens/41171/back.jpg,41171,back,19,anopheles,Anopheles_gambiae_cdcg3,female,Train
trays/4725/specimens/4725_11/back.jpg,4725_11,back,15,anopheles,Anopheles_coustani,female,Train
trays/23977/specimens/agamotto-idt1-beta41_3730/back.jpg,agamotto-idt1-beta41_3730,back,0,aedes,Aedes_aegypti,female,Train
trays/413/specimens/4950/back.jpg,4950,back,10,aedes,Aedes_melanimon,female,Train
trays/526/specimens/6301/front.jpg,6301,front,21,anopheles,Anopheles_punctipennis,female,Train
trays/1161/specimens/13921/back.jpg,13921,back,16,anopheles,Anopheles_crucians,female,Train
trays/3502/specimens/41967/back.jpg,41967,back,27,culex,Culex_quinqufasciatus_bamako,male,Train
trays/3958/specimens/47429/front.jpg,47429,front,15,anopheles,Anopheles_coustani,female,Train
trays/3235/specimens/38768/back.jpg,38768,back,30,culex,Culex_tarsalis,female,Train
trays/6129/specimens/agamotto-idt1-beta03_140/back.jpg,agamotto-idt1-beta03_140,back,11,aedes,Aedes_sierrensis,female,Train
trays/507/specimens/6073/front.jpg,6073,front,5,aedes,Aedes_dorsalis,female,Train
trays/3235/specimens/38771/front.jpg,38771,front,30,culex,Culex_tarsalis,female,Train
trays/675/specimens/8098/back.jpg,8098,back,29,culex,Culex_salinarius,female,Train
trays/8202/specimens/agamotto-idt1-beta24_649/back.jpg,agamotto-idt1-beta24_649,back,4,aedes,Aedes_communis,female,Train
trays/6410/specimens/agamotto-idt1-beta30_1443/back.jpg,agamotto-idt1-beta30_1443,back,7,aedes,Aedes_koreicus,female,Train
trays/554/specimens/6638/back.jpg,6638,back,25,culex,Culex_nigripalpus,female,Train
trays/5729/specimens/5729_6/front.jpg,5729_6,front,8,aedes,Aedes_lineatopennis,female,Train
trays/533/specimens/6385/back.jpg,6385,back,6,aedes,Aedes_japonicus,female,Train
trays/8231/specimens/agamotto-idt1-beta24_684/back.jpg,agamotto-idt1-beta24_684,back,4,aedes,Aedes_communis,female,Train
trays/2798/specimens/33559/back.jpg,33559,back,5,aedes,Aedes_dorsalis,female,Train
trays/6120/specimens/agamotto-idt1-beta03_42/back.jpg,agamotto-idt1-beta03_42,back,11,aedes,Aedes_sierrensis,female,Train
trays/3580/specimens/42903/back.jpg,42903,back,28,culex,Culex_restuans,male,Train
trays/1165/specimens/13973/front.jpg,13973,front,16,anopheles,Anopheles_crucians,female,Train
trays/3055/specimens/36628/back.jpg,36628,back,23,anopheles,Anopheles_stephensi,female,Train
trays/1221/specimens/14641/front.jpg,14641,front,10,aedes,Aedes_melanimon,female,Train
trays/3234/specimens/38749/front.jpg,38749,front,30,culex,Culex_tarsalis,female,Train
trays/5860/specimens/5860_10/back.jpg,5860_10,back,24,culex,Culex_bitaeniorhynchus,female,Train
trays/6780/specimens/agamotto-idt1-beta15_1185/back.jpg,agamotto-idt1-beta15_1185,back,19,anopheles,Anopheles_arabiensis,male,Train
trays/3775/specimens/45246/front.jpg,45246,front,1,aedes,Aedes_albopictus,female,Train
trays/5858/specimens/5858_4/back.jpg,5858_4,back,24,culex,Culex_bitaeniorhynchus,female,Train
trays/3237/specimens/38789/back.jpg,38789,back,30,culex,Culex_tarsalis,female,Train
trays/2842/specimens/34085/back.jpg,34085,back,5,aedes,Aedes_dorsalis,female,Train
trays/4741/specimens/4741_5/back.jpg,4741_5,back,15,anopheles,Anopheles_coustani_s.l,female,Train
trays/7297/specimens/agamotto-idt1-beta30_3612/back.jpg,agamotto-idt1-beta30_3612,back,26,culex,Culex_orientalis,female,Train
trays/1248/specimens/14976/front.jpg,14976,front,2,aedes,Aedes_atlanticus,female,Train
trays/5078/specimens/5078_1/back.jpg,5078_1,back,9,aedes,Aedes_mcintoshi,female,Train
trays/1253/specimens/15032/front.jpg,15032,front,2,aedes,Aedes_atlanticus,female,Train
trays/4174/specimens/50002/back.jpg,50002,back,18,anopheles,Anopheles_funestus,female,Train
trays/526/specimens/6308/back.jpg,6308,back,21,anopheles,Anopheles_punctipennis,female,Train
trays/3239/specimens/38819/back.jpg,38819,back,30,culex,Culex_tarsalis,female,Train
trays/2862/specimens/34323/back.jpg,34323,back,5,aedes,Aedes_dorsalis,female,Train
trays/478/specimens/5731/front.jpg,5731,front,12,aedes,Aedes_taeniorhynchus,female,Train
trays/22837/specimens/agamotto-idt1-beta87_5709/back.jpg,agamotto-idt1-beta87_5709,back,30,culex,Culex_tarsalis,female,Train
trays/6126/specimens/agamotto-idt1-beta03_108/front.jpg,agamotto-idt1-beta03_108,front,11,aedes,Aedes_sierrensis,female,Train
trays/6769/specimens/agamotto-idt1-beta15_1056/front.jpg,agamotto-idt1-beta15_1056,front,19,anopheles,Anopheles_arabiensis,female,Train
trays/5085/specimens/5085_1/back.jpg,5085_1,back,9,aedes,Aedes_mcintoshi,female,Train
trays/5855/specimens/5855_6/back.jpg,5855_6,back,24,culex,Culex_bitaeniorhynchus,female,Train
trays/3428/specimens/41081/front.jpg,41081,front,19,anopheles,Anopheles_gambiae_cdcg3,female,Train
trays/4497/specimens/4497_4/back.jpg,4497_4,back,27,culex,Culex_quinquefasciatus,male,Train
trays/3280/specimens/39306/back.jpg,39306,back,11,aedes,Aedes_sierrensis,male,Train
trays/1255/specimens/15056/front.jpg,15056,front,2,aedes,Aedes_atlanticus,female,Train
trays/3623/specimens/43417/back.jpg,43417,back,22,anopheles,Anopheles_quadrimaculatus_sl,female,Train
trays/4706/specimens/4706_11/back.jpg,4706_11,back,20,anopheles,Anopheles_pharoensis,female,Train
trays/8163/specimens/agamotto-idt1-beta24_544/front.jpg,agamotto-idt1-beta24_544,front,4,aedes,Aedes_communis,male,Train
trays/2416/specimens/28972/front.jpg,28972,front,17,anopheles,Anopheles_freeborni,female,Train
trays/22758/specimens/agamotto-idt1-beta66_19785/back.jpg,agamotto-idt1-beta66_19785,back,1,aedes,Aedes_albopictus,male,Train
trays/533/specimens/6391/back.jpg,6391,back,6,aedes,Aedes_japonicus,female,Train
trays/6112/specimens/agamotto-idt1-beta15_36/back.jpg,agamotto-idt1-beta15_36,back,9,aedes,Aedes_mcintoshi,female,Train
trays/7274/specimens/agamotto-idt1-beta30_3334/back.jpg,agamotto-idt1-beta30_3334,back,26,culex,Culex_orientalis,female,Train
trays/8066/specimens/agamotto-idt1-beta24_404/back.jpg,agamotto-idt1-beta24_404,back,4,aedes,Aedes_communis,male,Train
trays/514/specimens/6161/front.jpg,6161,front,12,aedes,Aedes_taeniorhynchus,female,Train
trays/3587/specimens/42990/front.jpg,42990,front,28,culex,Culex_restuans,female,Train
trays/6446/specimens/agamotto-idt1-beta30_1876/front.jpg,agamotto-idt1-beta30_1876,front,7,aedes,Aedes_koreicus,female,Train
trays/4161/specimens/49847/front.jpg,49847,front,18,anopheles,Anopheles_funestus,female,Train
trays/3265/specimens/39131/back.jpg,39131,back,27,culex,Culex_pipiens_sl,female,Train
trays/8438/specimens/agamotto-idt1-beta28_1081/back.jpg,agamotto-idt1-beta28_1081,back,27,culex,Culex_quinquefasciatus,female,Train
trays/24436/specimens/agamotto-idt1-beta02_6027/back.jpg,agamotto-idt1-beta02_6027,back,1,aedes,Aedes_albopictus,female,Train
trays/3232/specimens/38725/back.jpg,38725,back,30,culex,Culex_tarsalis,female,Train
trays/1951/specimens/23409/front.jpg,23409,front,25,culex,Culex_nigripalpus,female,Train
trays/7124/specimens/agamotto-idt1-beta15_2769/front.jpg,agamotto-idt1-beta15_2769,front,9,aedes,Aedes_mcintoshi,female,Train
trays/3260/specimens/39063/back.jpg,39063,back,28,culex,Culex_restuans,female,Train
trays/3230/specimens/38710/front.jpg,38710,front,30,culex,Culex_tarsalis,female,Train
trays/1161/specimens/13931/back.jpg,13931,back,16,anopheles,Anopheles_crucians,female,Train
trays/5860/specimens/5860_1/back.jpg,5860_1,back,24,culex,Culex_bitaeniorhynchus,female,Train
trays/7938/specimens/agamotto-idt1-beta03_480/front.jpg,agamotto-idt1-beta03_480,front,11,aedes,Aedes_sierrensis,female,Train
trays/6428/specimens/agamotto-idt1-beta30_1660/back.jpg,agamotto-idt1-beta30_1660,back,7,aedes,Aedes_koreicus,female,Train
trays/11055/specimens/agamotto-idt1-beta28_2570/front.jpg,agamotto-idt1-beta28_2570,front,14,aedes,Aedes_vexans,female,Train
trays/5869/specimens/5869_6/back.jpg,5869_6,back,24,culex,Culex_bitaeniorhynchus,female,Train
trays/5868/specimens/5868_10/front.jpg,5868_10,front,24,culex,Culex_bitaeniorhynchus,female,Train
trays/8161/specimens/agamotto-idt1-beta24_523/front.jpg,agamotto-idt1-beta24_523,front,4,aedes,Aedes_communis,male,Train
trays/3446/specimens/41304/front.jpg,41304,front,23,anopheles,Anopheles_stephensi_nijmegen,female,Train
trays/4507/specimens/4507_4/front.jpg,4507_4,front,27,culex,Culex_quinquefasciatus,male,Train
trays/4201/specimens/50320/front.jpg,50320,front,29,culex,Culex_salinarius,female,Train
trays/8202/specimens/agamotto-idt1-beta24_650/back.jpg,agamotto-idt1-beta24_650,back,4,aedes,Aedes_communis,male,Train
trays/5859/specimens/5859_0/back.jpg,5859_0,back,24,culex,Culex_bitaeniorhynchus,female,Train
trays/3231/specimens/38724/back.jpg,38724,back,30,culex,Culex_tarsalis,female,Train
trays/7280/specimens/agamotto-idt1-beta30_3406/back.jpg,agamotto-idt1-beta30_3406,back,26,culex,Culex_orientalis,female,Train
trays/4742/specimens/4742_3/front.jpg,4742_3,front,20,anopheles,Anopheles_pharoensis,female,Train
trays/2862/specimens/34323/front.jpg,34323,front,5,aedes,Aedes_dorsalis,female,Train
trays/11312/specimens/agamotto-idt1-beta66_4241/back.jpg,agamotto-idt1-beta66_4241,back,25,culex,Culex_nigripalpus,female,Train
trays/3230/specimens/38708/back.jpg,38708,back,30,culex,Culex_tarsalis,female,Train
trays/3268/specimens/39163/front.jpg,39163,front,27,culex,Culex_pipiens_sl,female,Train
trays/3109/specimens/37271/back.jpg,37271,back,19,anopheles,Anopheles_gambiae_cdc-g3,female,Train
trays/1410/specimens/16913/back.jpg,16913,back,6,aedes,Aedes_japonicus,female,Train
trays/22412/specimens/agamotto-idt1-beta42_3814/back.jpg,agamotto-idt1-beta42_3814,back,0,aedes,Aedes_aegypti,female,Train
trays/2892/specimens/34687/back.jpg,34687,back,2,aedes,Aedes_atlanticus,female,Train
trays/1297/specimens/15563/back.jpg,15563,back,13,aedes,Aedes_triseriatus,female,Train
trays/1251/specimens/15005/back.jpg,15005,back,2,aedes,Aedes_atlanticus,female,Train
trays/4357/specimens/4357_4/front.jpg,4357_4,front,15,anopheles,Anopheles_coustani,female,Train
trays/478/specimens/5726/back.jpg,5726,back,12,aedes,Aedes_taeniorhynchus,female,Train
trays/8065/specimens/agamotto-idt1-beta24_390/front.jpg,agamotto-idt1-beta24_390,front,4,aedes,Aedes_communis,male,Train
trays/1163/specimens/13952/front.jpg,13952,front,16,anopheles,Anopheles_crucians,female,Train
trays/3573/specimens/42817/back.jpg,42817,back,16,anopheles,Anopheles_crucians_sl,male,Train
trays/4252/specimens/50931/front.jpg,50931,front,21,anopheles,Anopheles_punctipennis,female,Train
trays/2923/specimens/35053/back.jpg,35053,back,5,aedes,Aedes_dorsalis,female,Train
trays/2931/specimens/35158/back.jpg,35158,back,14,aedes,Aedes_vexans,female,Train
trays/3280/specimens/39308/front.jpg,39308,front,11,aedes,Aedes_sierrensis,male,Train
trays/4528/specimens/4528_6/front.jpg,4528_6,front,21,anopheles,Anopheles_punctipennis,female,Train
trays/4742/specimens/4742_4/front.jpg,4742_4,front,20,anopheles,Anopheles_pharoensis,female,Train
trays/4709/specimens/4709_2/front.jpg,4709_2,front,20,anopheles,Anopheles_pharoensis,female,Train
trays/4696/specimens/4696_4/back.jpg,4696_4,back,20,anopheles,Anopheles_pharoensis,female,Train
trays/3232/specimens/38730/front.jpg,38730,front,30,culex,Culex_tarsalis,female,Train
trays/404/specimens/4848/back.jpg,4848,back,17,anopheles,Anopheles_freeborni,female,Train
trays/5731/specimens/5731_9/front.jpg,5731_9,front,8,aedes,Aedes_lineatopennis,female,Train
trays/3029/specimens/36317/back.jpg,36317,back,3,aedes,Aedes_canadensis,female,Train
trays/1298/specimens/15570/back.jpg,15570,back,13,aedes,Aedes_triseriatus,female,Train
trays/2959/specimens/35476/back.jpg,35476,back,14,aedes,Aedes_vexans,female,Train
trays/24895/specimens/agamotto-idt1-beta95_4501/front.jpg,agamotto-idt1-beta95_4501,front,25,culex,Culex_nigripalpus,,Train
trays/8164/specimens/agamotto-idt1-beta24_560/back.jpg,agamotto-idt1-beta24_560,back,4,aedes,Aedes_communis,male,Train
trays/5922/specimens/5922_9/back.jpg,5922_9,back,31,culex,Culex_tritaeniorhynchus,female,Train
trays/1180/specimens/14150/front.jpg,14150,front,12,aedes,Aedes_taeniorhynchus,female,Train
trays/8233/specimens/agamotto-idt1-beta24_692/back.jpg,agamotto-idt1-beta24_692,back,4,aedes,Aedes_communis,female,Train
trays/8202/specimens/agamotto-idt1-beta24_658/front.jpg,agamotto-idt1-beta24_658,front,4,aedes,Aedes_communis,female,Train
trays/4708/specimens/4708_1/front.jpg,4708_1,front,20,anopheles,Anopheles_pharoensis,female,Train
trays/575/specimens/6899/front.jpg,6899,front,3,aedes,Aedes_canadensis,female,Train
trays/575/specimens/6892/front.jpg,6892,front,3,aedes,Aedes_canadensis,female,Train
trays/2800/specimens/33579/back.jpg,33579,back,5,aedes,Aedes_dorsalis,female,Train
trays/1410/specimens/16913/front.jpg,16913,front,6,aedes,Aedes_japonicus,female,Train
trays/3397/specimens/40710/front.jpg,40710,front,18,anopheles,Anopheles_funestus_fumoz,female,Train
trays/4738/specimens/4738_1/back.jpg,4738_1,back,20,anopheles,Anopheles_pharoensis,female,Train
trays/10713/specimens/agamotto-idt1-beta66_2398/front.jpg,agamotto-idt1-beta66_2398,front,6,aedes,Aedes_japonicus,female,Train
trays/20710/specimens/agamotto-idt1-beta02_4650/back.jpg,agamotto-idt1-beta02_4650,back,1,aedes,Aedes_albopictus,female,Train
trays/7278/specimens/agamotto-idt1-beta30_3384/front.jpg,agamotto-idt1-beta30_3384,front,26,culex,Culex_orientalis,female,Train
trays/1180/specimens/14154/back.jpg,14154,back,12,aedes,Aedes_taeniorhynchus,female,Train
trays/1091/specimens/13092/front.jpg,13092,front,17,anopheles,Anopheles_freeborni,female,Train
trays/6120/specimens/agamotto-idt1-beta03_41/back.jpg,agamotto-idt1-beta03_41,back,11,aedes,Aedes_sierrensis,male,Train
trays/2409/specimens/28889/front.jpg,28889,front,29,culex,Culex_salinarius,female,Train
trays/522/specimens/6255/back.jpg,6255,back,12,aedes,Aedes_taeniorhynchus,female,Train
trays/529/specimens/6338/back.jpg,6338,back,6,aedes,Aedes_japonicus,female,Train
trays/4170/specimens/49951/front.jpg,49951,front,18,anopheles,Anopheles_funestus_s.l,female,Train
trays/5634/specimens/5634_4/front.jpg,5634_4,front,9,aedes,Aedes_mcintoshi,female,Train
trays/7282/specimens/agamotto-idt1-beta30_3432/back.jpg,agamotto-idt1-beta30_3432,back,26,culex,Culex_orientalis,female,Train
trays/4745/specimens/4745_1/back.jpg,4745_1,back,20,anopheles,Anopheles_pharoensis,female,Train
trays/3237/specimens/38788/front.jpg,38788,front,30,culex,Culex_tarsalis,female,Train
trays/6129/specimens/agamotto-idt1-beta03_138/front.jpg,agamotto-idt1-beta03_138,front,11,aedes,Aedes_sierrensis,female,Train
trays/3263/specimens/39107/front.jpg,39107,front,27,culex,Culex_pipiens_sl,female,Train
trays/3058/specimens/36671/back.jpg,36671,back,23,anopheles,Anopheles_stephensi,male,Train
trays/546/specimens/6543/front.jpg,6543,front,5,aedes,Aedes_dorsalis,female,Train
trays/5859/specimens/5859_4/back.jpg,5859_4,back,24,culex,Culex_bitaeniorhynchus,female,Train
trays/3228/specimens/38685/back.jpg,38685,back,30,culex,Culex_tarsalis,female,Train
trays/3116/specimens/37351/back.jpg,37351,back,19,anopheles,Anopheles_gambiae_cdc-g3,male,Train
trays/4356/specimens/4356_9/back.jpg,4356_9,back,15,anopheles,Anopheles_coustani,female,Train
trays/7796/specimens/agamotto-idt1-beta30_7403/front.jpg,agamotto-idt1-beta30_7403,front,7,aedes,Aedes_koreicus,male,Train
trays/5851/specimens/5851_1/front.jpg,5851_1,front,24,culex,Culex_bitaeniorhynchus,female,Train
trays/21678/specimens/agamotto-idt1-beta59_595/back.jpg,agamotto-idt1-beta59_595,back,1,aedes,Aedes_albopictus,,Train
trays/23950/specimens/agamotto-idt1-beta41_3694/back.jpg,agamotto-idt1-beta41_3694,back,0,aedes,Aedes_aegypti,female,Train
trays/11055/specimens/agamotto-idt1-beta28_2577/back.jpg,agamotto-idt1-beta28_2577,back,14,aedes,Aedes_vexans,female,Train
trays/2861/specimens/34313/front.jpg,34313,front,5,aedes,Aedes_dorsalis,female,Train
trays/523/specimens/6270/back.jpg,6270,back,12,aedes,Aedes_taeniorhynchus,female,Train
trays/1335/specimens/16014/back.jpg,16014,back,10,aedes,Aedes_melanimon,female,Train
trays/1164/specimens/13958/back.jpg,13958,back,16,anopheles,Anopheles_crucians,female,Train
trays/1183/specimens/14195/front.jpg,14195,front,12,aedes,Aedes_taeniorhynchus,female,Train
trays/9256/specimens/agamotto-idt1-beta24_1879/back.jpg,agamotto-idt1-beta24_1879,back,2,aedes,Aedes_atlanticus,male,Train
trays/5729/specimens/5729_1/front.jpg,5729_1,front,8,aedes,Aedes_lineatopennis,female,Train
trays/8162/specimens/agamotto-idt1-beta24_538/back.jpg,agamotto-idt1-beta24_538,back,4,aedes,Aedes_communis,male,Train
trays/12358/specimens/agamotto-idt1-beta28_3399/front.jpg,agamotto-idt1-beta28_3399,front,1,aedes,Aedes_albopictus,female,Train
trays/11179/specimens/agamotto-idt1-beta28_3048/front.jpg,agamotto-idt1-beta28_3048,front,17,anopheles,Anopheles_freeborni,male,Train
trays/4204/specimens/50362/back.jpg,50362,back,13,aedes,Aedes_triseriatus,female,Train
trays/1180/specimens/14157/front.jpg,14157,front,12,aedes,Aedes_taeniorhynchus,female,Train
trays/3033/specimens/36369/front.jpg,36369,front,3,aedes,Aedes_canadensis,female,Train
trays/6396/specimens/agamotto-idt1-beta30_1277/front.jpg,agamotto-idt1-beta30_1277,front,7,aedes,Aedes_koreicus,female,Train
trays/3029/specimens/36319/front.jpg,36319,front,3,aedes,Aedes_canadensis,female,Train
trays/3771/specimens/45195/back.jpg,45195,back,6,aedes,Aedes_japonicus,female,Train
trays/507/specimens/6082/back.jpg,6082,back,5,aedes,Aedes_dorsalis,female,Train
trays/5856/specimens/5856_9/back.jpg,5856_9,back,24,culex,Culex_bitaeniorhynchus,female,Train
trays/8162/specimens/agamotto-idt1-beta24_535/back.jpg,agamotto-idt1-beta24_535,back,4,aedes,Aedes_communis,male,Train
trays/2417/specimens/28983/back.jpg,28983,back,17,anopheles,Anopheles_freeborni,female,Train
trays/3057/specimens/36652/front.jpg,36652,front,23,anopheles,Anopheles_stephensi,male,Train
trays/2864/specimens/34347/back.jpg,34347,back,5,aedes,Aedes_dorsalis,female,Train
trays/558/specimens/6686/front.jpg,6686,front,25,culex,Culex_nigripalpus,male,Train
trays/1144/specimens/13718/front.jpg,13718,front,17,anopheles,Anopheles_freeborni,female,Train
trays/8068/specimens/agamotto-idt1-beta24_431/front.jpg,agamotto-idt1-beta24_431,front,4,aedes,Aedes_communis,male,Train
trays/408/specimens/4892/front.jpg,4892,front,10,aedes,Aedes_melanimon,female,Train
trays/5822/specimens/5822_8/back.jpg,5822_8,back,9,aedes,Aedes_mcintoshi,female,Train
trays/5726/specimens/5726_9/back.jpg,5726_9,back,8,aedes,Aedes_lineatopennis,female,Train
trays/515/specimens/6175/back.jpg,6175,back,12,aedes,Aedes_taeniorhynchus,female,Train
trays/3400/specimens/40741/front.jpg,40741,front,18,anopheles,Anopheles_funestus_fumoz,male,Train
trays/14365/specimens/agamotto-idt1-beta22_2612/back.jpg,agamotto-idt1-beta22_2612,back,0,aedes,Aedes_aegypti,female,Train
trays/3050/specimens/36576/back.jpg,36576,back,23,anopheles,Anopheles_stephensi,female,Train
trays/6406/specimens/agamotto-idt1-beta30_1393/front.jpg,agamotto-idt1-beta30_1393,front,7,aedes,Aedes_koreicus,female,Train
trays/4709/specimens/4709_6/front.jpg,4709_6,front,20,anopheles,Anopheles_pharoensis,female,Train
trays/4715/specimens/4715_2/front.jpg,4715_2,front,20,anopheles,Anopheles_pharoensis,female,Train
trays/5085/specimens/5085_8/front.jpg,5085_8,front,9,aedes,Aedes_mcintoshi,female,Train
trays/2416/specimens/28970/front.jpg,28970,front,30,culex,Culex_tarsalis,female,Train
trays/5724/specimens/5724_1/front.jpg,5724_1,front,8,aedes,Aedes_lineatopennis,female,Train
trays/7296/specimens/agamotto-idt1-beta30_3592/back.jpg,agamotto-idt1-beta30_3592,back,26,culex,Culex_orientalis,female,Train
trays/1251/specimens/15011/back.jpg,15011,back,2,aedes,Aedes_atlanticus,female,Train
trays/3925/specimens/47033/front.jpg,47033,front,18,anopheles,Anopheles_funestus_s.l,female,Train
trays/1293/specimens/15507/front.jpg,15507,front,13,aedes,Aedes_triseriatus,female,Train
trays/3572/specimens/42809/back.jpg,42809,back,16,anopheles,Anopheles_crucians_sl,female,Train
trays/3586/specimens/42976/front.jpg,42976,front,28,culex,Culex_restuans,female,Train
trays/6770/specimens/agamotto-idt1-beta15_1064/back.jpg,agamotto-idt1-beta15_1064,back,19,anopheles,Anopheles_arabiensis,female,Train
trays/4507/specimens/4507_11/back.jpg,4507_11,back,27,culex,Culex_quinquefasciatus,male,Train
trays/3582/specimens/42929/front.jpg,42929,front,28,culex,Culex_restuans,male,Train
trays/3587/specimens/42992/back.jpg,42992,back,28,culex,Culex_restuans,female,Train
trays/10823/specimens/agamotto-idt1-beta41_1331/front.jpg,agamotto-idt1-beta41_1331,front,11,aedes,Aedes_sierrensis,female,Train
trays/6498/specimens/agamotto-idt1-beta30_2100/front.jpg,agamotto-idt1-beta30_2100,front,7,aedes,Aedes_koreicus,female,Train
trays/10775/specimens/agamotto-idt1-beta41_1246/front.jpg,agamotto-idt1-beta41_1246,front,11,aedes,Aedes_sierrensis,female,Train
trays/5726/specimens/5726_4/front.jpg,5726_4,front,8,aedes,Aedes_lineatopennis,female,Train
trays/11063/specimens/agamotto-idt1-beta28_2666/front.jpg,agamotto-idt1-beta28_2666,front,17,anopheles,Anopheles_freeborni,female,Train
trays/3806/specimens/45623/front.jpg,45623,front,21,anopheles,Anopheles_punctipennis,female,Train
trays/3783/specimens/45339/back.jpg,45339,back,22,anopheles,Anopheles_quadrimaculatus,female,Train
trays/531/specimens/6366/back.jpg,6366,back,6,aedes,Aedes_japonicus,female,Train
trays/4129/specimens/49485/back.jpg,49485,back,18,anopheles,Anopheles_funestus,male,Train
trays/7280/specimens/agamotto-idt1-beta30_3404/front.jpg,agamotto-idt1-beta30_3404,front,26,culex,Culex_orientalis,female,Train
trays/4514/specimens/4514_0/back.jpg,4514_0,back,27,culex,Culex_quinquefasciatus,male,Train
trays/555/specimens/6652/front.jpg,6652,front,25,culex,Culex_nigripalpus,female,Train
trays/3233/specimens/38746/front.jpg,38746,front,30,culex,Culex_tarsalis,female,Train
trays/10768/specimens/agamotto-idt1-beta41_1156/front.jpg,agamotto-idt1-beta41_1156,front,30,culex,Culex_tarsalis,female,Train
trays/5076/specimens/5076_0/back.jpg,5076_0,back,9,aedes,Aedes_mcintoshi,female,Train
trays/5076/specimens/5076_5/back.jpg,5076_5,back,9,aedes,Aedes_mcintoshi,female,Train
trays/22224/specimens/agamotto-idt1-beta22_7680/back.jpg,agamotto-idt1-beta22_7680,back,0,aedes,Aedes_aegypti,female,Train
trays/1404/specimens/16844/front.jpg,16844,front,29,culex,Culex_salinarius,female,Train
trays/1181/specimens/14163/front.jpg,14163,front,12,aedes,Aedes_taeniorhynchus,female,Train
trays/411/specimens/4928/back.jpg,4928,back,10,aedes,Aedes_melanimon,female,Train
trays/3059/specimens/36677/back.jpg,36677,back,23,anopheles,Anopheles_stephensi,male,Train
trays/7290/specimens/agamotto-idt1-beta30_3526/front.jpg,agamotto-idt1-beta30_3526,front,26,culex,Culex_orientalis,female,Train
trays/3446/specimens/41300/back.jpg,41300,back,23,anopheles,Anopheles_stephensi_nijmegen,female,Train
trays/3227/specimens/38669/front.jpg,38669,front,30,culex,Culex_tarsalis,female,Train
trays/3282/specimens/39328/front.jpg,39328,front,11,aedes,Aedes_sierrensis,male,Train
trays/1059/specimens/12703/back.jpg,12703,back,17,anopheles,Anopheles_freeborni,female,Train
trays/2924/specimens/35073/front.jpg,35073,front,5,aedes,Aedes_dorsalis,female,Train
trays/1181/specimens/14162/back.jpg,14162,back,12,aedes,Aedes_taeniorhynchus,female,Train
trays/2931/specimens/35153/front.jpg,35153,front,14,aedes,Aedes_vexans,female,Train
trays/1255/specimens/15052/back.jpg,15052,back,2,aedes,Aedes_atlanticus,female,Train
trays/11157/specimens/agamotto-idt1-beta28_2853/front.jpg,agamotto-idt1-beta28_2853,front,17,anopheles,Anopheles_freeborni,male,Train
trays/4344/specimens/4344_7/back.jpg,4344_7,back,15,anopheles,Anopheles_coustani,female,Train
trays/5855/specimens/5855_5/back.jpg,5855_5,back,24,culex,Culex_bitaeniorhynchus,female,Train
trays/3239/specimens/38816/back.jpg,38816,back,30,culex,Culex_tarsalis,female,Train
trays/5728/specimens/5728_6/back.jpg,5728_6,back,8,aedes,Aedes_lineatopennis,female,Train
trays/7290/specimens/agamotto-idt1-beta30_3524/back.jpg,agamotto-idt1-beta30_3524,back,26,culex,Culex_orientalis,female,Train
trays/3446/specimens/41299/front.jpg,41299,front,23,anopheles,Anopheles_stephensi_nijmegen,female,Train
trays/5080/specimens/5080_8/back.jpg,5080_8,back,9,aedes,Aedes_mcintoshi,female,Train
trays/3586/specimens/42974/back.jpg,42974,back,28,culex,Culex_restuans,female,Train
trays/3116/specimens/37353/front.jpg,37353,front,19,anopheles,Anopheles_gambiae_cdc-g3,male,Train
trays/3028/specimens/36301/back.jpg,36301,back,3,aedes,Aedes_canadensis,female,Train
trays/5732/specimens/5732_2/back.jpg,5732_2,back,8,aedes,Aedes_lineatopennis,female,Train
trays/5861/specimens/5861_9/front.jpg,5861_9,front,24,culex,Culex_bitaeniorhynchus,female,Train
trays/3030/specimens/36336/back.jpg,36336,back,3,aedes,Aedes_canadensis,female,Train
trays/523/specimens/6273/back.jpg,6273,back,12,aedes,Aedes_taeniorhynchus,female,Train
trays/5727/specimens/5727_11/front.jpg,5727_11,front,8,aedes,Aedes_lineatopennis,female,Train
trays/5723/specimens/5723_10/front.jpg,5723_10,front,8,aedes,Aedes_lineatopennis,female,Train
trays/3782/specimens/45332/front.jpg,45332,front,22,anopheles,Anopheles_quadrimaculatus,female,Train
trays/6774/specimens/agamotto-idt1-beta15_1109/back.jpg,agamotto-idt1-beta15_1109,back,19,anopheles,Anopheles_arabiensis,male,Train
trays/5725/specimens/5725_1/back.jpg,5725_1,back,8,aedes,Aedes_lineatopennis,female,Train
trays/531/specimens/6370/front.jpg,6370,front,6,aedes,Aedes_japonicus,female,Train
trays/3669/specimens/43971/front.jpg,43971,front,1,aedes,Aedes_albopictus,female,Train
trays/4504/specimens/4504_3/back.jpg,4504_3,back,27,culex,Culex_quinquefasciatus,male,Train
trays/527/specimens/6317/front.jpg,6317,front,21,anopheles,Anopheles_punctipennis,female,Train
trays/5868/specimens/5868_0/front.jpg,5868_0,front,24,culex,Culex_bitaeniorhynchus,female,Train
trays/3233/specimens/38744/back.jpg,38744,back,30,culex,Culex_tarsalis,female,Train
trays/531/specimens/6365/front.jpg,6365,front,6,aedes,Aedes_japonicus,female,Train
trays/530/specimens/6354/front.jpg,6354,front,6,aedes,Aedes_japonicus,female,Train
trays/531/specimens/6369/front.jpg,6369,front,6,aedes,Aedes_japonicus,female,Train
trays/4743/specimens/4743_0/back.jpg,4743_0,back,15,anopheles,Anopheles_coustani_s.l,female,Train
trays/3503/specimens/41987/back.jpg,41987,back,27,culex,Culex_quinqufasciatus_bamako,male,Train
trays/1183/specimens/14191/front.jpg,14191,front,12,aedes,Aedes_taeniorhynchus,female,Train
trays/2417/specimens/28991/back.jpg,28991,back,17,anopheles,Anopheles_freeborni,female,Train
trays/2801/specimens/33594/front.jpg,33594,front,5,aedes,Aedes_dorsalis,female,Train
trays/8065/specimens/agamotto-idt1-beta24_385/back.jpg,agamotto-idt1-beta24_385,back,4,aedes,Aedes_communis,male,Train
trays/4155/specimens/49768/front.jpg,49768,front,18,anopheles,Anopheles_funestus_s.l,female,Train
trays/680/specimens/8160/front.jpg,8160,front,29,culex,Culex_salinarius,female,Train
trays/2155/specimens/25853/front.jpg,25853,front,21,anopheles,Anopheles_punctipennis,male,Train
trays/1292/specimens/15503/back.jpg,15503,back,13,aedes,Aedes_triseriatus,female,Train
trays/7296/specimens/agamotto-idt1-beta30_3600/back.jpg,agamotto-idt1-beta30_3600,back,26,culex,Culex_orientalis,female,Train
trays/3230/specimens/38705/back.jpg,38705,back,30,culex,Culex_tarsalis,female,Train
trays/3009/specimens/36084/front.jpg,36084,front,2,aedes,Aedes_atlanticus,female,Train
trays/7278/specimens/agamotto-idt1-beta30_3378/back.jpg,agamotto-idt1-beta30_3378,back,26,culex,Culex_orientalis,female,Train
trays/4742/specimens/4742_2/front.jpg,4742_2,front,20,anopheles,Anopheles_pharoensis,female,Train
trays/5727/specimens/5727_9/front.jpg,5727_9,front,8,aedes,Aedes_lineatopennis,female,Train
trays/6393/specimens/agamotto-idt1-beta30_1238/front.jpg,agamotto-idt1-beta30_1238,front,7,aedes,Aedes_koreicus,female,Train
trays/2211/specimens/26523/front.jpg,26523,front,17,anopheles,Anopheles_freeborni,female,Train
trays/3449/specimens/41331/back.jpg,41331,back,23,anopheles,Anopheles_stephensi_nijmegen,male,Train
trays/11163/specimens/agamotto-idt1-beta28_2924/back.jpg,agamotto-idt1-beta28_2924,back,14,aedes,Aedes_vexans,female,Train
trays/5849/specimens/5849_9/back.jpg,5849_9,back,24,culex,Culex_bitaeniorhynchus,female,Train
trays/22092/specimens/agamotto-idt1-beta42_3355/back.jpg,agamotto-idt1-beta42_3355,back,25,culex,Culex_nigripalpus,female,Train
trays/7796/specimens/agamotto-idt1-beta30_7404/front.jpg,agamotto-idt1-beta30_7404,front,7,aedes,Aedes_koreicus,male,Train
trays/25506/specimens/agamotto-idt1-beta42_4417/front.jpg,agamotto-idt1-beta42_4417,front,0,aedes,Aedes_aegypti,female,Train
trays/26001/specimens/agamotto-idt1-beta13_450/front.jpg,agamotto-idt1-beta13_450,front,0,aedes,Aedes_aegypti,female,Train
trays/3576/specimens/42858/front.jpg,42858,front,28,culex,Culex_restuans,female,Train
trays/681/specimens/8171/front.jpg,8171,front,29,culex,Culex_salinarius,female,Train
trays/11395/specimens/agamotto-idt1-beta24_2898/back.jpg,agamotto-idt1-beta24_2898,back,1,aedes,Aedes_albopictus,male,Train
trays/9254/specimens/agamotto-idt1-beta24_1858/back.jpg,agamotto-idt1-beta24_1858,back,2,aedes,Aedes_atlanticus,female,Train
trays/4680/specimens/4680_5/back.jpg,4680_5,back,9,aedes,Aedes_mcintoshi,female,Train
trays/4946/specimens/4946_7/back.jpg,4946_7,back,31,culex,Culex_tritaeniorhynchus,female,Train
trays/10599/specimens/agamotto-idt1-beta66_2050/front.jpg,agamotto-idt1-beta66_2050,front,1,aedes,Aedes_albopictus,female,Train
trays/2947/specimens/35351/back.jpg,35351,back,14,aedes,Aedes_vexans,female,Train
trays/1222/specimens/14663/back.jpg,14663,back,10,aedes,Aedes_melanimon,female,Train
trays/2918/specimens/34997/back.jpg,34997,back,14,aedes,Aedes_vexans,female,Train
trays/6769/specimens/agamotto-idt1-beta15_1056/back.jpg,agamotto-idt1-beta15_1056,back,19,anopheles,Anopheles_arabiensis,female,Train
trays/5078/specimens/5078_2/back.jpg,5078_2,back,9,aedes,Aedes_mcintoshi,female,Train
trays/1183/specimens/14186/front.jpg,14186,front,12,aedes,Aedes_taeniorhynchus,female,Train
trays/3712/specimens/44490/front.jpg,44490,front,27,culex,Culex_quinquefasciatus_bcs,female,Train
trays/530/specimens/6359/back.jpg,6359,back,6,aedes,Aedes_japonicus,female,Train
trays/546/specimens/6551/back.jpg,6551,back,5,aedes,Aedes_dorsalis,female,Train
trays/2418/specimens/29000/back.jpg,29000,back,17,anopheles,Anopheles_freeborni,female,Train
trays/14180/specimens/agamotto-idt1-beta22_2415/back.jpg,agamotto-idt1-beta22_2415,back,0,aedes,Aedes_aegypti,male,Train
trays/4504/specimens/4504_7/front.jpg,4504_7,front,27,culex,Culex_quinquefasciatus,male,Train
trays/675/specimens/8098/front.jpg,8098,front,29,culex,Culex_salinarius,female,Train
trays/1458/specimens/17485/front.jpg,17485,front,12,aedes,Aedes_taeniorhynchus,female,Train
trays/8439/specimens/agamotto-idt1-beta28_1099/front.jpg,agamotto-idt1-beta28_1099,front,27,culex,Culex_quinquefasciatus,female,Train
trays/5899/specimens/5899_8/front.jpg,5899_8,front,31,culex,Culex_tritaeniorhynchus,female,Train
trays/7248/specimens/agamotto-idt1-beta15_3824/back.jpg,agamotto-idt1-beta15_3824,back,19,anopheles,Anopheles_gambiae_s.l,female,Train
trays/8809/specimens/agamotto-idt1-beta24_1428/back.jpg,agamotto-idt1-beta24_1428,back,28,culex,Culex_restuans,female,Train
trays/2862/specimens/34328/back.jpg,34328,back,5,aedes,Aedes_dorsalis,female,Train
trays/413/specimens/4946/back.jpg,4946,back,10,aedes,Aedes_melanimon,female,Train
trays/1163/specimens/13947/front.jpg,13947,front,16,anopheles,Anopheles_crucians,female,Train
trays/10821/specimens/agamotto-idt1-beta41_1301/front.jpg,agamotto-idt1-beta41_1301,front,11,aedes,Aedes_sierrensis,female,Train
trays/1164/specimens/13962/front.jpg,13962,front,16,anopheles,Anopheles_crucians,female,Train
trays/3449/specimens/41334/front.jpg,41334,front,23,anopheles,Anopheles_stephensi_nijmegen,male,Train
trays/526/specimens/6307/back.jpg,6307,back,21,anopheles,Anopheles_punctipennis,female,Train
trays/3769/specimens/45180/front.jpg,45180,front,16,anopheles,Anopheles_crucians_sl,female,Train
trays/477/specimens/5723/back.jpg,5723,back,12,aedes,Aedes_taeniorhynchus,female,Train
trays/674/specimens/8079/back.jpg,8079,back,29,culex,Culex_salinarius,female,Train
trays/5731/specimens/5731_4/back.jpg,5731_4,back,8,aedes,Aedes_lineatopennis,female,Train
trays/6129/specimens/agamotto-idt1-beta03_142/back.jpg,agamotto-idt1-beta03_142,back,11,aedes,Aedes_sierrensis,female,Train
trays/4947/specimens/4947_4/back.jpg,4947_4,back,31,culicidae,culex,0,Train
trays/4680/specimens/4680_9/front.jpg,4680_9,front,9,aedes,Aedes_mcintoshi,female,Train
trays/2877/specimens/34508/back.jpg,34508,back,5,aedes,Aedes_dorsalis,female,Train
trays/1163/specimens/13954/front.jpg,13954,front,16,anopheles,Anopheles_crucians,female,Train
trays/5724/specimens/5724_8/front.jpg,5724_8,front,8,aedes,Aedes_lineatopennis,female,Train
trays/11063/specimens/agamotto-idt1-beta28_2666/back.jpg,agamotto-idt1-beta28_2666,back,17,anopheles,Anopheles_freeborni,female,Train
trays/5852/specimens/5852_2/back.jpg,5852_2,back,24,culex,Culex_bitaeniorhynchus,female,Train
trays/2923/specimens/35059/back.jpg,35059,back,5,aedes,Aedes_dorsalis,female,Train
trays/1096/specimens/13149/front.jpg,13149,front,10,aedes,Aedes_melanimon,female,Train
trays/6406/specimens/agamotto-idt1-beta30_1404/back.jpg,agamotto-idt1-beta30_1404,back,7,aedes,Aedes_koreicus,female,Train
trays/4696/specimens/4696_0/back.jpg,4696_0,back,20,anopheles,Anopheles_pharoensis,female,Train
trays/5368/specimens/5368_10/front.jpg,5368_10,front,23,anopheles,Anopheles_stephensi,female,Train
trays/24538/specimens/agamotto-idt1-beta59_1878/front.jpg,agamotto-idt1-beta59_1878,front,0,aedes,Aedes_aegypti,,Train
trays/7290/specimens/agamotto-idt1-beta30_3522/front.jpg,agamotto-idt1-beta30_3522,front,26,culex,Culex_orientalis,female,Train
trays/3806/specimens/45615/front.jpg,45615,front,21,anopheles,Anopheles_punctipennis,female,Train
trays/6775/specimens/agamotto-idt1-beta15_1121/front.jpg,agamotto-idt1-beta15_1121,front,19,anopheles,Anopheles_arabiensis,male,Train
trays/6774/specimens/agamotto-idt1-beta15_1112/back.jpg,agamotto-idt1-beta15_1112,back,19,anopheles,Anopheles_arabiensis,female,Train
trays/2210/specimens/26515/back.jpg,26515,back,17,anopheles,Anopheles_freeborni,female,Train
trays/3445/specimens/41292/back.jpg,41292,back,23,anopheles,Anopheles_stephensi_nijmegen,female,Train
trays/480/specimens/5751/front.jpg,5751,front,29,culex,Culex_salinarius,female,Train
trays/1225/specimens/14698/back.jpg,14698,back,10,aedes,Aedes_melanimon,female,Train
trays/5862/specimens/5862_7/back.jpg,5862_7,back,24,culex,Culex_bitaeniorhynchus,female,Train
trays/21664/specimens/agamotto-idt1-beta59_565/front.jpg,agamotto-idt1-beta59_565,front,1,aedes,Aedes_albopictus,,Train
trays/4948/specimens/4948_10/back.jpg,4948_10,back,31,culicidae,culex,0,Train
trays/7293/specimens/agamotto-idt1-beta30_3563/back.jpg,agamotto-idt1-beta30_3563,back,26,culex,Culex_orientalis,female,Train
trays/5079/specimens/5079_8/front.jpg,5079_8,front,9,aedes,Aedes_mcintoshi,female,Train
trays/3422/specimens/41008/back.jpg,41008,back,14,aedes,Aedes_vexans,female,Train
trays/3044/specimens/36504/front.jpg,36504,front,5,aedes,Aedes_dorsalis,female,Train
trays/4166/specimens/49904/front.jpg,49904,front,18,anopheles,Anopheles_funestus_s.l,female,Train
trays/3958/specimens/47426/back.jpg,47426,back,15,anopheles,Anopheles_coustani,female,Train
trays/8163/specimens/agamotto-idt1-beta24_545/front.jpg,agamotto-idt1-beta24_545,front,4,aedes,Aedes_communis,male,Train
trays/2973/specimens/35647/back.jpg,35647,back,14,aedes,Aedes_vexans,female,Train
trays/2708/specimens/32474/back.jpg,32474,back,22,anopheles,Anopheles_quadrimaculatus_sl,female,Train
trays/3051/specimens/36584/back.jpg,36584,back,23,anopheles,Anopheles_stephensi,female,Train
trays/5077/specimens/5077_5/back.jpg,5077_5,back,9,aedes,Aedes_mcintoshi,female,Train
trays/3055/specimens/36635/back.jpg,36635,back,23,anopheles,Anopheles_stephensi,female,Train
trays/5900/specimens/5900_8/front.jpg,5900_8,front,31,culex,Culex_tritaeniorhynchus,female,Train
trays/9237/specimens/agamotto-idt1-beta34_325/back.jpg,agamotto-idt1-beta34_325,back,11,aedes,Aedes_sierrensis,female,Train
trays/3116/specimens/37345/back.jpg,37345,back,19,anopheles,Anopheles_gambiae_cdc-g3,male,Train
trays/505/specimens/6055/front.jpg,6055,front,5,aedes,Aedes_dorsalis,female,Train
trays/4205/specimens/50375/back.jpg,50375,back,13,aedes,Aedes_triseriatus,female,Train
trays/3576/specimens/42856/front.jpg,42856,front,28,culex,Culex_restuans,female,Train
trays/2878/specimens/34521/back.jpg,34521,back,5,aedes,Aedes_dorsalis,female,Train
trays/1408/specimens/16885/front.jpg,16885,front,13,aedes,Aedes_triseriatus,female,Train
trays/5731/specimens/5731_10/front.jpg,5731_10,front,8,aedes,Aedes_lineatopennis,female,Train
trays/22089/specimens/agamotto-idt1-beta42_3340/back.jpg,agamotto-idt1-beta42_3340,back,0,aedes,Aedes_aegypti,female,Train
trays/7796/specimens/agamotto-idt1-beta30_7400/back.jpg,agamotto-idt1-beta30_7400,back,7,aedes,Aedes_koreicus,male,Train
trays/5852/specimens/5852_8/back.jpg,5852_8,back,24,culex,Culex_bitaeniorhynchus,female,Train
trays/21514/specimens/agamotto-idt1-beta66_16400/front.jpg,agamotto-idt1-beta66_16400,front,1,aedes,Aedes_albopictus,female,Train
trays/2923/specimens/35059/front.jpg,35059,front,5,aedes,Aedes_dorsalis,female,Train
trays/525/specimens/6298/back.jpg,6298,back,21,anopheles,Anopheles_punctipennis,female,Train
trays/4122/specimens/49393/front.jpg,49393,front,22,anopheles,Anopheles_quadrimaculatus,female,Train
trays/6773/specimens/agamotto-idt1-beta15_1096/front.jpg,agamotto-idt1-beta15_1096,front,19,anopheles,Anopheles_arabiensis,male,Train
trays/1252/specimens/15018/back.jpg,15018,back,2,aedes,Aedes_atlanticus,female,Train
trays/20710/specimens/agamotto-idt1-beta02_4648/front.jpg,agamotto-idt1-beta02_4648,front,1,aedes,Aedes_albopictus,female,Train
trays/481/specimens/5761/back.jpg,5761,back,29,culex,Culex_salinarius,female,Train
trays/677/specimens/8121/front.jpg,8121,front,29,culex,Culex_salinarius,female,Train
trays/522/specimens/6258/back.jpg,6258,back,12,aedes,Aedes_taeniorhynchus,female,Train
trays/3580/specimens/42912/back.jpg,42912,back,28,culex,Culex_restuans,male,Train
trays/7296/specimens/agamotto-idt1-beta30_3596/front.jpg,agamotto-idt1-beta30_3596,front,26,culex,Culex_orientalis,female,Train
trays/14180/specimens/agamotto-idt1-beta22_2413/front.jpg,agamotto-idt1-beta22_2413,front,0,aedes,Aedes_aegypti,male,Train
trays/1060/specimens/12718/front.jpg,12718,front,17,anopheles,Anopheles_freeborni,female,Train
trays/4356/specimens/4356_8/front.jpg,4356_8,front,15,anopheles,Anopheles_coustani,female,Train
trays/7248/specimens/agamotto-idt1-beta15_3824/front.jpg,agamotto-idt1-beta15_3824,front,19,anopheles,Anopheles_gambiae_s.l,female,Train
trays/5732/specimens/5732_1/back.jpg,5732_1,back,8,aedes,Aedes_lineatopennis,female,Train
trays/4531/specimens/4531_11/front.jpg,4531_11,front,22,anopheles,Anopheles_quadrimaculatus,female,Train
trays/1132/specimens/13583/front.jpg,13583,front,1,aedes,Aedes_albopictus,female,Train
trays/1190/specimens/14274/front.jpg,14274,front,25,culex,Culex_nigripalpus,female,Train
trays/5861/specimens/5861_4/front.jpg,5861_4,front,24,culex,Culex_bitaeniorhynchus,female,Train
trays/25736/specimens/agamotto-idt1-beta13_401/front.jpg,agamotto-idt1-beta13_401,front,0,aedes,Aedes_aegypti,female,Train
trays/3028/specimens/36309/back.jpg,36309,back,3,aedes,Aedes_canadensis,female,Train
trays/3435/specimens/41165/front.jpg,41165,front,19,anopheles,Anopheles_gambiae_cdcg3,female,Train
trays/5726/specimens/5726_4/back.jpg,5726_4,back,8,aedes,Aedes_lineatopennis,female,Train
trays/7285/specimens/agamotto-idt1-beta30_3464/back.jpg,agamotto-idt1-beta30_3464,back,26,culex,Culex_orientalis,female,Train
trays/3574/specimens/42834/back.jpg,42834,back,13,aedes,Aedes_triseriatus,female,Train
trays/2867/specimens/34389/back.jpg,34389,back,14,aedes,Aedes_vexans,female,Train
trays/1259/specimens/15106/front.jpg,15106,front,2,aedes,Aedes_atlanticus,female,Train
trays/7350/specimens/agamotto-idt1-beta15_3972/back.jpg,agamotto-idt1-beta15_3972,back,15,anopheles,Anopheles_coustani,female,Train
trays/1165/specimens/13979/back.jpg,13979,back,16,anopheles,Anopheles_crucians,female,Train
trays/482/specimens/5782/front.jpg,5782,front,29,culex,Culex_salinarius,female,Train
trays/6445/specimens/agamotto-idt1-beta30_1865/back.jpg,agamotto-idt1-beta30_1865,back,7,aedes,Aedes_koreicus,female,Train
trays/2705/specimens/32446/back.jpg,32446,back,22,anopheles,Anopheles_quadrimaculatus_sl,female,Train
trays/22221/specimens/agamotto-idt1-beta22_7644/back.jpg,agamotto-idt1-beta22_7644,back,0,aedes,Aedes_aegypti,female,Train
trays/5085/specimens/5085_2/back.jpg,5085_2,back,9,aedes,Aedes_mcintoshi,female,Train
trays/413/specimens/4955/front.jpg,4955,front,10,aedes,Aedes_melanimon,female,Train
trays/7280/specimens/agamotto-idt1-beta30_3399/front.jpg,agamotto-idt1-beta30_3399,front,26,culex,Culex_orientalis,female,Train
trays/1298/specimens/15565/back.jpg,15565,back,13,aedes,Aedes_triseriatus,female,Train
trays/4356/specimens/4356_10/front.jpg,4356_10,front,15,anopheles,Anopheles_coustani,female,Train
trays/1256/specimens/15065/back.jpg,15065,back,2,aedes,Aedes_atlanticus,female,Train
trays/3961/specimens/47466/front.jpg,47466,front,15,anopheles,Anopheles_coustani_s.l,female,Train
trays/5899/specimens/5899_11/back.jpg,5899_11,back,31,culex,Culex_tritaeniorhynchus,female,Train
trays/528/specimens/6326/back.jpg,6326,back,1,aedes,Aedes_albopictus,female,Train
trays/1249/specimens/14979/front.jpg,14979,front,2,aedes,Aedes_atlanticus,female,Train
trays/7299/specimens/agamotto-idt1-beta30_3634/back.jpg,agamotto-idt1-beta30_3634,back,26,culex,Culex_orientalis,female,Train
trays/530/specimens/6350/front.jpg,6350,front,6,aedes,Aedes_japonicus,female,Train
trays/9256/specimens/agamotto-idt1-beta24_1878/front.jpg,agamotto-idt1-beta24_1878,front,2,aedes,Aedes_atlanticus,male,Train
trays/3049/specimens/36559/front.jpg,36559,front,23,anopheles,Anopheles_stephensi,male,Train
trays/7273/specimens/agamotto-idt1-beta30_3318/back.jpg,agamotto-idt1-beta30_3318,back,26,culex,Culex_orientalis,female,Train
trays/8066/specimens/agamotto-idt1-beta24_400/back.jpg,agamotto-idt1-beta24_400,back,4,aedes,Aedes_communis,male,Train
trays/3769/specimens/45176/front.jpg,45176,front,16,anopheles,Anopheles_crucians_sl,female,Train
trays/5729/specimens/5729_5/front.jpg,5729_5,front,8,aedes,Aedes_lineatopennis,female,Train
trays/3574/specimens/42834/front.jpg,42834,front,13,aedes,Aedes_triseriatus,female,Train
trays/554/specimens/6638/front.jpg,6638,front,25,culex,Culex_nigripalpus,female,Train
trays/4696/specimens/4696_9/front.jpg,4696_9,front,20,anopheles,Anopheles_pharoensis,female,Train
trays/3582/specimens/42930/front.jpg,42930,front,28,culex,Culex_restuans,male,Train
trays/5864/specimens/5864_7/back.jpg,5864_7,back,24,culex,Culex_bitaeniorhynchus,female,Train
trays/2706/specimens/32459/front.jpg,32459,front,22,anopheles,Anopheles_quadrimaculatus_sl,female,Train
trays/2916/specimens/34976/front.jpg,34976,front,14,aedes,Aedes_vexans,female,Train
trays/4357/specimens/4357_6/back.jpg,4357_6,back,15,anopheles,Anopheles_coustani,female,Train
trays/6125/specimens/agamotto-idt1-beta03_90/front.jpg,agamotto-idt1-beta03_90,front,11,aedes,Aedes_sierrensis,female,Train
trays/1162/specimens/13936/front.jpg,13936,front,16,anopheles,Anopheles_crucians,female,Train
trays/5903/specimens/5903_9/back.jpg,5903_9,back,31,culex,Culex_tritaeniorhynchus,female,Train
trays/24436/specimens/agamotto-idt1-beta02_6033/front.jpg,agamotto-idt1-beta02_6033,front,1,aedes,Aedes_albopictus,female,Train
trays/1406/specimens/16865/back.jpg,16865,back,28,culex,Culex_restuans,male,Train
trays/2702/specimens/32405/back.jpg,32405,back,22,anopheles,Anopheles_quadrimaculatus_sl,female,Train
trays/3239/specimens/38812/front.jpg,38812,front,30,culex,Culex_tarsalis,female,Train
trays/10824/specimens/agamotto-idt1-beta41_1343/back.jpg,agamotto-idt1-beta41_1343,back,11,aedes,Aedes_sierrensis,female,Train
trays/11187/specimens/agamotto-idt1-beta66_4069/back.jpg,agamotto-idt1-beta66_4069,back,27,culex,Culex_pipiens_sl,female,Train
trays/6770/specimens/agamotto-idt1-beta15_1067/back.jpg,agamotto-idt1-beta15_1067,back,19,anopheles,Anopheles_arabiensis,female,Train
trays/2922/specimens/35048/back.jpg,35048,back,5,aedes,Aedes_dorsalis,female,Train
trays/3280/specimens/39309/back.jpg,39309,back,11,aedes,Aedes_sierrensis,male,Train
trays/4947/specimens/4947_4/front.jpg,4947_4,front,31,culicidae,culex,0,Train
trays/1335/specimens/16015/front.jpg,16015,front,10,aedes,Aedes_melanimon,female,Train
trays/463/specimens/5545/back.jpg,5545,back,11,aedes,Aedes_sierrensis,male,Train
trays/7294/specimens/agamotto-idt1-beta30_3576/front.jpg,agamotto-idt1-beta30_3576,front,26,culex,Culex_orientalis,female,Train
trays/4745/specimens/4745_9/front.jpg,4745_9,front,20,anopheles,Anopheles_pharoensis,female,Train
trays/3053/specimens/36611/front.jpg,36611,front,23,anopheles,Anopheles_stephensi,female,Train
trays/5864/specimens/5864_4/front.jpg,5864_4,front,24,culex,Culex_bitaeniorhynchus,female,Train
trays/3232/specimens/38733/back.jpg,38733,back,30,culex,Culex_tarsalis,female,Train
trays/3231/specimens/38717/back.jpg,38717,back,30,culex,Culex_tarsalis,female,Train
trays/1161/specimens/13923/front.jpg,13923,front,16,anopheles,Anopheles_crucians,female,Train
trays/4167/specimens/49916/back.jpg,49916,back,18,anopheles,Anopheles_funestus_s.l,female,Train
trays/3582/specimens/42926/front.jpg,42926,front,28,culex,Culex_restuans,male,Train
trays/6774/specimens/agamotto-idt1-beta15_1109/front.jpg,agamotto-idt1-beta15_1109,front,19,anopheles,Anopheles_arabiensis,male,Train
trays/4712/specimens/4712_0/back.jpg,4712_0,back,20,anopheles,Anopheles_pharoensis,female,Train
trays/4859/specimens/4859_11/front.jpg,4859_11,front,23,anopheles,Anopheles_stephensi,female,Train
trays/8066/specimens/agamotto-idt1-beta24_403/back.jpg,agamotto-idt1-beta24_403,back,4,aedes,Aedes_communis,male,Train
trays/3573/specimens/42817/front.jpg,42817,front,16,anopheles,Anopheles_crucians_sl,male,Train
trays/2960/specimens/35491/front.jpg,35491,front,14,aedes,Aedes_vexans,female,Train
trays/2995/specimens/35906/front.jpg,35906,front,14,aedes,Aedes_vexans,female,Train
trays/1408/specimens/16888/front.jpg,16888,front,13,aedes,Aedes_triseriatus,female,Train
trays/24484/specimens/agamotto-idt1-beta66_23895/back.jpg,agamotto-idt1-beta66_23895,back,1,aedes,Aedes_albopictus,female,Train
trays/3227/specimens/38675/front.jpg,38675,front,30,culex,Culex_tarsalis,female,Train
trays/4725/specimens/4725_7/back.jpg,4725_7,back,15,anopheles,Anopheles_coustani,female,Train
trays/5079/specimens/5079_5/front.jpg,5079_5,front,9,aedes,Aedes_mcintoshi,female,Train
trays/3239/specimens/38809/front.jpg,38809,front,30,culex,Culex_tarsalis,female,Train
trays/1189/specimens/14264/back.jpg,14264,back,25,culex,Culex_nigripalpus,female,Train
trays/2155/specimens/25849/front.jpg,25849,front,21,anopheles,Anopheles_punctipennis,male,Train
trays/4251/specimens/50918/front.jpg,50918,front,16,anopheles,Anopheles_crucians_sl,female,Train
trays/5868/specimens/5868_2/front.jpg,5868_2,front,24,culex,Culex_bitaeniorhynchus,female,Train
trays/4696/specimens/4696_11/back.jpg,4696_11,back,20,anopheles,Anopheles_pharoensis,female,Train
trays/3084/specimens/36962/front.jpg,36962,front,0,aedes,Aedes_aegypti,male,Train
trays/530/specimens/6352/back.jpg,6352,back,6,aedes,Aedes_japonicus,female,Train
trays/514/specimens/6167/front.jpg,6167,front,12,aedes,Aedes_taeniorhynchus,female,Train
trays/1254/specimens/15038/back.jpg,15038,back,2,aedes,Aedes_atlanticus,female,Train
trays/5085/specimens/5085_7/back.jpg,5085_7,back,9,aedes,Aedes_mcintoshi,female,Train
trays/5858/specimens/5858_4/front.jpg,5858_4,front,24,culex,Culex_bitaeniorhynchus,female,Train
trays/8233/specimens/agamotto-idt1-beta24_696/back.jpg,agamotto-idt1-beta24_696,back,4,aedes,Aedes_communis,female,Train
trays/2885/specimens/34603/front.jpg,34603,front,14,aedes,Aedes_vexans,female,Train
trays/2878/specimens/34521/front.jpg,34521,front,5,aedes,Aedes_dorsalis,female,Train
trays/5732/specimens/5732_11/back.jpg,5732_11,back,8,aedes,Aedes_lineatopennis,female,Train
trays/25489/specimens/agamotto-idt1-beta42_4360/back.jpg,agamotto-idt1-beta42_4360,back,0,aedes,Aedes_aegypti,female,Train
trays/2867/specimens/34392/back.jpg,34392,back,14,aedes,Aedes_vexans,female,Train
trays/16433/specimens/agamotto-idt1-beta84_332/front.jpg,agamotto-idt1-beta84_332,front,1,aedes,Aedes_albopictus,,Train
trays/4305/specimens/4305_11/front.jpg,4305_11,front,0,aedes,Aedes_aegypti,female,Train
trays/3873/specimens/46405/back.jpg,46405,back,13,aedes,Aedes_triseriatus,female,Train
trays/4168/specimens/49929/back.jpg,49929,back,18,anopheles,Anopheles_funestus_s.l,female,Train
trays/3112/specimens/37299/front.jpg,37299,front,19,anopheles,Anopheles_gambiae_cdc-g3,female,Train
trays/6114/specimens/agamotto-idt1-beta15_58/front.jpg,agamotto-idt1-beta15_58,front,9,aedes,Aedes_mcintoshi,female,Train
trays/1267/specimens/15204/front.jpg,15204,front,2,aedes,Aedes_atlanticus,female,Train
trays/5728/specimens/5728_5/front.jpg,5728_5,front,8,aedes,Aedes_lineatopennis,female,Train
trays/1341/specimens/16086/front.jpg,16086,front,30,culex,Culex_tarsalis,female,Train
trays/3116/specimens/37345/front.jpg,37345,front,19,anopheles,Anopheles_gambiae_cdc-g3,male,Train
trays/1059/specimens/12701/back.jpg,12701,back,17,anopheles,Anopheles_freeborni,female,Train
trays/4680/specimens/4680_0/front.jpg,4680_0,front,9,aedes,Aedes_mcintoshi,female,Train
trays/5853/specimens/5853_5/front.jpg,5853_5,front,24,culex,Culex_bitaeniorhynchus,female,Train
trays/4361/specimens/4361_11/front.jpg,4361_11,front,14,aedes,Aedes_vexans,female,Train
trays/6771/specimens/agamotto-idt1-beta15_1075/front.jpg,agamotto-idt1-beta15_1075,front,19,anopheles,Anopheles_arabiensis,male,Train
trays/3448/specimens/41327/front.jpg,41327,front,23,anopheles,Anopheles_stephensi_nijmegen,male,Train
trays/2961/specimens/35505/front.jpg,35505,front,5,aedes,Aedes_dorsalis,female,Train
trays/4205/specimens/50374/back.jpg,50374,back,13,aedes,Aedes_triseriatus,female,Train
trays/5899/specimens/5899_6/front.jpg,5899_6,front,31,culex,Culex_tritaeniorhynchus,female,Train
trays/4311/specimens/4311_1/back.jpg,4311_1,back,0,aedes,Aedes_aegypti,male,Train
trays/412/specimens/4936/front.jpg,4936,front,10,aedes,Aedes_melanimon,female,Train
trays/4709/specimens/4709_6/back.jpg,4709_6,back,20,anopheles,Anopheles_pharoensis,female,Train
trays/6396/specimens/agamotto-idt1-beta30_1275/front.jpg,agamotto-idt1-beta30_1275,front,7,aedes,Aedes_koreicus,female,Train
trays/1161/specimens/13926/front.jpg,13926,front,16,anopheles,Anopheles_crucians,female,Train
trays/1236/specimens/14829/back.jpg,14829,back,25,culex,Culex_nigripalpus,female,Train
trays/6444/specimens/agamotto-idt1-beta30_1852/front.jpg,agamotto-idt1-beta30_1852,front,7,aedes,Aedes_koreicus,female,Train
trays/3501/specimens/41954/back.jpg,41954,back,27,culex,Culex_quinqufasciatus_bamako,male,Train
trays/1299/specimens/15583/front.jpg,15583,front,13,aedes,Aedes_triseriatus,female,Train
trays/1261/specimens/15126/front.jpg,15126,front,2,aedes,Aedes_atlanticus,female,Train
trays/4509/specimens/4509_4/front.jpg,4509_4,front,27,culex,Culex_quinquefasciatus,male,Train
trays/3232/specimens/38734/back.jpg,38734,back,30,culex,Culex_tarsalis,female,Train
trays/5437/specimens/5437_2/front.jpg,5437_2,front,11,aedes,Aedes_sierrensis,female,Train
trays/1184/specimens/14205/front.jpg,14205,front,12,aedes,Aedes_taeniorhynchus,female,Train
trays/3807/specimens/45629/back.jpg,45629,back,21,anopheles,Anopheles_punctipennis,female,Train
trays/11058/specimens/agamotto-idt1-beta28_2616/front.jpg,agamotto-idt1-beta28_2616,front,17,anopheles,Anopheles_freeborni,female,Train
trays/395/specimens/4729/front.jpg,4729,front,17,anopheles,Anopheles_freeborni,female,Train
trays/3786/specimens/45376/back.jpg,45376,back,22,anopheles,Anopheles_quadrimaculatus,female,Train
trays/682/specimens/8174/back.jpg,8174,back,29,culex,Culex_salinarius,female,Train
trays/3062/specimens/36710/back.jpg,36710,back,23,anopheles,Anopheles_stephensi,male,Train
trays/679/specimens/8142/back.jpg,8142,back,29,culex,Culex_salinarius,female,Train
trays/3623/specimens/43417/front.jpg,43417,front,22,anopheles,Anopheles_quadrimaculatus_sl,female,Train
trays/482/specimens/5778/back.jpg,5778,back,29,culex,Culex_salinarius,female,Train
trays/5724/specimens/5724_9/back.jpg,5724_9,back,8,aedes,Aedes_lineatopennis,female,Train
trays/1188/specimens/14252/front.jpg,14252,front,25,culex,Culex_nigripalpus,female,Train
trays/4734/specimens/4734_8/front.jpg,4734_8,front,20,anopheles,Anopheles_pharoensis,female,Train
trays/1183/specimens/14186/back.jpg,14186,back,12,aedes,Aedes_taeniorhynchus,female,Train
trays/7296/specimens/agamotto-idt1-beta30_3595/back.jpg,agamotto-idt1-beta30_3595,back,26,culex,Culex_orientalis,female,Train
trays/1180/specimens/14150/back.jpg,14150,back,12,aedes,Aedes_taeniorhynchus,female,Train
trays/9143/specimens/agamotto-idt1-beta28_1314/back.jpg,agamotto-idt1-beta28_1314,back,1,aedes,Aedes_albopictus,female,Train
trays/5078/specimens/5078_10/back.jpg,5078_10,back,9,aedes,Aedes_mcintoshi,female,Train
trays/8066/specimens/agamotto-idt1-beta24_407/front.jpg,agamotto-idt1-beta24_407,front,4,aedes,Aedes_communis,male,Train
trays/7281/specimens/agamotto-idt1-beta30_3420/back.jpg,agamotto-idt1-beta30_3420,back,26,culex,Culex_orientalis,female,Train
trays/6401/specimens/agamotto-idt1-beta30_1335/front.jpg,agamotto-idt1-beta30_1335,front,7,aedes,Aedes_koreicus,female,Train
trays/5725/specimens/5725_3/front.jpg,5725_3,front,8,aedes,Aedes_lineatopennis,female,Train
trays/3447/specimens/41311/front.jpg,41311,front,23,anopheles,Anopheles_stephensi_nijmegen,female,Train
trays/2948/specimens/35362/front.jpg,35362,front,14,aedes,Aedes_vexans,female,Train
trays/3580/specimens/42901/back.jpg,42901,back,28,culex,Culex_restuans,male,Train
trays/7297/specimens/agamotto-idt1-beta30_3607/front.jpg,agamotto-idt1-beta30_3607,front,26,culex,Culex_orientalis,female,Train
trays/3450/specimens/41342/back.jpg,41342,back,23,anopheles,Anopheles_stephensi_nijmegen,male,Train
trays/2861/specimens/34319/back.jpg,34319,back,5,aedes,Aedes_dorsalis,female,Train
trays/1208/specimens/14492/back.jpg,14492,back,10,aedes,Aedes_melanimon,female,Train
trays/3771/specimens/45199/front.jpg,45199,front,6,aedes,Aedes_japonicus,female,Train
trays/1187/specimens/14241/front.jpg,14241,front,25,culex,Culex_nigripalpus,female,Train
trays/3030/specimens/36335/back.jpg,36335,back,3,aedes,Aedes_canadensis,female,Train
trays/1330/specimens/15950/back.jpg,15950,back,10,aedes,Aedes_melanimon,female,Train
trays/6114/specimens/agamotto-idt1-beta15_58/back.jpg,agamotto-idt1-beta15_58,back,9,aedes,Aedes_mcintoshi,female,Train
trays/4345/specimens/4345_7/front.jpg,4345_7,front,15,anopheles,Anopheles_coustani,female,Train
trays/5903/specimens/5903_5/front.jpg,5903_5,front,31,culex,Culex_tritaeniorhynchus,female,Train
trays/7277/specimens/agamotto-idt1-beta30_3368/front.jpg,agamotto-idt1-beta30_3368,front,26,culex,Culex_orientalis,female,Train
trays/4708/specimens/4708_1/back.jpg,4708_1,back,20,anopheles,Anopheles_pharoensis,female,Train
trays/3760/specimens/45067/front.jpg,45067,front,13,aedes,Aedes_triseriatus,female,Train
trays/531/specimens/6371/back.jpg,6371,back,6,aedes,Aedes_japonicus,female,Train
trays/2210/specimens/26514/front.jpg,26514,front,17,anopheles,Anopheles_freeborni,female,Train
trays/11048/specimens/agamotto-idt1-beta28_2486/front.jpg,agamotto-idt1-beta28_2486,front,28,culex,Culex_restuans,male,Train
trays/1004/specimens/12042/back.jpg,12042,back,25,culex,Culex_nigripalpus,female,Train
trays/4170/specimens/49948/back.jpg,49948,back,18,anopheles,Anopheles_funestus_s.l,female,Train
trays/1258/specimens/15091/front.jpg,15091,front,2,aedes,Aedes_atlanticus,female,Train
trays/3060/specimens/36686/front.jpg,36686,front,23,anopheles,Anopheles_stephensi,male,Train
trays/3669/specimens/43973/back.jpg,43973,back,1,aedes,Aedes_albopictus,female,Train
trays/3234/specimens/38753/front.jpg,38753,front,30,culex,Culex_tarsalis,female,Train
trays/531/specimens/6361/back.jpg,6361,back,6,aedes,Aedes_japonicus,female,Train
trays/2704/specimens/32430/back.jpg,32430,back,22,anopheles,Anopheles_quadrimaculatus_sl,female,Train
trays/2154/specimens/25844/back.jpg,25844,back,22,anopheles,Anopheles_quadrimaculatus,male,Train
trays/3033/specimens/36371/back.jpg,36371,back,3,aedes,Aedes_canadensis,female,Train
trays/3036/specimens/36407/front.jpg,36407,front,16,anopheles,Anopheles_crucians_sl,female,Train
trays/479/specimens/5737/front.jpg,5737,front,29,culex,Culex_salinarius,female,Train
trays/550/specimens/6594/back.jpg,6594,back,25,culex,Culex_nigripalpus,male,Train
trays/3392/specimens/40656/front.jpg,40656,front,0,aedes,Aedes_aegypti,female,Train
trays/1257/specimens/15083/back.jpg,15083,back,2,aedes,Aedes_atlanticus,female,Train
trays/7371/specimens/agamotto-idt1-beta15_4204/front.jpg,agamotto-idt1-beta15_4204,front,15,anopheles,Anopheles_coustani_s.l,female,Train
trays/4223/specimens/50584/front.jpg,50584,front,13,aedes,Aedes_triseriatus,female,Train
trays/6111/specimens/agamotto-idt1-beta15_13/front.jpg,agamotto-idt1-beta15_13,front,9,aedes,Aedes_mcintoshi,female,Train
trays/6104/specimens/agamotto-idt1-beta30_236/back.jpg,agamotto-idt1-beta30_236,back,28,culex,Culex_restuans,female,Train
trays/21006/specimens/agamotto-idt1-beta66_16220/front.jpg,agamotto-idt1-beta66_16220,front,1,aedes,Aedes_albopictus,female,Train
trays/4741/specimens/4741_8/front.jpg,4741_8,front,15,anopheles,Anopheles_coustani_s.l,female,Train
trays/7938/specimens/agamotto-idt1-beta03_477/back.jpg,agamotto-idt1-beta03_477,back,11,aedes,Aedes_sierrensis,female,Train
trays/674/specimens/8082/front.jpg,8082,front,29,culex,Culex_salinarius,female,Train
trays/23881/specimens/agamotto-idt1-beta66_22940/back.jpg,agamotto-idt1-beta66_22940,back,6,aedes,Aedes_japonicus,,Train
trays/2867/specimens/34383/front.jpg,34383,front,14,aedes,Aedes_vexans,female,Train
trays/5861/specimens/5861_9/back.jpg,5861_9,back,24,culex,Culex_bitaeniorhynchus,female,Train
trays/526/specimens/6305/front.jpg,6305,front,21,anopheles,Anopheles_punctipennis,female,Train
trays/4528/specimens/4528_1/back.jpg,4528_1,back,22,anopheles,Anopheles_quadrimaculatus,female,Train
trays/3834/specimens/45959/front.jpg,45959,front,28,culex,Culex_restuans,female,Train
trays/7346/specimens/agamotto-idt1-beta15_3915/back.jpg,agamotto-idt1-beta15_3915,back,15,anopheles,Anopheles_coustani,female,Train
trays/2433/specimens/29173/front.jpg,29173,front,19,anopheles,Anopheles_gambiae,,Train
trays/552/specimens/6622/back.jpg,6622,back,25,culex,Culex_nigripalpus,female,Train
trays/3232/specimens/38731/back.jpg,38731,back,30,culex,Culex_tarsalis,female,Train
trays/2700/specimens/32381/front.jpg,32381,front,22,anopheles,Anopheles_quadrimaculatus_sl,female,Train
trays/5724/specimens/5724_3/front.jpg,5724_3,front,8,aedes,Aedes_lineatopennis,female,Train
trays/3578/specimens/42878/back.jpg,42878,back,28,culex,Culex_restuans,male,Train
trays/5732/specimens/5732_1/front.jpg,5732_1,front,8,aedes,Aedes_lineatopennis,female,Train
trays/1164/specimens/13968/front.jpg,13968,front,16,anopheles,Anopheles_crucians,female,Train
trays/3782/specimens/45328/back.jpg,45328,back,22,anopheles,Anopheles_quadrimaculatus,female,Train
trays/3706/specimens/44416/back.jpg,44416,back,27,culex,Culex_quinquefasciatus_bcs,female,Train
trays/4169/specimens/49944/back.jpg,49944,back,18,anopheles,Anopheles_funestus_s.l,female,Train
trays/11163/specimens/agamotto-idt1-beta28_2924/front.jpg,agamotto-idt1-beta28_2924,front,14,aedes,Aedes_vexans,female,Train
trays/1330/specimens/15960/front.jpg,15960,front,10,aedes,Aedes_melanimon,female,Train
trays/1165/specimens/13974/front.jpg,13974,front,16,anopheles,Anopheles_crucians,female,Train
trays/3578/specimens/42886/front.jpg,42886,front,28,culex,Culex_restuans,female,Train
trays/1334/specimens/16002/back.jpg,16002,back,10,aedes,Aedes_melanimon,female,Train
trays/1499/specimens/17986/back.jpg,17986,back,2,aedes,Aedes_atlanticus,female,Train
trays/1405/specimens/16850/back.jpg,16850,back,28,culex,Culex_restuans,male,Train
trays/1095/specimens/13132/back.jpg,13132,back,10,aedes,Aedes_melanimon,female,Train
trays/2705/specimens/32437/front.jpg,32437,front,22,anopheles,Anopheles_quadrimaculatus_sl,female,Train
trays/8164/specimens/agamotto-idt1-beta24_564/back.jpg,agamotto-idt1-beta24_564,back,4,aedes,Aedes_communis,female,Train
trays/3444/specimens/41280/back.jpg,41280,back,23,anopheles,Anopheles_stephensi_nijmegen,female,Train
trays/3783/specimens/45337/back.jpg,45337,back,22,anopheles,Anopheles_quadrimaculatus,female,Train
trays/10685/specimens/agamotto-idt1-beta24_2396/back.jpg,agamotto-idt1-beta24_2396,back,29,culex,Culex_salinarius,female,Train
trays/5822/specimens/5822_10/back.jpg,5822_10,back,9,aedes,Aedes_mcintoshi,female,Train
trays/12354/specimens/agamotto-idt1-beta28_3349/front.jpg,agamotto-idt1-beta28_3349,front,31,culex,Culex_tritaeniorhynchus,female,Train
trays/1202/specimens/14421/back.jpg,14421,back,30,culex,Culex_tarsalis,female,Train
trays/11058/specimens/agamotto-idt1-beta28_2611/back.jpg,agamotto-idt1-beta28_2611,back,17,anopheles,Anopheles_freeborni,female,Train
trays/6452/specimens/agamotto-idt1-beta30_1948/front.jpg,agamotto-idt1-beta30_1948,front,7,aedes,Aedes_koreicus,female,Train
trays/4205/specimens/50365/back.jpg,50365,back,13,aedes,Aedes_triseriatus,female,Train
trays/1061/specimens/12724/back.jpg,12724,back,10,aedes,Aedes_melanimon,female,Train
trays/1190/specimens/14270/back.jpg,14270,back,25,culex,Culex_nigripalpus,female,Train
trays/1191/specimens/14285/back.jpg,14285,back,25,culex,Culex_nigripalpus,female,Train
trays/514/specimens/6168/front.jpg,6168,front,12,aedes,Aedes_taeniorhynchus,female,Train
trays/573/specimens/6871/back.jpg,6871,back,13,aedes,Aedes_triseriatus,female,Train
trays/2419/specimens/29014/front.jpg,29014,front,17,anopheles,Anopheles_freeborni,female,Train
trays/8067/specimens/agamotto-idt1-beta24_413/front.jpg,agamotto-idt1-beta24_413,front,4,aedes,Aedes_communis,male,Train
trays/4696/specimens/4696_3/front.jpg,4696_3,front,20,anopheles,Anopheles_pharoensis,female,Train
trays/1250/specimens/14997/front.jpg,14997,front,2,aedes,Aedes_atlanticus,female,Train
trays/4948/specimens/4948_11/front.jpg,4948_11,front,31,culicidae,culex,0,Train
trays/5861/specimens/5861_4/back.jpg,5861_4,back,24,culex,Culex_bitaeniorhynchus,female,Train
trays/5906/specimens/5906_6/back.jpg,5906_6,back,31,culex,Culex_tritaeniorhynchus,female,Train
trays/3435/specimens/41163/front.jpg,41163,front,19,anopheles,Anopheles_gambiae_cdcg3,female,Train
trays/1226/specimens/14703/front.jpg,14703,front,10,aedes,Aedes_melanimon,female,Train
trays/2877/specimens/34509/back.jpg,34509,back,5,aedes,Aedes_dorsalis,female,Train
trays/524/specimens/6280/front.jpg,6280,front,21,anopheles,Anopheles_punctipennis,female,Train
trays/4345/specimens/4345_6/back.jpg,4345_6,back,15,anopheles,Anopheles_coustani,female,Train
trays/3234/specimens/38751/back.jpg,38751,back,30,culex,Culex_tarsalis,female,Train
trays/575/specimens/6893/front.jpg,6893,front,3,aedes,Aedes_canadensis,female,Train
trays/2701/specimens/32395/back.jpg,32395,back,22,anopheles,Anopheles_quadrimaculatus_sl,female,Train
trays/6402/specimens/agamotto-idt1-beta30_1345/front.jpg,agamotto-idt1-beta30_1345,front,7,aedes,Aedes_koreicus,female,Train
trays/10775/specimens/agamotto-idt1-beta41_1242/front.jpg,agamotto-idt1-beta41_1242,front,11,aedes,Aedes_sierrensis,female,Train
trays/4743/specimens/4743_6/back.jpg,4743_6,back,20,anopheles,Anopheles_pharoensis,female,Train
trays/6126/specimens/agamotto-idt1-beta03_102/front.jpg,agamotto-idt1-beta03_102,front,11,aedes,Aedes_sierrensis,female,Train
trays/1255/specimens/15052/front.jpg,15052,front,2,aedes,Aedes_atlanticus,female,Train
trays/4262/specimens/51055/front.jpg,51055,front,0,aedes,Aedes_aegypti,,Train
trays/3273/specimens/39221/back.jpg,39221,back,27,culex,Culex_pipiens_sl,female,Train
trays/3231/specimens/38717/front.jpg,38717,front,30,culex,Culex_tarsalis,female,Train
trays/5437/specimens/5437_5/back.jpg,5437_5,back,11,aedes,Aedes_sierrensis,female,Train
trays/3383/specimens/40544/front.jpg,40544,front,0,aedes,Aedes_aegypti,female,Train
trays/4251/specimens/50927/front.jpg,50927,front,16,anopheles,Anopheles_crucians_sl,female,Train
trays/4356/specimens/4356_2/back.jpg,4356_2,back,15,anopheles,Anopheles_coustani,female,Train
trays/25502/specimens/agamotto-idt1-beta42_4378/front.jpg,agamotto-idt1-beta42_4378,front,0,aedes,Aedes_aegypti,female,Train
trays/558/specimens/6690/front.jpg,6690,front,25,culex,Culex_nigripalpus,female,Train
trays/3805/specimens/45606/back.jpg,45606,back,21,anopheles,Anopheles_punctipennis,female,Train
trays/1184/specimens/14205/back.jpg,14205,back,12,aedes,Aedes_taeniorhynchus,female,Train
trays/1468/specimens/17611/back.jpg,17611,back,25,culex,Culex_nigripalpus,female,Train
trays/4516/specimens/4516_8/back.jpg,4516_8,back,27,culex,Culex_quinquefasciatus,male,Train
trays/1183/specimens/14192/front.jpg,14192,front,12,aedes,Aedes_taeniorhynchus,female,Train
trays/13446/specimens/agamotto-idt1-beta53_1814/back.jpg,agamotto-idt1-beta53_1814,back,12,aedes,Aedes_taeniorhynchus,female,Train
trays/19691/specimens/agamotto-idt1-beta42_1945/front.jpg,agamotto-idt1-beta42_1945,front,25,culex,Culex_nigripalpus,female,Train
trays/525/specimens/6292/front.jpg,6292,front,21,anopheles,Anopheles_punctipennis,female,Train
trays/2959/specimens/35474/front.jpg,35474,front,14,aedes,Aedes_vexans,female,Train
trays/4345/specimens/4345_7/back.jpg,4345_7,back,15,anopheles,Anopheles_coustani,female,Train
trays/515/specimens/6170/back.jpg,6170,back,12,aedes,Aedes_taeniorhynchus,female,Train
trays/4330/specimens/4330_4/back.jpg,4330_4,back,18,anopheles,Anopheles_funestus,male,Train
trays/5857/specimens/5857_6/back.jpg,5857_6,back,24,culex,Culex_bitaeniorhynchus,female,Train
trays/4497/specimens/4497_4/front.jpg,4497_4,front,27,culex,Culex_quinquefasciatus,male,Train
trays/4357/specimens/4357_10/front.jpg,4357_10,front,15,anopheles,Anopheles_coustani,female,Train
trays/2515/specimens/30157/front.jpg,30157,front,19,anopheles,Anopheles_gambiae_s.l,female,Train
trays/461/specimens/5525/front.jpg,5525,front,11,aedes,Aedes_sierrensis,male,Train
trays/3925/specimens/47038/back.jpg,47038,back,15,anopheles,Anopheles_coustani,female,Train
trays/3582/specimens/42936/front.jpg,42936,front,28,culex,Culex_restuans,male,Train
trays/6120/specimens/agamotto-idt1-beta03_42/front.jpg,agamotto-idt1-beta03_42,front,11,aedes,Aedes_sierrensis,female,Train
trays/4725/specimens/4725_2/front.jpg,4725_2,front,15,anopheles,Anopheles_coustani,female,Train
trays/514/specimens/6161/back.jpg,6161,back,12,aedes,Aedes_taeniorhynchus,female,Train
trays/3280/specimens/39301/front.jpg,39301,front,11,aedes,Aedes_sierrensis,male,Train
trays/3442/specimens/41252/back.jpg,41252,back,23,anopheles,Anopheles_stephensi_nijmegen,female,Train
trays/3435/specimens/41171/front.jpg,41171,front,19,anopheles,Anopheles_gambiae_cdcg3,female,Train
trays/10821/specimens/agamotto-idt1-beta41_1301/back.jpg,agamotto-idt1-beta41_1301,back,11,aedes,Aedes_sierrensis,female,Train
trays/26071/specimens/agamotto-idt1-beta13_792/back.jpg,agamotto-idt1-beta13_792,back,0,aedes,Aedes_aegypti,,Train
trays/3961/specimens/47461/back.jpg,47461,back,20,anopheles,Anopheles_pharoensis,female,Train
trays/8199/specimens/agamotto-idt1-beta24_643/back.jpg,agamotto-idt1-beta24_643,back,4,aedes,Aedes_communis,female,Train
trays/1180/specimens/14151/back.jpg,14151,back,12,aedes,Aedes_taeniorhynchus,female,Train
trays/3235/specimens/38767/front.jpg,38767,front,30,culex,Culex_tarsalis,female,Train
trays/3459/specimens/41457/back.jpg,41457,back,14,aedes,Aedes_vexans,female,Train
trays/3034/specimens/36383/back.jpg,36383,back,3,aedes,Aedes_canadensis,female,Train
trays/7297/specimens/agamotto-idt1-beta30_3608/front.jpg,agamotto-idt1-beta30_3608,front,26,culex,Culex_orientalis,female,Train
trays/437/specimens/5238/back.jpg,5238,back,30,culex,Culex_tarsalis,female,Train
trays/3760/specimens/45069/front.jpg,45069,front,13,aedes,Aedes_triseriatus,female,Train
trays/526/specimens/6307/front.jpg,6307,front,21,anopheles,Anopheles_punctipennis,female,Train
trays/10823/specimens/agamotto-idt1-beta41_1328/back.jpg,agamotto-idt1-beta41_1328,back,11,aedes,Aedes_sierrensis,female,Train
trays/677/specimens/8113/front.jpg,8113,front,29,culex,Culex_salinarius,female,Train
trays/531/specimens/6364/back.jpg,6364,back,6,aedes,Aedes_japonicus,female,Train
trays/1254/specimens/15039/front.jpg,15039,front,2,aedes,Aedes_atlanticus,female,Train
trays/4357/specimens/4357_11/front.jpg,4357_11,front,15,anopheles,Anopheles_coustani,female,Train
trays/6487/specimens/agamotto-idt1-beta30_1968/front.jpg,agamotto-idt1-beta30_1968,front,7,aedes,Aedes_koreicus,female,Train
trays/3770/specimens/45183/front.jpg,45183,front,16,anopheles,Anopheles_crucians_sl,female,Train
trays/3784/specimens/45356/back.jpg,45356,back,22,anopheles,Anopheles_quadrimaculatus,female,Train
trays/24895/specimens/agamotto-idt1-beta95_4501/back.jpg,agamotto-idt1-beta95_4501,back,25,culex,Culex_nigripalpus,,Train
trays/3760/specimens/45071/front.jpg,45071,front,13,aedes,Aedes_triseriatus,female,Train
trays/3106/specimens/37232/front.jpg,37232,front,0,aedes,Aedes_aegypti,male,Train
trays/3586/specimens/42976/back.jpg,42976,back,28,culex,Culex_restuans,female,Train
trays/4357/specimens/4357_1/front.jpg,4357_1,front,15,anopheles,Anopheles_coustani,female,Train
trays/3395/specimens/40684/back.jpg,40684,back,18,anopheles,Anopheles_funestus_fumoz,female,Train
trays/6124/specimens/agamotto-idt1-beta03_81/front.jpg,agamotto-idt1-beta03_81,front,11,aedes,Aedes_sierrensis,female,Train
trays/2861/specimens/34314/back.jpg,34314,back,5,aedes,Aedes_dorsalis,female,Train
trays/3440/specimens/41222/front.jpg,41222,front,23,anopheles,Anopheles_stephensi_nijmegen,female,Train
trays/3960/specimens/47451/front.jpg,47451,front,15,anopheles,Anopheles_coustani,female,Train
trays/486/specimens/5821/front.jpg,5821,front,29,culex,Culex_salinarius,female,Train
trays/3028/specimens/36301/front.jpg,36301,front,3,aedes,Aedes_canadensis,female,Train
trays/1406/specimens/16866/back.jpg,16866,back,28,culex,Culex_restuans,female,Train
trays/3027/specimens/36298/back.jpg,36298,back,3,aedes,Aedes_canadensis,female,Train
trays/4251/specimens/50927/back.jpg,50927,back,16,anopheles,Anopheles_crucians_sl,female,Train
trays/1411/specimens/16921/front.jpg,16921,front,12,aedes,Aedes_taeniorhynchus,female,Train
trays/11106/specimens/agamotto-idt1-beta66_3732/back.jpg,agamotto-idt1-beta66_3732,back,25,culex,Culex_nigripalpus,female,Train
trays/1192/specimens/14293/front.jpg,14293,front,25,culex,Culex_nigripalpus,female,Train
trays/4201/specimens/50319/back.jpg,50319,back,29,culex,Culex_salinarius,female,Train
trays/9143/specimens/agamotto-idt1-beta28_1314/front.jpg,agamotto-idt1-beta28_1314,front,1,aedes,Aedes_albopictus,female,Train
trays/1185/specimens/14219/front.jpg,14219,front,12,aedes,Aedes_taeniorhynchus,female,Train
trays/2418/specimens/28998/front.jpg,28998,front,17,anopheles,Anopheles_freeborni,female,Train
trays/4205/specimens/50365/front.jpg,50365,front,13,aedes,Aedes_triseriatus,female,Train
trays/5864/specimens/5864_6/front.jpg,5864_6,front,24,culex,Culex_bitaeniorhynchus,female,Train
trays/531/specimens/6372/back.jpg,6372,back,6,aedes,Aedes_japonicus,female,Train
trays/1233/specimens/14786/back.jpg,14786,back,25,culex,Culex_nigripalpus,male,Train
trays/558/specimens/6690/back.jpg,6690,back,25,culex,Culex_nigripalpus,female,Train
trays/7275/specimens/agamotto-idt1-beta30_3347/front.jpg,agamotto-idt1-beta30_3347,front,26,culex,Culex_orientalis,female,Train
trays/4352/specimens/4352_8/back.jpg,4352_8,back,15,anopheles,Anopheles_coustani,female,Train
trays/3281/specimens/39319/front.jpg,39319,front,11,aedes,Aedes_sierrensis,male,Train
trays/1059/specimens/12698/back.jpg,12698,back,17,anopheles,Anopheles_freeborni,female,Train
trays/5901/specimens/5901_6/back.jpg,5901_6,back,31,culex,Culex_tritaeniorhynchus,female,Train
trays/2418/specimens/29003/front.jpg,29003,front,17,anopheles,Anopheles_freeborni,female,Train
trays/1203/specimens/14429/front.jpg,14429,front,10,aedes,Aedes_melanimon,female,Train
trays/8438/specimens/agamotto-idt1-beta28_1081/front.jpg,agamotto-idt1-beta28_1081,front,27,culex,Culex_quinquefasciatus,female,Train
trays/4696/specimens/4696_1/back.jpg,4696_1,back,20,anopheles,Anopheles_pharoensis,female,Train
trays/7832/specimens/agamotto-idt1-beta03_462/back.jpg,agamotto-idt1-beta03_462,back,11,aedes,Aedes_sierrensis,female,Train
trays/11156/specimens/agamotto-idt1-beta28_2836/back.jpg,agamotto-idt1-beta28_2836,back,17,anopheles,Anopheles_freeborni,male,Train
trays/5868/specimens/5868_0/back.jpg,5868_0,back,24,culex,Culex_bitaeniorhynchus,female,Train
trays/11127/specimens/agamotto-idt1-beta66_3979/front.jpg,agamotto-idt1-beta66_3979,front,28,culex,Culex_restuans,female,Train
trays/4613/specimens/4613_0/front.jpg,4613_0,front,9,aedes,Aedes_mcintoshi,female,Train
trays/1298/specimens/15574/front.jpg,15574,front,13,aedes,Aedes_triseriatus,female,Train
trays/26081/specimens/agamotto-idt1-beta13_908/back.jpg,agamotto-idt1-beta13_908,back,0,aedes,Aedes_aegypti,,Train
trays/413/specimens/4951/front.jpg,4951,front,10,aedes,Aedes_melanimon,female,Train
trays/523/specimens/6274/back.jpg,6274,back,12,aedes,Aedes_taeniorhynchus,female,Train
trays/1297/specimens/15563/front.jpg,15563,front,13,aedes,Aedes_triseriatus,female,Train
trays/3056/specimens/36644/front.jpg,36644,front,23,anopheles,Anopheles_stephensi,male,Train
trays/1208/specimens/14493/back.jpg,14493,back,10,aedes,Aedes_melanimon,female,Train
trays/681/specimens/8161/back.jpg,8161,back,29,culex,Culex_salinarius,female,Train
trays/5859/specimens/5859_11/back.jpg,5859_11,back,24,culex,Culex_bitaeniorhynchus,female,Train
trays/552/specimens/6613/front.jpg,6613,front,25,culex,Culex_nigripalpus,female,Train
trays/3446/specimens/41302/back.jpg,41302,back,23,anopheles,Anopheles_stephensi_nijmegen,female,Train
trays/6397/specimens/agamotto-idt1-beta30_1296/front.jpg,agamotto-idt1-beta30_1296,front,7,aedes,Aedes_koreicus,female,Train
trays/17002/specimens/agamotto-idt1-beta02_2891/front.jpg,agamotto-idt1-beta02_2891,front,1,aedes,Aedes_albopictus,female,Train
trays/5720/specimens/5720_2/back.jpg,5720_2,back,8,aedes,Aedes_lineatopennis,female,Train
trays/4352/specimens/4352_2/back.jpg,4352_2,back,15,anopheles,Anopheles_coustani,female,Train
trays/1183/specimens/14187/front.jpg,14187,front,12,aedes,Aedes_taeniorhynchus,female,Train
trays/4725/specimens/4725_5/back.jpg,4725_5,back,15,anopheles,Anopheles_coustani,female,Train
trays/4270/specimens/4270_0/front.jpg,4270_0,front,20,anopheles,Anopheles_pharoensis,female,Train
trays/3783/specimens/45341/front.jpg,45341,front,22,anopheles,Anopheles_quadrimaculatus,female,Train
trays/552/specimens/6614/back.jpg,6614,back,25,culex,Culex_nigripalpus,female,Train
trays/3574/specimens/42835/back.jpg,42835,back,13,aedes,Aedes_triseriatus,female,Train
trays/1251/specimens/15012/front.jpg,15012,front,2,aedes,Aedes_atlanticus,female,Train
trays/3807/specimens/45632/front.jpg,45632,front,21,anopheles,Anopheles_punctipennis,female,Train
trays/13443/specimens/agamotto-idt1-beta53_1780/front.jpg,agamotto-idt1-beta53_1780,front,12,aedes,Aedes_taeniorhynchus,female,Train
trays/7290/specimens/agamotto-idt1-beta30_3517/front.jpg,agamotto-idt1-beta30_3517,front,26,culex,Culex_orientalis,female,Train
trays/6772/specimens/agamotto-idt1-beta15_1087/front.jpg,agamotto-idt1-beta15_1087,front,19,anopheles,Anopheles_arabiensis,female,Train
trays/2883/specimens/34580/back.jpg,34580,back,14,aedes,Aedes_vexans,female,Train
trays/3576/specimens/42857/back.jpg,42857,back,28,culex,Culex_restuans,female,Train
trays/6400/specimens/agamotto-idt1-beta30_1330/front.jpg,agamotto-idt1-beta30_1330,front,7,aedes,Aedes_koreicus,female,Train
trays/506/specimens/6062/front.jpg,6062,front,5,aedes,Aedes_dorsalis,female,Train
trays/3806/specimens/45616/back.jpg,45616,back,21,anopheles,Anopheles_punctipennis,female,Train
trays/4137/specimens/49555/front.jpg,49555,front,18,anopheles,Anopheles_funestus_s.l,female,Train
trays/1225/specimens/14693/front.jpg,14693,front,10,aedes,Aedes_melanimon,female,Train
trays/527/specimens/6317/back.jpg,6317,back,21,anopheles,Anopheles_punctipennis,female,Train
trays/5723/specimens/5723_11/back.jpg,5723_11,back,8,aedes,Aedes_lineatopennis,female,Train
trays/8161/specimens/agamotto-idt1-beta24_527/front.jpg,agamotto-idt1-beta24_527,front,4,aedes,Aedes_communis,female,Train
trays/3031/specimens/36340/back.jpg,36340,back,3,aedes,Aedes_canadensis,female,Train
trays/2700/specimens/32377/back.jpg,32377,back,22,anopheles,Anopheles_quadrimaculatus_sl,female,Train
trays/481/specimens/5770/back.jpg,5770,back,29,culex,Culex_salinarius,female,Train
trays/8162/specimens/agamotto-idt1-beta24_531/back.jpg,agamotto-idt1-beta24_531,back,4,aedes,Aedes_communis,female,Train
trays/1144/specimens/13719/back.jpg,13719,back,17,anopheles,Anopheles_freeborni,female,Train
trays/6448/specimens/agamotto-idt1-beta30_1903/front.jpg,agamotto-idt1-beta30_1903,front,7,aedes,Aedes_koreicus,female,Train
trays/3771/specimens/45199/back.jpg,45199,back,6,aedes,Aedes_japonicus,female,Train
trays/3422/specimens/41005/back.jpg,41005,back,5,aedes,Aedes_dorsalis,female,Train
trays/4193/specimens/50225/back.jpg,50225,back,15,anopheles,Anopheles_coustani,female,Train
trays/1221/specimens/14648/back.jpg,14648,back,10,aedes,Aedes_melanimon,female,Train
trays/3822/specimens/45807/front.jpg,45807,front,13,aedes,Aedes_triseriatus,female,Train
trays/3784/specimens/45349/back.jpg,45349,back,22,anopheles,Anopheles_quadrimaculatus,female,Train
trays/514/specimens/6167/back.jpg,6167,back,12,aedes,Aedes_taeniorhynchus,female,Train
trays/10423/specimens/agamotto-idt1-beta15_4876/back.jpg,agamotto-idt1-beta15_4876,back,9,aedes,Aedes_mcintoshi,female,Train
trays/675/specimens/8092/front.jpg,8092,front,29,culex,Culex_salinarius,female,Train
trays/7293/specimens/agamotto-idt1-beta30_3563/front.jpg,agamotto-idt1-beta30_3563,front,26,culex,Culex_orientalis,female,Train
trays/4154/specimens/49764/back.jpg,49764,back,18,anopheles,Anopheles_funestus_s.l,female,Train
trays/1225/specimens/14690/back.jpg,14690,back,10,aedes,Aedes_melanimon,female,Train
trays/3038/specimens/36421/back.jpg,36421,back,16,anopheles,Anopheles_crucians_sl,female,Train
trays/22758/specimens/agamotto-idt1-beta66_19786/front.jpg,agamotto-idt1-beta66_19786,front,1,aedes,Aedes_albopictus,male,Train
trays/3582/specimens/42925/front.jpg,42925,front,28,culex,Culex_restuans,male,Train
trays/22412/specimens/agamotto-idt1-beta42_3814/front.jpg,agamotto-idt1-beta42_3814,front,0,aedes,Aedes_aegypti,female,Train
trays/3427/specimens/41066/back.jpg,41066,back,19,anopheles,Anopheles_gambiae_cdcg3,female,Train
trays/1181/specimens/14166/front.jpg,14166,front,12,aedes,Aedes_taeniorhynchus,female,Train
trays/2707/specimens/32463/front.jpg,32463,front,22,anopheles,Anopheles_quadrimaculatus_sl,female,Train
trays/1408/specimens/16893/front.jpg,16893,front,13,aedes,Aedes_triseriatus,male,Train
trays/2885/specimens/34606/front.jpg,34606,front,14,aedes,Aedes_vexans,female,Train
trays/3110/specimens/37283/front.jpg,37283,front,19,anopheles,Anopheles_gambiae_cdc-g3,female,Train
trays/8202/specimens/agamotto-idt1-beta24_653/front.jpg,agamotto-idt1-beta24_653,front,4,aedes,Aedes_communis,male,Train
trays/677/specimens/8122/back.jpg,8122,back,29,culex,Culex_salinarius,female,Train
trays/26082/specimens/agamotto-idt1-beta13_926/front.jpg,agamotto-idt1-beta13_926,front,0,aedes,Aedes_aegypti,female,Train
trays/3236/specimens/38784/back.jpg,38784,back,30,culex,Culex_tarsalis,female,Train
trays/1184/specimens/14203/back.jpg,14203,back,12,aedes,Aedes_taeniorhynchus,female,Train
trays/3786/specimens/45379/front.jpg,45379,front,22,anopheles,Anopheles_quadrimaculatus,female,Train
trays/3052/specimens/36591/back.jpg,36591,back,23,anopheles,Anopheles_stephensi,female,Train
trays/8162/specimens/agamotto-idt1-beta24_529/front.jpg,agamotto-idt1-beta24_529,front,4,aedes,Aedes_communis,female,Train
trays/533/specimens/6389/back.jpg,6389,back,6,aedes,Aedes_japonicus,female,Train
trays/525/specimens/6298/front.jpg,6298,front,21,anopheles,Anopheles_punctipennis,female,Train
trays/5864/specimens/5864_10/front.jpg,5864_10,front,24,culex,Culex_bitaeniorhynchus,female,Train
trays/1406/specimens/16861/back.jpg,16861,back,28,culex,Culex_restuans,male,Train
trays/2800/specimens/33581/back.jpg,33581,back,5,aedes,Aedes_dorsalis,female,Train
trays/22760/specimens/agamotto-idt1-beta66_19794/back.jpg,agamotto-idt1-beta66_19794,back,1,aedes,Aedes_albopictus,female,Train
trays/5728/specimens/5728_9/front.jpg,5728_9,front,8,aedes,Aedes_lineatopennis,female,Train
trays/23068/specimens/agamotto-idt1-beta66_20707/back.jpg,agamotto-idt1-beta66_20707,back,1,aedes,Aedes_albopictus,female,Train
trays/1250/specimens/14989/back.jpg,14989,back,2,aedes,Aedes_atlanticus,female,Train
trays/3031/specimens/36347/back.jpg,36347,back,3,aedes,Aedes_canadensis,female,Train
trays/2155/specimens/25853/back.jpg,25853,back,21,anopheles,Anopheles_punctipennis,male,Train
trays/2434/specimens/29186/front.jpg,29186,front,18,anopheles,Anopheles_funestus_sl,female,Train
trays/4680/specimens/4680_11/front.jpg,4680_11,front,9,aedes,Aedes_mcintoshi,female,Train
trays/1166/specimens/13981/front.jpg,13981,front,16,anopheles,Anopheles_crucians,female,Train
trays/5864/specimens/5864_1/back.jpg,5864_1,back,24,culex,Culex_bitaeniorhynchus,female,Train
trays/7277/specimens/agamotto-idt1-beta30_3372/front.jpg,agamotto-idt1-beta30_3372,front,26,culex,Culex_orientalis,female,Train
trays/10440/specimens/agamotto-idt1-beta49_860/front.jpg,agamotto-idt1-beta49_860,front,6,aedes,Aedes_japonicus,female,Train
trays/3090/specimens/37033/front.jpg,37033,front,14,aedes,Aedes_vexans,female,Train
trays/1236/specimens/14825/front.jpg,14825,front,25,culex,Culex_nigripalpus,female,Train
trays/5852/specimens/5852_9/back.jpg,5852_9,back,24,culex,Culex_bitaeniorhynchus,female,Train
trays/530/specimens/6360/back.jpg,6360,back,6,aedes,Aedes_japonicus,female,Train
trays/1185/specimens/14212/front.jpg,14212,front,12,aedes,Aedes_taeniorhynchus,female,Train
trays/5851/specimens/5851_8/front.jpg,5851_8,front,24,culex,Culex_bitaeniorhynchus,female,Train
trays/4205/specimens/50366/front.jpg,50366,front,13,aedes,Aedes_triseriatus,female,Train
trays/11013/specimens/agamotto-idt1-beta66_3378/front.jpg,agamotto-idt1-beta66_3378,front,1,aedes,Aedes_albopictus,female,Train
trays/5901/specimens/5901_2/front.jpg,5901_2,front,31,culex,Culex_tritaeniorhynchus,female,Train
trays/6773/specimens/agamotto-idt1-beta15_1099/front.jpg,agamotto-idt1-beta15_1099,front,19,anopheles,Anopheles_arabiensis,female,Train
trays/5725/specimens/5725_6/back.jpg,5725_6,back,8,aedes,Aedes_lineatopennis,female,Train
trays/4715/specimens/4715_7/front.jpg,4715_7,front,20,anopheles,Anopheles_pharoensis,female,Train
trays/3396/specimens/40703/back.jpg,40703,back,18,anopheles,Anopheles_funestus_fumoz,female,Train
trays/5086/specimens/5086_11/front.jpg,5086_11,front,9,aedes,Aedes_mcintoshi,female,Train
trays/3281/specimens/39318/front.jpg,39318,front,11,aedes,Aedes_sierrensis,male,Train
trays/577/specimens/6916/front.jpg,6916,front,3,aedes,Aedes_canadensis,female,Train
trays/3035/specimens/36385/front.jpg,36385,front,3,aedes,Aedes_canadensis,female,Train
trays/3582/specimens/42934/back.jpg,42934,back,28,culex,Culex_restuans,male,Train
trays/4703/specimens/4703_3/back.jpg,4703_3,back,20,anopheles,Anopheles_pharoensis,female,Train
trays/6410/specimens/agamotto-idt1-beta30_1451/back.jpg,agamotto-idt1-beta30_1451,back,7,aedes,Aedes_koreicus,female,Train
trays/2915/specimens/34959/back.jpg,34959,back,14,aedes,Aedes_vexans,female,Train
trays/3428/specimens/41077/front.jpg,41077,front,19,anopheles,Anopheles_gambiae_cdcg3,female,Train
trays/2419/specimens/29005/back.jpg,29005,back,17,anopheles,Anopheles_freeborni,female,Train
trays/1410/specimens/16909/back.jpg,16909,back,6,aedes,Aedes_japonicus,female,Train
trays/2154/specimens/25844/front.jpg,25844,front,22,anopheles,Anopheles_quadrimaculatus,male,Train
trays/1267/specimens/15204/back.jpg,15204,back,2,aedes,Aedes_atlanticus,female,Train
trays/2932/specimens/35172/back.jpg,35172,back,5,aedes,Aedes_dorsalis,female,Train
trays/576/specimens/6908/front.jpg,6908,front,3,aedes,Aedes_canadensis,female,Train
trays/3446/specimens/41299/back.jpg,41299,back,23,anopheles,Anopheles_stephensi_nijmegen,female,Train
trays/2932/specimens/35170/back.jpg,35170,back,5,aedes,Aedes_dorsalis,female,Train
trays/3958/specimens/47426/front.jpg,47426,front,15,anopheles,Anopheles_coustani,female,Train
trays/3576/specimens/42856/back.jpg,42856,back,28,culex,Culex_restuans,female,Train
trays/1408/specimens/16891/back.jpg,16891,back,13,aedes,Aedes_triseriatus,female,Train
trays/1334/specimens/16001/back.jpg,16001,back,10,aedes,Aedes_melanimon,female,Train
trays/3382/specimens/40525/front.jpg,40525,front,0,aedes,Aedes_aegypti,female,Train
trays/4730/specimens/4730_4/back.jpg,4730_4,back,15,anopheles,Anopheles_coustani,female,Train
trays/3435/specimens/41167/back.jpg,41167,back,19,anopheles,Anopheles_gambiae_cdcg3,female,Train
trays/6394/specimens/agamotto-idt1-beta30_1249/front.jpg,agamotto-idt1-beta30_1249,front,7,aedes,Aedes_koreicus,female,Train
trays/3770/specimens/45191/back.jpg,45191,back,16,anopheles,Anopheles_crucians_sl,female,Train
trays/3586/specimens/42979/front.jpg,42979,front,28,culex,Culex_restuans,female,Train
trays/3231/specimens/38714/front.jpg,38714,front,17,anopheles,Anopheles_freeborni,female,Train
trays/4948/specimens/4948_8/back.jpg,4948_8,back,31,culicidae,culex,0,Train
trays/8163/specimens/agamotto-idt1-beta24_545/back.jpg,agamotto-idt1-beta24_545,back,4,aedes,Aedes_communis,male,Train
trays/5852/specimens/5852_0/back.jpg,5852_0,back,24,culex,Culex_bitaeniorhynchus,female,Train
trays/22407/specimens/agamotto-idt1-beta42_3752/front.jpg,agamotto-idt1-beta42_3752,front,0,aedes,Aedes_aegypti,male,Train
trays/478/specimens/5728/front.jpg,5728,front,12,aedes,Aedes_taeniorhynchus,female,Train
trays/3031/specimens/36342/back.jpg,36342,back,3,aedes,Aedes_canadensis,female,Train
trays/8485/specimens/agamotto-idt1-beta39_782/back.jpg,agamotto-idt1-beta39_782,back,5,aedes,Aedes_dorsalis,female,Train
trays/20264/specimens/agamotto-idt1-beta42_2508/back.jpg,agamotto-idt1-beta42_2508,back,23,anopheles,Anopheles_stephensi,female,Train
trays/6397/specimens/agamotto-idt1-beta30_1291/back.jpg,agamotto-idt1-beta30_1291,back,7,aedes,Aedes_koreicus,female,Train
trays/3572/specimens/42809/front.jpg,42809,front,16,anopheles,Anopheles_crucians_sl,female,Train
trays/3502/specimens/41967/front.jpg,41967,front,27,culex,Culex_quinqufasciatus_bamako,male,Train
trays/5723/specimens/5723_5/front.jpg,5723_5,front,8,aedes,Aedes_lineatopennis,female,Train
trays/1185/specimens/14213/back.jpg,14213,back,12,aedes,Aedes_taeniorhynchus,female,Train
trays/3238/specimens/38804/back.jpg,38804,back,30,culex,Culex_tarsalis,female,Train
trays/6393/specimens/agamotto-idt1-beta30_1239/back.jpg,agamotto-idt1-beta30_1239,back,7,aedes,Aedes_koreicus,female,Train
trays/10778/specimens/agamotto-idt1-beta41_1283/front.jpg,agamotto-idt1-beta41_1283,front,11,aedes,Aedes_sierrensis,male,Train
trays/6772/specimens/agamotto-idt1-beta15_1081/back.jpg,agamotto-idt1-beta15_1081,back,19,anopheles,Anopheles_arabiensis,male,Train
trays/1408/specimens/16885/back.jpg,16885,back,13,aedes,Aedes_triseriatus,female,Train
trays/5897/specimens/5897_1/front.jpg,5897_1,front,31,culex,Culex_tritaeniorhynchus,female,Train
trays/5906/specimens/5906_6/front.jpg,5906_6,front,31,culex,Culex_tritaeniorhynchus,female,Train
trays/3770/specimens/45187/front.jpg,45187,front,16,anopheles,Anopheles_crucians_sl,female,Train
trays/3959/specimens/47443/back.jpg,47443,back,15,anopheles,Anopheles_coustani,female,Train
trays/3428/specimens/41077/back.jpg,41077,back,19,anopheles,Anopheles_gambiae_cdcg3,female,Train
trays/4504/specimens/4504_7/back.jpg,4504_7,back,27,culex,Culex_quinquefasciatus,male,Train
trays/3034/specimens/36378/front.jpg,36378,front,3,aedes,Aedes_canadensis,female,Train
trays/4680/specimens/4680_3/front.jpg,4680_3,front,9,aedes,Aedes_mcintoshi,female,Train
trays/5856/specimens/5856_1/front.jpg,5856_1,front,24,culex,Culex_bitaeniorhynchus,female,Train
trays/6112/specimens/agamotto-idt1-beta15_33/front.jpg,agamotto-idt1-beta15_33,front,9,aedes,Aedes_mcintoshi,female,Train
trays/532/specimens/6381/back.jpg,6381,back,6,aedes,Aedes_japonicus,female,Train
trays/2931/specimens/35158/front.jpg,35158,front,14,aedes,Aedes_vexans,female,Train
trays/526/specimens/6304/back.jpg,6304,back,21,anopheles,Anopheles_punctipennis,female,Train
trays/3027/specimens/36297/back.jpg,36297,back,3,aedes,Aedes_canadensis,female,Train
trays/4166/specimens/49907/front.jpg,49907,front,18,anopheles,Anopheles_funestus_s.l,female,Train
trays/4202/specimens/50337/front.jpg,50337,front,13,aedes,Aedes_triseriatus,female,Train
trays/3805/specimens/45612/back.jpg,45612,back,21,anopheles,Anopheles_punctipennis,female,Train
trays/8202/specimens/agamotto-idt1-beta24_652/front.jpg,agamotto-idt1-beta24_652,front,4,aedes,Aedes_communis,male,Train
trays/3440/specimens/41231/front.jpg,41231,front,23,anopheles,Anopheles_stephensi_nijmegen,female,Train
trays/5868/specimens/5868_2/back.jpg,5868_2,back,24,culex,Culex_bitaeniorhynchus,female,Train
trays/5908/specimens/5908_7/back.jpg,5908_7,back,31,culex,Culex_tritaeniorhynchus,female,Train
trays/3959/specimens/47441/back.jpg,47441,back,15,anopheles,Anopheles_coustani,female,Train
trays/4252/specimens/50937/front.jpg,50937,front,21,anopheles,Anopheles_punctipennis,female,Train
trays/6416/specimens/agamotto-idt1-beta30_1516/back.jpg,agamotto-idt1-beta30_1516,back,7,aedes,Aedes_koreicus,female,Train
trays/4743/specimens/4743_11/back.jpg,4743_11,back,20,anopheles,Anopheles_pharoensis,female,Train
trays/1292/specimens/15493/back.jpg,15493,back,13,aedes,Aedes_triseriatus,female,Train
trays/2417/specimens/28987/back.jpg,28987,back,17,anopheles,Anopheles_freeborni,female,Train
trays/6431/specimens/agamotto-idt1-beta30_1697/front.jpg,agamotto-idt1-beta30_1697,front,7,aedes,Aedes_koreicus,female,Train
trays/8202/specimens/agamotto-idt1-beta24_657/back.jpg,agamotto-idt1-beta24_657,back,4,aedes,Aedes_communis,female,Train
trays/532/specimens/6374/front.jpg,6374,front,6,aedes,Aedes_japonicus,female,Train
trays/5080/specimens/5080_4/back.jpg,5080_4,back,9,aedes,Aedes_mcintoshi,female,Train
trays/1267/specimens/15203/back.jpg,15203,back,2,aedes,Aedes_atlanticus,female,Train
trays/7832/specimens/agamotto-idt1-beta03_464/back.jpg,agamotto-idt1-beta03_464,back,11,aedes,Aedes_sierrensis,female,Train
trays/4205/specimens/50373/front.jpg,50373,front,13,aedes,Aedes_triseriatus,female,Train
trays/5907/specimens/5907_9/back.jpg,5907_9,back,31,culex,Culex_tritaeniorhynchus,female,Train
trays/3229/specimens/38700/front.jpg,38700,front,30,culex,Culex_tarsalis,female,Train
trays/9356/specimens/agamotto-idt1-beta15_4602/front.jpg,agamotto-idt1-beta15_4602,front,9,aedes,Aedes_mcintoshi,female,Train
trays/3031/specimens/36341/back.jpg,36341,back,3,aedes,Aedes_canadensis,female,Train
trays/515/specimens/6180/front.jpg,6180,front,12,aedes,Aedes_taeniorhynchus,female,Train
trays/2704/specimens/32429/front.jpg,32429,front,22,anopheles,Anopheles_quadrimaculatus_sl,female,Train
trays/3031/specimens/36337/back.jpg,36337,back,3,aedes,Aedes_canadensis,female,Train
trays/3274/specimens/39236/back.jpg,39236,back,27,culex,Culex_pipiens_sl,female,Train
trays/7282/specimens/agamotto-idt1-beta30_3426/back.jpg,agamotto-idt1-beta30_3426,back,26,culex,Culex_orientalis,female,Train
trays/3116/specimens/37353/back.jpg,37353,back,19,anopheles,Anopheles_gambiae_cdc-g3,male,Train
trays/6781/specimens/agamotto-idt1-beta15_1189/front.jpg,agamotto-idt1-beta15_1189,front,19,anopheles,Anopheles_arabiensis,male,Train
trays/1190/specimens/14272/back.jpg,14272,back,25,culex,Culex_nigripalpus,female,Train
trays/9240/specimens/agamotto-idt1-beta28_1344/front.jpg,agamotto-idt1-beta28_1344,front,1,aedes,Aedes_albopictus,female,Train
trays/532/specimens/6382/front.jpg,6382,front,6,aedes,Aedes_japonicus,female,Train
trays/8233/specimens/agamotto-idt1-beta24_695/front.jpg,agamotto-idt1-beta24_695,front,4,aedes,Aedes_communis,female,Train
trays/1146/specimens/13746/back.jpg,13746,back,10,aedes,Aedes_melanimon,female,Train
trays/3855/specimens/46190/back.jpg,46190,back,6,aedes,Aedes_japonicus,female,Train
trays/5850/specimens/5850_2/front.jpg,5850_2,front,24,culex,Culex_bitaeniorhynchus,female,Train
trays/8066/specimens/agamotto-idt1-beta24_408/front.jpg,agamotto-idt1-beta24_408,front,4,aedes,Aedes_communis,male,Train
trays/5729/specimens/5729_5/back.jpg,5729_5,back,8,aedes,Aedes_lineatopennis,female,Train
trays/1404/specimens/16842/back.jpg,16842,back,29,culex,Culex_salinarius,female,Train
trays/5725/specimens/5725_10/front.jpg,5725_10,front,8,aedes,Aedes_lineatopennis,female,Train
trays/5078/specimens/5078_8/back.jpg,5078_8,back,9,aedes,Aedes_mcintoshi,female,Train
trays/3005/specimens/36025/back.jpg,36025,back,14,aedes,Aedes_vexans,female,Train
trays/1208/specimens/14491/front.jpg,14491,front,10,aedes,Aedes_melanimon,female,Train
trays/1190/specimens/14276/front.jpg,14276,front,25,culex,Culex_nigripalpus,female,Train
trays/2801/specimens/33594/back.jpg,33594,back,5,aedes,Aedes_dorsalis,female,Train
trays/4252/specimens/50938/front.jpg,50938,front,21,anopheles,Anopheles_punctipennis,female,Train
trays/3029/specimens/36316/front.jpg,36316,front,3,aedes,Aedes_canadensis,female,Train
trays/1164/specimens/13961/back.jpg,13961,back,16,anopheles,Anopheles_crucians,female,Train
trays/3769/specimens/45169/back.jpg,45169,back,16,anopheles,Anopheles_crucians_sl,female,Train
trays/3574/specimens/42831/back.jpg,42831,back,13,aedes,Aedes_triseriatus,male,Train
trays/4360/specimens/4360_10/back.jpg,4360_10,back,14,aedes,Aedes_vexans,female,Train
trays/679/specimens/8148/front.jpg,8148,front,29,culex,Culex_salinarius,female,Train
trays/26019/specimens/agamotto-idt1-beta13_572/front.jpg,agamotto-idt1-beta13_572,front,0,aedes,Aedes_aegypti,female,Train
trays/5732/specimens/5732_3/front.jpg,5732_3,front,8,aedes,Aedes_lineatopennis,female,Train
trays/1248/specimens/14974/back.jpg,14974,back,2,aedes,Aedes_atlanticus,female,Train
trays/5729/specimens/5729_1/back.jpg,5729_1,back,8,aedes,Aedes_lineatopennis,female,Train
trays/4734/specimens/4734_8/back.jpg,4734_8,back,20,anopheles,Anopheles_pharoensis,female,Train
trays/1144/specimens/13719/front.jpg,13719,front,17,anopheles,Anopheles_freeborni,female,Train
trays/4331/specimens/4331_5/front.jpg,4331_5,front,18,anopheles,Anopheles_funestus,female,Train
trays/1260/specimens/15115/back.jpg,15115,back,2,aedes,Aedes_atlanticus,female,Train
trays/4707/specimens/4707_7/front.jpg,4707_7,front,20,anopheles,Anopheles_pharoensis,female,Train
trays/1187/specimens/14239/back.jpg,14239,back,25,culex,Culex_nigripalpus,female,Train
trays/3850/specimens/46129/front.jpg,46129,front,16,anopheles,Anopheles_crucians_sl,female,Train
trays/6386/specimens/agamotto-idt1-beta30_1154/front.jpg,agamotto-idt1-beta30_1154,front,7,aedes,Aedes_koreicus,female,Train
trays/554/specimens/6644/back.jpg,6644,back,25,culex,Culex_nigripalpus,female,Train
trays/1252/specimens/15021/front.jpg,15021,front,2,aedes,Aedes_atlanticus,female,Train
trays/3036/specimens/36399/back.jpg,36399,back,22,anopheles,Anopheles_quadrimaculatus_sl,female,Train
trays/3436/specimens/41181/front.jpg,41181,front,19,anopheles,Anopheles_gambiae_cdcg3,female,Train
trays/1059/specimens/12702/front.jpg,12702,front,17,anopheles,Anopheles_freeborni,female,Train
trays/8067/specimens/agamotto-idt1-beta24_411/front.jpg,agamotto-idt1-beta24_411,front,4,aedes,Aedes_communis,male,Train
trays/2684/specimens/32196/front.jpg,32196,front,25,culex,Culex_nigripalpus,female,Train
trays/1202/specimens/14421/front.jpg,14421,front,30,culex,Culex_tarsalis,female,Train
trays/5906/specimens/5906_8/back.jpg,5906_8,back,31,culex,Culex_tritaeniorhynchus,female,Train
trays/3960/specimens/47451/back.jpg,47451,back,15,anopheles,Anopheles_coustani,female,Train
trays/4988/specimens/4988_2/front.jpg,4988_2,front,26,culex,Culex_orientalis,female,Train
trays/5852/specimens/5852_1/back.jpg,5852_1,back,24,culex,Culex_bitaeniorhynchus,female,Train
trays/7301/specimens/agamotto-idt1-beta30_3658/back.jpg,agamotto-idt1-beta30_3658,back,26,culex,Culex_orientalis,female,Train
trays/515/specimens/6173/front.jpg,6173,front,12,aedes,Aedes_taeniorhynchus,female,Train
trays/7939/specimens/agamotto-idt1-beta03_485/front.jpg,agamotto-idt1-beta03_485,front,11,aedes,Aedes_sierrensis,female,Train
trays/3710/specimens/44472/front.jpg,44472,front,27,culex,Culex_quinquefasciatus_bcs,male,Train
trays/1208/specimens/14485/back.jpg,14485,back,10,aedes,Aedes_melanimon,female,Train
trays/555/specimens/6655/back.jpg,6655,back,25,culex,Culex_nigripalpus,female,Train
trays/4947/specimens/4947_2/front.jpg,4947_2,front,31,culicidae,culex,0,Train
trays/5854/specimens/5854_8/back.jpg,5854_8,back,24,culex,Culex_bitaeniorhynchus,female,Train
trays/1222/specimens/14661/front.jpg,14661,front,10,aedes,Aedes_melanimon,female,Train
trays/4137/specimens/49552/front.jpg,49552,front,18,anopheles,Anopheles_funestus,female,Train
trays/22441/specimens/agamotto-idt1-beta66_17816/back.jpg,agamotto-idt1-beta66_17816,back,1,aedes,Aedes_albopictus,male,Train
trays/4735/specimens/4735_8/back.jpg,4735_8,back,20,anopheles,Anopheles_pharoensis,female,Train
trays/3958/specimens/47430/back.jpg,47430,back,15,anopheles,Anopheles_coustani,female,Train
trays/11178/specimens/agamotto-idt1-beta28_3030/back.jpg,agamotto-idt1-beta28_3030,back,17,anopheles,Anopheles_freeborni,female,Train
trays/7277/specimens/agamotto-idt1-beta30_3372/back.jpg,agamotto-idt1-beta30_3372,back,26,culex,Culex_orientalis,female,Train
trays/3806/specimens/45614/back.jpg,45614,back,21,anopheles,Anopheles_punctipennis,female,Train
trays/26080/specimens/agamotto-idt1-beta13_898/back.jpg,agamotto-idt1-beta13_898,back,0,aedes,Aedes_aegypti,female,Train
trays/7282/specimens/agamotto-idt1-beta30_3432/front.jpg,agamotto-idt1-beta30_3432,front,26,culex,Culex_orientalis,female,Train
trays/7125/specimens/agamotto-idt1-beta15_2780/front.jpg,agamotto-idt1-beta15_2780,front,9,aedes,Aedes_mcintoshi,female,Train
trays/5897/specimens/5897_6/back.jpg,5897_6,back,31,culex,Culex_tritaeniorhynchus,female,Train
trays/532/specimens/6377/front.jpg,6377,front,6,aedes,Aedes_japonicus,female,Train
trays/3280/specimens/39303/front.jpg,39303,front,11,aedes,Aedes_sierrensis,male,Train
trays/4504/specimens/4504_10/back.jpg,4504_10,back,27,culex,Culex_quinquefasciatus,male,Train
trays/4952/specimens/4952_9/back.jpg,4952_9,back,31,culicidae,culex,0,Train
trays/1265/specimens/15175/back.jpg,15175,back,2,aedes,Aedes_atlanticus,female,Train
trays/1091/specimens/13087/back.jpg,13087,back,17,anopheles,Anopheles_freeborni,female,Train
trays/4137/specimens/49551/back.jpg,49551,back,18,anopheles,Anopheles_funestus_s.l,female,Train
trays/3760/specimens/45061/back.jpg,45061,back,13,aedes,Aedes_triseriatus,female,Train
trays/507/specimens/6073/back.jpg,6073,back,5,aedes,Aedes_dorsalis,female,Train
trays/1838/specimens/22049/front.jpg,22049,front,14,aedes,Aedes_vexans,female,Train
trays/3400/specimens/40750/back.jpg,40750,back,18,anopheles,Anopheles_funestus_fumoz,male,Train
trays/25427/specimens/agamotto-idt1-beta42_4335/front.jpg,agamotto-idt1-beta42_4335,front,0,aedes,Aedes_aegypti,male,Train
trays/677/specimens/8121/back.jpg,8121,back,29,culex,Culex_salinarius,female,Train
trays/1091/specimens/13085/back.jpg,13085,back,17,anopheles,Anopheles_freeborni,female,Train
trays/8067/specimens/agamotto-idt1-beta24_409/back.jpg,agamotto-idt1-beta24_409,back,4,aedes,Aedes_communis,male,Train
trays/2862/specimens/34330/front.jpg,34330,front,5,aedes,Aedes_dorsalis,female,Train
trays/486/specimens/5822/front.jpg,5822,front,29,culex,Culex_salinarius,female,Train
trays/1256/specimens/15067/back.jpg,15067,back,2,aedes,Aedes_atlanticus,female,Train
trays/533/specimens/6393/back.jpg,6393,back,6,aedes,Aedes_japonicus,female,Train
trays/6768/specimens/agamotto-idt1-beta15_1035/front.jpg,agamotto-idt1-beta15_1035,front,19,anopheles,Anopheles_arabiensis,female,Train
trays/7299/specimens/agamotto-idt1-beta30_3635/back.jpg,agamotto-idt1-beta30_3635,back,26,culex,Culex_orientalis,female,Train
trays/6498/specimens/agamotto-idt1-beta30_2100/back.jpg,agamotto-idt1-beta30_2100,back,7,aedes,Aedes_koreicus,female,Train
trays/480/specimens/5750/back.jpg,5750,back,29,culex,Culex_salinarius,female,Train
trays/4170/specimens/49956/back.jpg,49956,back,18,anopheles,Anopheles_funestus,female,Train
trays/8163/specimens/agamotto-idt1-beta24_547/front.jpg,agamotto-idt1-beta24_547,front,4,aedes,Aedes_communis,male,Train
trays/3283/specimens/39348/back.jpg,39348,back,11,aedes,Aedes_sierrensis,male,Train
trays/4352/specimens/4352_1/front.jpg,4352_1,front,15,anopheles,Anopheles_coustani,female,Train
trays/5861/specimens/5861_7/back.jpg,5861_7,back,24,culex,Culex_bitaeniorhynchus,female,Train
trays/8511/specimens/agamotto-idt1-beta03_747/front.jpg,agamotto-idt1-beta03_747,front,11,aedes,Aedes_sierrensis,female,Train
trays/21133/specimens/agamotto-idt1-beta102_6020/back.jpg,agamotto-idt1-beta102_6020,back,1,aedes,Aedes_albopictus,,Train
trays/4357/specimens/4357_0/back.jpg,4357_0,back,15,anopheles,Anopheles_coustani,female,Train
trays/3959/specimens/47441/front.jpg,47441,front,15,anopheles,Anopheles_coustani,female,Train
trays/525/specimens/6295/back.jpg,6295,back,21,anopheles,Anopheles_punctipennis,female,Train
trays/1247/specimens/14959/back.jpg,14959,back,6,aedes,Aedes_japonicus,female,Train
trays/5904/specimens/5904_3/front.jpg,5904_3,front,31,culex,Culex_tritaeniorhynchus,female,Train
trays/478/specimens/5729/front.jpg,5729,front,12,aedes,Aedes_taeniorhynchus,female,Train
trays/4170/specimens/49945/front.jpg,49945,front,18,anopheles,Anopheles_funestus_s.l,female,Train
trays/24484/specimens/agamotto-idt1-beta66_23895/front.jpg,agamotto-idt1-beta66_23895,front,1,aedes,Aedes_albopictus,female,Train
trays/4734/specimens/4734_5/front.jpg,4734_5,front,20,anopheles,Anopheles_pharoensis,female,Train
trays/2155/specimens/25849/back.jpg,25849,back,21,anopheles,Anopheles_punctipennis,male,Train
trays/11127/specimens/agamotto-idt1-beta66_3979/back.jpg,agamotto-idt1-beta66_3979,back,28,culex,Culex_restuans,female,Train
trays/1188/specimens/14247/back.jpg,14247,back,25,culex,Culex_nigripalpus,female,Train
trays/3577/specimens/42867/back.jpg,42867,back,28,culex,Culex_restuans,female,Train
trays/1267/specimens/15203/front.jpg,15203,front,2,aedes,Aedes_atlanticus,female,Train
trays/2706/specimens/32453/back.jpg,32453,back,22,anopheles,Anopheles_quadrimaculatus_sl,female,Train
trays/5863/specimens/5863_7/back.jpg,5863_7,back,24,culex,Culex_bitaeniorhynchus,female,Train
trays/5859/specimens/5859_1/front.jpg,5859_1,front,24,culex,Culex_bitaeniorhynchus,female,Train
trays/4507/specimens/4507_2/front.jpg,4507_2,front,27,culex,Culex_quinquefasciatus,male,Train
trays/5910/specimens/5910_3/back.jpg,5910_3,back,31,culex,Culex_tritaeniorhynchus,female,Train
trays/2862/specimens/34322/front.jpg,34322,front,5,aedes,Aedes_dorsalis,female,Train
trays/4725/specimens/4725_1/back.jpg,4725_1,back,15,anopheles,Anopheles_coustani,female,Train
trays/3580/specimens/42910/back.jpg,42910,back,28,culex,Culex_restuans,male,Train
trays/4174/specimens/50004/front.jpg,50004,front,18,anopheles,Anopheles_funestus,female,Train
trays/404/specimens/4847/back.jpg,4847,back,17,anopheles,Anopheles_freeborni,female,Train
trays/6273/specimens/agamotto-idt1-beta25_749/front.jpg,agamotto-idt1-beta25_749,front,30,culex,Culex_tarsalis,female,Train
trays/1161/specimens/13921/front.jpg,13921,front,16,anopheles,Anopheles_crucians,female,Train
trays/4361/specimens/4361_0/front.jpg,4361_0,front,14,aedes,Aedes_vexans,female,Train
trays/2210/specimens/26517/back.jpg,26517,back,17,anopheles,Anopheles_freeborni,female,Train
trays/1404/specimens/16842/front.jpg,16842,front,29,culex,Culex_salinarius,female,Train
trays/3578/specimens/42885/back.jpg,42885,back,28,culex,Culex_restuans,female,Train
trays/674/specimens/8081/front.jpg,8081,front,29,culex,Culex_salinarius,female,Train
trays/23722/specimens/agamotto-idt1-beta66_22405/front.jpg,agamotto-idt1-beta66_22405,front,6,aedes,Aedes_japonicus,female,Train
trays/2923/specimens/35055/back.jpg,35055,back,5,aedes,Aedes_dorsalis,female,Train
trays/4504/specimens/4504_10/front.jpg,4504_10,front,27,culex,Culex_quinquefasciatus,male,Train
trays/3392/specimens/40651/front.jpg,40651,front,0,aedes,Aedes_aegypti,female,Train
trays/3769/specimens/45172/back.jpg,45172,back,16,anopheles,Anopheles_crucians_sl,female,Train
trays/3232/specimens/38729/front.jpg,38729,front,30,culex,Culex_tarsalis,female,Train
trays/1091/specimens/13082/front.jpg,13082,front,17,anopheles,Anopheles_freeborni,female,Train
trays/2923/specimens/35064/front.jpg,35064,front,5,aedes,Aedes_dorsalis,female,Train
trays/6128/specimens/agamotto-idt1-beta03_132/front.jpg,agamotto-idt1-beta03_132,front,11,aedes,Aedes_sierrensis,female,Train
trays/551/specimens/6603/front.jpg,6603,front,25,culex,Culex_nigripalpus,female,Train
trays/11058/specimens/agamotto-idt1-beta28_2615/back.jpg,agamotto-idt1-beta28_2615,back,17,anopheles,Anopheles_freeborni,female,Train
trays/5909/specimens/5909_10/back.jpg,5909_10,back,31,culex,Culex_tritaeniorhynchus,female,Train
trays/4496/specimens/4496_5/back.jpg,4496_5,back,27,culex,Culex_quinquefasciatus,female,Train
trays/960/specimens/11517/front.jpg,11517,front,12,aedes,Aedes_taeniorhynchus,female,Train
trays/3124/specimens/37445/back.jpg,37445,back,0,aedes,Aedes_aegypti,female,Train
trays/4680/specimens/4680_10/front.jpg,4680_10,front,9,aedes,Aedes_mcintoshi,female,Train
trays/3031/specimens/36342/front.jpg,36342,front,3,aedes,Aedes_canadensis,female,Train
trays/5908/specimens/5908_1/back.jpg,5908_1,back,31,culex,Culex_tritaeniorhynchus,female,Train
trays/4734/specimens/4734_5/back.jpg,4734_5,back,20,anopheles,Anopheles_pharoensis,female,Train
trays/5899/specimens/5899_1/back.jpg,5899_1,back,31,culex,Culex_tritaeniorhynchus,female,Train
trays/3566/specimens/42737/front.jpg,42737,front,17,anopheles,Anopheles_freeborni,female,Train
trays/4860/specimens/4860_3/back.jpg,4860_3,back,23,anopheles,Anopheles_stephensi,female,Train
trays/3052/specimens/36594/back.jpg,36594,back,23,anopheles,Anopheles_stephensi,female,Train
trays/4700/specimens/4700_0/front.jpg,4700_0,front,20,anopheles,Anopheles_pharoensis,female,Train
trays/6781/specimens/agamotto-idt1-beta15_1190/front.jpg,agamotto-idt1-beta15_1190,front,19,anopheles,Anopheles_arabiensis,female,Train
trays/2704/specimens/32436/front.jpg,32436,front,22,anopheles,Anopheles_quadrimaculatus_sl,female,Train
trays/484/specimens/5807/front.jpg,5807,front,29,culex,Culex_salinarius,female,Train
trays/1257/specimens/15083/front.jpg,15083,front,2,aedes,Aedes_atlanticus,female,Train
trays/4680/specimens/4680_2/back.jpg,4680_2,back,9,aedes,Aedes_mcintoshi,female,Train
trays/16262/specimens/agamotto-idt1-beta42_1221/front.jpg,agamotto-idt1-beta42_1221,front,0,aedes,Aedes_aegypti,male,Train
trays/7284/specimens/agamotto-idt1-beta30_3455/front.jpg,agamotto-idt1-beta30_3455,front,26,culex,Culex_orientalis,female,Train
trays/527/specimens/6320/front.jpg,6320,front,21,anopheles,Anopheles_punctipennis,female,Train
trays/5908/specimens/5908_7/front.jpg,5908_7,front,31,culex,Culex_tritaeniorhynchus,female,Train
trays/6111/specimens/agamotto-idt1-beta15_13/back.jpg,agamotto-idt1-beta15_13,back,9,aedes,Aedes_mcintoshi,female,Train
trays/5922/specimens/5922_0/back.jpg,5922_0,back,31,culex,Culex_tritaeniorhynchus,female,Train
trays/523/specimens/6269/front.jpg,6269,front,12,aedes,Aedes_taeniorhynchus,female,Train
trays/3806/specimens/45616/front.jpg,45616,front,21,anopheles,Anopheles_punctipennis,female,Train
trays/4169/specimens/49942/front.jpg,49942,front,18,anopheles,Anopheles_funestus,male,Train
trays/3770/specimens/45188/front.jpg,45188,front,16,anopheles,Anopheles_crucians_sl,female,Train
trays/3782/specimens/45332/back.jpg,45332,back,22,anopheles,Anopheles_quadrimaculatus,female,Train
trays/4511/specimens/4511_4/front.jpg,4511_4,front,27,culex,Culex_quinquefasciatus,male,Train
trays/554/specimens/6641/front.jpg,6641,front,25,culex,Culex_nigripalpus,female,Train
trays/1203/specimens/14430/front.jpg,14430,front,10,aedes,Aedes_melanimon,female,Train
trays/3763/specimens/45101/back.jpg,45101,back,2,aedes,Aedes_atlanticus,female,Train
trays/7281/specimens/agamotto-idt1-beta30_3415/back.jpg,agamotto-idt1-beta30_3415,back,26,culex,Culex_orientalis,female,Train
trays/4356/specimens/4356_2/front.jpg,4356_2,front,15,anopheles,Anopheles_coustani,female,Train
trays/5900/specimens/5900_0/back.jpg,5900_0,back,31,culex,Culex_tritaeniorhynchus,female,Train
trays/6443/specimens/agamotto-idt1-beta30_1845/back.jpg,agamotto-idt1-beta30_1845,back,7,aedes,Aedes_koreicus,female,Train
trays/11057/specimens/agamotto-idt1-beta28_2593/front.jpg,agamotto-idt1-beta28_2593,front,30,culex,Culex_tarsalis,female,Train
trays/2705/specimens/32446/front.jpg,32446,front,22,anopheles,Anopheles_quadrimaculatus_sl,female,Train
trays/5903/specimens/5903_6/back.jpg,5903_6,back,31,culex,Culex_tritaeniorhynchus,female,Train
trays/5726/specimens/5726_0/front.jpg,5726_0,front,8,aedes,Aedes_lineatopennis,female,Train
trays/4707/specimens/4707_6/back.jpg,4707_6,back,20,anopheles,Anopheles_pharoensis,female,Train
trays/1096/specimens/13142/front.jpg,13142,front,10,aedes,Aedes_melanimon,female,Train
trays/1202/specimens/14414/front.jpg,14414,front,10,aedes,Aedes_melanimon,female,Train
trays/4680/specimens/4680_6/front.jpg,4680_6,front,9,aedes,Aedes_mcintoshi,female,Train
trays/4352/specimens/4352_5/front.jpg,4352_5,front,15,anopheles,Anopheles_coustani,female,Train
trays/1091/specimens/13087/front.jpg,13087,front,17,anopheles,Anopheles_freeborni,female,Train
trays/5079/specimens/5079_0/back.jpg,5079_0,back,9,aedes,Aedes_mcintoshi,female,Train
trays/14175/specimens/agamotto-idt1-beta84_123/front.jpg,agamotto-idt1-beta84_123,front,1,aedes,Aedes_albopictus,,Train
trays/15745/specimens/agamotto-idt1-beta22_4560/front.jpg,agamotto-idt1-beta22_4560,front,0,aedes,Aedes_aegypti,female,Train
trays/414/specimens/4966/front.jpg,4966,front,10,aedes,Aedes_melanimon,female,Train
trays/4696/specimens/4696_3/back.jpg,4696_3,back,20,anopheles,Anopheles_pharoensis,female,Train
trays/1250/specimens/14993/back.jpg,14993,back,2,aedes,Aedes_atlanticus,female,Train
trays/2210/specimens/26519/front.jpg,26519,front,17,anopheles,Anopheles_freeborni,female,Train
trays/530/specimens/6355/front.jpg,6355,front,6,aedes,Aedes_japonicus,female,Train
trays/3497/specimens/41911/back.jpg,41911,back,27,culex,Culex_quinqufasciatus_bamako,female,Train
trays/3677/specimens/44072/back.jpg,44072,back,1,aedes,Aedes_albopictus,female,Train
trays/3805/specimens/45610/back.jpg,45610,back,21,anopheles,Anopheles_punctipennis,female,Train
trays/8161/specimens/agamotto-idt1-beta24_517/back.jpg,agamotto-idt1-beta24_517,back,4,aedes,Aedes_communis,female,Train
trays/4508/specimens/4508_10/back.jpg,4508_10,back,27,culex,Culex_quinquefasciatus,male,Train
trays/710/specimens/8513/front.jpg,8513,front,30,culex,Culex_tarsalis,female,Train
trays/2210/specimens/26515/front.jpg,26515,front,17,anopheles,Anopheles_freeborni,female,Train
trays/11176/specimens/agamotto-idt1-beta28_3004/front.jpg,agamotto-idt1-beta28_3004,front,14,aedes,Aedes_vexans,female,Train
trays/5853/specimens/5853_5/back.jpg,5853_5,back,24,culex,Culex_bitaeniorhynchus,female,Train
trays/5856/specimens/5856_9/front.jpg,5856_9,front,24,culex,Culex_bitaeniorhynchus,female,Train
trays/4738/specimens/4738_1/front.jpg,4738_1,front,20,anopheles,Anopheles_pharoensis,female,Train
trays/7301/specimens/agamotto-idt1-beta30_3656/back.jpg,agamotto-idt1-beta30_3656,back,26,culex,Culex_orientalis,female,Train
trays/3032/specimens/36359/back.jpg,36359,back,3,aedes,Aedes_canadensis,female,Train
trays/8065/specimens/agamotto-idt1-beta24_390/back.jpg,agamotto-idt1-beta24_390,back,4,aedes,Aedes_communis,male,Train
trays/5078/specimens/5078_5/front.jpg,5078_5,front,9,aedes,Aedes_mcintoshi,female,Train
trays/5720/specimens/5720_3/front.jpg,5720_3,front,8,aedes,Aedes_lineatopennis,female,Train
trays/5720/specimens/5720_9/back.jpg,5720_9,back,8,aedes,Aedes_lineatopennis,female,Train
trays/4203/specimens/50341/front.jpg,50341,front,28,culex,Culex_restuans,female,Train
trays/6779/specimens/agamotto-idt1-beta15_1176/front.jpg,agamotto-idt1-beta15_1176,front,19,anopheles,Anopheles_arabiensis,male,Train
trays/5907/specimens/5907_11/front.jpg,5907_11,front,31,culex,Culex_tritaeniorhynchus,female,Train
trays/3925/specimens/47035/front.jpg,47035,front,15,anopheles,Anopheles_coustani,female,Train
trays/4514/specimens/4514_5/back.jpg,4514_5,back,27,culex,Culex_quinquefasciatus,male,Train
trays/5901/specimens/5901_0/back.jpg,5901_0,back,31,culex,Culex_tritaeniorhynchus,female,Train
trays/6129/specimens/agamotto-idt1-beta03_139/front.jpg,agamotto-idt1-beta03_139,front,11,aedes,Aedes_sierrensis,female,Train
trays/9833/specimens/agamotto-idt1-beta01_660/back.jpg,agamotto-idt1-beta01_660,back,22,anopheles,Anopheles_quadrimaculatus,female,Train
trays/7282/specimens/agamotto-idt1-beta30_3430/back.jpg,agamotto-idt1-beta30_3430,back,26,culex,Culex_orientalis,female,Train
trays/2948/specimens/35355/back.jpg,35355,back,14,aedes,Aedes_vexans,female,Train
trays/4205/specimens/50374/front.jpg,50374,front,13,aedes,Aedes_triseriatus,female,Train
trays/4515/specimens/4515_9/front.jpg,4515_9,front,27,culex,Culex_quinquefasciatus,male,Train
trays/7280/specimens/agamotto-idt1-beta30_3402/back.jpg,agamotto-idt1-beta30_3402,back,26,culex,Culex_orientalis,female,Train
trays/2921/specimens/35034/back.jpg,35034,back,5,aedes,Aedes_dorsalis,female,Train
trays/523/specimens/6272/front.jpg,6272,front,12,aedes,Aedes_taeniorhynchus,female,Train
trays/5861/specimens/5861_8/back.jpg,5861_8,back,24,culex,Culex_bitaeniorhynchus,female,Train
trays/3029/specimens/36314/back.jpg,36314,back,3,aedes,Aedes_canadensis,female,Train
trays/4703/specimens/4703_0/front.jpg,4703_0,front,20,anopheles,Anopheles_pharoensis,female,Train
trays/7280/specimens/agamotto-idt1-beta30_3397/front.jpg,agamotto-idt1-beta30_3397,front,26,culex,Culex_orientalis,female,Train
trays/2883/specimens/34579/front.jpg,34579,front,14,aedes,Aedes_vexans,female,Train
trays/10687/specimens/agamotto-idt1-beta24_2419/back.jpg,agamotto-idt1-beta24_2419,back,29,culex,Culex_salinarius,female,Train
trays/3784/specimens/45350/back.jpg,45350,back,22,anopheles,Anopheles_quadrimaculatus,female,Train
trays/7940/specimens/agamotto-idt1-beta03_494/back.jpg,agamotto-idt1-beta03_494,back,11,aedes,Aedes_sierrensis,male,Train
trays/2884/specimens/34587/back.jpg,34587,back,14,aedes,Aedes_vexans,female,Train
trays/5076/specimens/5076_8/back.jpg,5076_8,back,9,aedes,Aedes_mcintoshi,female,Train
trays/2861/specimens/34318/back.jpg,34318,back,5,aedes,Aedes_dorsalis,female,Train
trays/6775/specimens/agamotto-idt1-beta15_1122/front.jpg,agamotto-idt1-beta15_1122,front,19,anopheles,Anopheles_arabiensis,male,Train
trays/6129/specimens/agamotto-idt1-beta03_141/back.jpg,agamotto-idt1-beta03_141,back,11,aedes,Aedes_sierrensis,female,Train
trays/9254/specimens/agamotto-idt1-beta24_1855/front.jpg,agamotto-idt1-beta24_1855,front,2,aedes,Aedes_atlanticus,male,Train
trays/6400/specimens/agamotto-idt1-beta30_1321/back.jpg,agamotto-idt1-beta30_1321,back,7,aedes,Aedes_koreicus,female,Train
trays/10713/specimens/agamotto-idt1-beta66_2398/back.jpg,agamotto-idt1-beta66_2398,back,6,aedes,Aedes_japonicus,female,Train
trays/577/specimens/6913/back.jpg,6913,back,3,aedes,Aedes_canadensis,female,Train
trays/5901/specimens/5901_1/back.jpg,5901_1,back,24,culex,Culex_bitaeniorhynchus,female,Train
trays/6420/specimens/agamotto-idt1-beta30_1564/front.jpg,agamotto-idt1-beta30_1564,front,7,aedes,Aedes_koreicus,female,Train
trays/4680/specimens/4680_0/back.jpg,4680_0,back,9,aedes,Aedes_mcintoshi,female,Train
trays/3579/specimens/42890/front.jpg,42890,front,28,culex,Culex_restuans,female,Train
trays/1222/specimens/14658/back.jpg,14658,back,10,aedes,Aedes_melanimon,female,Train
trays/529/specimens/6342/back.jpg,6342,back,6,aedes,Aedes_japonicus,female,Train
trays/3851/specimens/46151/back.jpg,46151,back,22,anopheles,Anopheles_quadrimaculatus,female,Train
trays/3228/specimens/38688/front.jpg,38688,front,30,culex,Culex_tarsalis,female,Train
trays/529/specimens/6340/front.jpg,6340,front,6,aedes,Aedes_japonicus,female,Train
trays/4352/specimens/4352_10/front.jpg,4352_10,front,15,anopheles,Anopheles_coustani,female,Train
trays/8066/specimens/agamotto-idt1-beta24_408/back.jpg,agamotto-idt1-beta24_408,back,4,aedes,Aedes_communis,male,Train
trays/3566/specimens/42733/front.jpg,42733,front,21,anopheles,Anopheles_punctipennis,female,Train
trays/4161/specimens/49846/front.jpg,49846,front,18,anopheles,Anopheles_funestus_s.l,female,Train
trays/1208/specimens/14485/front.jpg,14485,front,10,aedes,Aedes_melanimon,female,Train
trays/573/specimens/6870/front.jpg,6870,front,13,aedes,Aedes_triseriatus,female,Train
trays/3228/specimens/38680/back.jpg,38680,back,30,culex,Culex_tarsalis,female,Train
trays/13954/specimens/agamotto-idt1-beta02_489/front.jpg,agamotto-idt1-beta02_489,front,1,aedes,Aedes_albopictus,female,Train
trays/6775/specimens/agamotto-idt1-beta15_1122/back.jpg,agamotto-idt1-beta15_1122,back,19,anopheles,Anopheles_arabiensis,male,Train
trays/1182/specimens/14182/back.jpg,14182,back,12,aedes,Aedes_taeniorhynchus,female,Train
trays/3396/specimens/40695/back.jpg,40695,back,18,anopheles,Anopheles_funestus_fumoz,female,Train
trays/4155/specimens/49768/back.jpg,49768,back,18,anopheles,Anopheles_funestus_s.l,female,Train
trays/4703/specimens/4703_5/front.jpg,4703_5,front,20,anopheles,Anopheles_pharoensis,female,Train
trays/524/specimens/6284/back.jpg,6284,back,21,anopheles,Anopheles_punctipennis,female,Train
trays/2417/specimens/28986/back.jpg,28986,back,17,anopheles,Anopheles_freeborni,female,Train
trays/3578/specimens/42885/front.jpg,42885,front,28,culex,Culex_restuans,female,Train
trays/5721/specimens/5721_9/front.jpg,5721_9,front,8,aedes,Aedes_lineatopennis,female,Train
trays/525/specimens/6294/back.jpg,6294,back,21,anopheles,Anopheles_punctipennis,female,Train
trays/4960/specimens/4960_7/back.jpg,4960_7,back,6,aedes,Aedes_japonicus,female,Train
trays/3029/specimens/36313/back.jpg,36313,back,3,aedes,Aedes_canadensis,female,Train
trays/2919/specimens/35008/front.jpg,35008,front,14,aedes,Aedes_vexans,female,Train
trays/5728/specimens/5728_11/back.jpg,5728_11,back,8,aedes,Aedes_lineatopennis,female,Train
trays/7288/specimens/agamotto-idt1-beta30_3504/front.jpg,agamotto-idt1-beta30_3504,front,26,culex,Culex_orientalis,female,Train
trays/7277/specimens/agamotto-idt1-beta30_3371/back.jpg,agamotto-idt1-beta30_3371,back,26,culex,Culex_orientalis,female,Train
trays/6398/specimens/agamotto-idt1-beta30_1297/front.jpg,agamotto-idt1-beta30_1297,front,7,aedes,Aedes_koreicus,female,Train
trays/3449/specimens/41337/front.jpg,41337,front,23,anopheles,Anopheles_stephensi_nijmegen,male,Train
trays/1408/specimens/16887/front.jpg,16887,front,13,aedes,Aedes_triseriatus,female,Train
trays/1164/specimens/13957/back.jpg,13957,back,16,anopheles,Anopheles_crucians,female,Train
trays/22222/specimens/agamotto-idt1-beta22_7645/front.jpg,agamotto-idt1-beta22_7645,front,0,aedes,Aedes_aegypti,female,Train
trays/4502/specimens/4502_2/back.jpg,4502_2,back,27,culex,Culex_quinquefasciatus,male,Train
trays/4948/specimens/4948_5/back.jpg,4948_5,back,31,culicidae,culex,0,Train
trays/5852/specimens/5852_1/front.jpg,5852_1,front,24,culex,Culex_bitaeniorhynchus,female,Train
trays/22225/specimens/agamotto-idt1-beta22_7687/back.jpg,agamotto-idt1-beta22_7687,back,0,aedes,Aedes_aegypti,female,Train
trays/5729/specimens/5729_7/back.jpg,5729_7,back,8,aedes,Aedes_lineatopennis,female,Train
trays/21403/specimens/agamotto-idt1-beta42_3138/front.jpg,agamotto-idt1-beta42_3138,front,0,aedes,Aedes_aegypti,female,Train
trays/574/specimens/6887/back.jpg,6887,back,13,aedes,Aedes_triseriatus,female,Train
trays/22245/specimens/agamotto-idt1-beta42_3507/back.jpg,agamotto-idt1-beta42_3507,back,0,aedes,Aedes_aegypti,female,Train
trays/8233/specimens/agamotto-idt1-beta24_692/front.jpg,agamotto-idt1-beta24_692,front,4,aedes,Aedes_communis,female,Train
trays/6500/specimens/agamotto-idt1-beta30_2123/front.jpg,agamotto-idt1-beta30_2123,front,7,aedes,Aedes_koreicus,female,Train
trays/1254/specimens/15046/back.jpg,15046,back,2,aedes,Aedes_atlanticus,female,Train
trays/8202/specimens/agamotto-idt1-beta24_659/back.jpg,agamotto-idt1-beta24_659,back,4,aedes,Aedes_communis,male,Train
trays/525/specimens/6299/back.jpg,6299,back,21,anopheles,Anopheles_punctipennis,female,Train
trays/551/specimens/6611/front.jpg,6611,front,25,culex,Culex_nigripalpus,male,Train
trays/10687/specimens/agamotto-idt1-beta24_2421/front.jpg,agamotto-idt1-beta24_2421,front,29,culex,Culex_salinarius,female,Train
trays/16262/specimens/agamotto-idt1-beta42_1221/back.jpg,agamotto-idt1-beta42_1221,back,0,aedes,Aedes_aegypti,male,Train
trays/3572/specimens/42806/back.jpg,42806,back,16,anopheles,Anopheles_crucians_sl,female,Valid
trays/477/specimens/5714/front.jpg,5714,front,12,aedes,Aedes_taeniorhynchus,female,Train
trays/5910/specimens/5910_0/front.jpg,5910_0,front,31,culex,Culex_tritaeniorhynchus,female,Train
trays/6129/specimens/agamotto-idt1-beta03_137/back.jpg,agamotto-idt1-beta03_137,back,11,aedes,Aedes_sierrensis,female,Train
trays/4703/specimens/4703_4/back.jpg,4703_4,back,20,anopheles,Anopheles_pharoensis,female,Train
trays/3674/specimens/44036/front.jpg,44036,front,1,aedes,Aedes_albopictus,female,Train
trays/22758/specimens/agamotto-idt1-beta66_19789/back.jpg,agamotto-idt1-beta66_19789,back,1,aedes,Aedes_albopictus,male,Train
trays/3805/specimens/45610/front.jpg,45610,front,21,anopheles,Anopheles_punctipennis,female,Train
trays/5851/specimens/5851_1/back.jpg,5851_1,back,24,culex,Culex_bitaeniorhynchus,female,Train
trays/1265/specimens/15175/front.jpg,15175,front,2,aedes,Aedes_atlanticus,female,Train
trays/3572/specimens/42810/front.jpg,42810,front,16,anopheles,Anopheles_crucians_sl,female,Train
trays/3793/specimens/45464/front.jpg,45464,front,13,aedes,Aedes_triseriatus,female,Train
trays/3273/specimens/39228/back.jpg,39228,back,27,culex,Culex_pipiens_sl,female,Train
trays/7278/specimens/agamotto-idt1-beta30_3381/back.jpg,agamotto-idt1-beta30_3381,back,26,culex,Culex_orientalis,female,Train
trays/4742/specimens/4742_5/back.jpg,4742_5,back,15,anopheles,Anopheles_coustani_s.l,female,Train
trays/3029/specimens/36319/back.jpg,36319,back,3,aedes,Aedes_canadensis,female,Train
trays/414/specimens/4958/front.jpg,4958,front,10,aedes,Aedes_melanimon,female,Train
trays/4356/specimens/4356_0/back.jpg,4356_0,back,15,anopheles,Anopheles_coustani,female,Valid
trays/1183/specimens/14194/back.jpg,14194,back,12,aedes,Aedes_taeniorhynchus,female,Train
trays/7278/specimens/agamotto-idt1-beta30_3382/front.jpg,agamotto-idt1-beta30_3382,front,26,culex,Culex_orientalis,female,Train
trays/4352/specimens/4352_3/back.jpg,4352_3,back,15,anopheles,Anopheles_coustani,female,Valid
trays/2841/specimens/34078/front.jpg,34078,front,14,aedes,Aedes_vexans,female,Train
trays/1185/specimens/14215/front.jpg,14215,front,12,aedes,Aedes_taeniorhynchus,female,Valid
trays/555/specimens/6650/front.jpg,6650,front,25,culex,Culex_nigripalpus,female,Train
trays/1091/specimens/13086/back.jpg,13086,back,17,anopheles,Anopheles_freeborni,female,Train
trays/9256/specimens/agamotto-idt1-beta24_1883/back.jpg,agamotto-idt1-beta24_1883,back,2,aedes,Aedes_atlanticus,male,Train
trays/1256/specimens/15061/front.jpg,15061,front,2,aedes,Aedes_atlanticus,female,Train
trays/4744/specimens/4744_11/back.jpg,4744_11,back,20,anopheles,Anopheles_pharoensis,female,Train
trays/5086/specimens/5086_9/back.jpg,5086_9,back,9,aedes,Aedes_mcintoshi,female,Train
trays/2417/specimens/28991/front.jpg,28991,front,17,anopheles,Anopheles_freeborni,female,Train
trays/5079/specimens/5079_1/back.jpg,5079_1,back,9,aedes,Aedes_mcintoshi,female,Train
trays/15463/specimens/agamotto-idt1-beta84_205/back.jpg,agamotto-idt1-beta84_205,back,14,aedes,Aedes_vexans,female,Train
trays/3280/specimens/39312/front.jpg,39312,front,11,aedes,Aedes_sierrensis,male,Train
trays/4295/specimens/4295_11/back.jpg,4295_11,back,18,anopheles,Anopheles_funestus,male,Train
trays/3022/specimens/36235/front.jpg,36235,front,14,aedes,Aedes_vexans,female,Train
trays/3771/specimens/45194/back.jpg,45194,back,6,aedes,Aedes_japonicus,female,Train
trays/2417/specimens/28987/front.jpg,28987,front,17,anopheles,Anopheles_freeborni,female,Train
trays/3112/specimens/37298/back.jpg,37298,back,19,anopheles,Anopheles_gambiae_cdc-g3,female,Train
trays/5079/specimens/5079_4/front.jpg,5079_4,front,9,aedes,Aedes_mcintoshi,female,Train
trays/5851/specimens/5851_7/back.jpg,5851_7,back,24,culex,Culex_bitaeniorhynchus,female,Train
trays/1091/specimens/13086/front.jpg,13086,front,17,anopheles,Anopheles_freeborni,female,Train
trays/2863/specimens/34339/back.jpg,34339,back,5,aedes,Aedes_dorsalis,female,Train
trays/505/specimens/6057/back.jpg,6057,back,5,aedes,Aedes_dorsalis,female,Train
trays/6781/specimens/agamotto-idt1-beta15_1195/front.jpg,agamotto-idt1-beta15_1195,front,19,anopheles,Anopheles_arabiensis,female,Train
trays/6127/specimens/agamotto-idt1-beta03_111/front.jpg,agamotto-idt1-beta03_111,front,11,aedes,Aedes_sierrensis,female,Train
trays/3769/specimens/45180/back.jpg,45180,back,16,anopheles,Anopheles_crucians_sl,female,Train
trays/4509/specimens/4509_4/back.jpg,4509_4,back,27,culex,Culex_quinquefasciatus,male,Train
trays/5079/specimens/5079_0/front.jpg,5079_0,front,9,aedes,Aedes_mcintoshi,female,Train
trays/3235/specimens/38767/back.jpg,38767,back,30,culex,Culex_tarsalis,female,Train
trays/414/specimens/4964/front.jpg,4964,front,10,aedes,Aedes_melanimon,female,Train
trays/2705/specimens/32444/back.jpg,32444,back,22,anopheles,Anopheles_quadrimaculatus_sl,female,Train
trays/3784/specimens/45352/front.jpg,45352,front,22,anopheles,Anopheles_quadrimaculatus,female,Train
trays/3446/specimens/41293/front.jpg,41293,front,23,anopheles,Anopheles_stephensi_nijmegen,female,Train
trays/10219/specimens/agamotto-idt1-beta49_615/back.jpg,agamotto-idt1-beta49_615,back,13,aedes,Aedes_triseriatus,female,Train
trays/4168/specimens/49926/front.jpg,49926,front,18,anopheles,Anopheles_funestus,female,Train
trays/7278/specimens/agamotto-idt1-beta30_3383/front.jpg,agamotto-idt1-beta30_3383,front,26,culex,Culex_orientalis,female,Train
trays/3056/specimens/36643/front.jpg,36643,front,23,anopheles,Anopheles_stephensi,male,Train
trays/3044/specimens/36504/back.jpg,36504,back,5,aedes,Aedes_dorsalis,female,Train
trays/6123/specimens/agamotto-idt1-beta03_64/front.jpg,agamotto-idt1-beta03_64,front,11,aedes,Aedes_sierrensis,male,Train
trays/7282/specimens/agamotto-idt1-beta30_3429/front.jpg,agamotto-idt1-beta30_3429,front,26,culex,Culex_orientalis,female,Train
trays/5728/specimens/5728_6/front.jpg,5728_6,front,8,aedes,Aedes_lineatopennis,female,Train
trays/6273/specimens/agamotto-idt1-beta25_749/back.jpg,agamotto-idt1-beta25_749,back,30,culex,Culex_tarsalis,female,Train
trays/413/specimens/4954/back.jpg,4954,back,10,aedes,Aedes_melanimon,female,Train
trays/6403/specimens/agamotto-idt1-beta30_1368/front.jpg,agamotto-idt1-beta30_1368,front,7,aedes,Aedes_koreicus,female,Train
trays/5858/specimens/5858_2/front.jpg,5858_2,front,24,culex,Culex_bitaeniorhynchus,female,Train
trays/410/specimens/4914/back.jpg,4914,back,10,aedes,Aedes_melanimon,female,Train
trays/3032/specimens/36355/front.jpg,36355,front,3,aedes,Aedes_canadensis,female,Train
trays/4527/specimens/4527_4/back.jpg,4527_4,back,16,anopheles,Anopheles_crucians_sl,female,Train
trays/2921/specimens/35033/back.jpg,35033,back,5,aedes,Aedes_dorsalis,female,Train
trays/2706/specimens/32456/front.jpg,32456,front,22,anopheles,Anopheles_quadrimaculatus_sl,female,Train
trays/1256/specimens/15072/back.jpg,15072,back,2,aedes,Aedes_atlanticus,female,Train
trays/5728/specimens/5728_4/front.jpg,5728_4,front,8,aedes,Aedes_lineatopennis,female,Train
trays/1182/specimens/14177/front.jpg,14177,front,12,aedes,Aedes_taeniorhynchus,female,Train
trays/3427/specimens/41068/back.jpg,41068,back,19,anopheles,Anopheles_gambiae_cdcg3,female,Train
trays/4706/specimens/4706_2/front.jpg,4706_2,front,20,anopheles,Anopheles_pharoensis,female,Train
trays/2798/specimens/33563/front.jpg,33563,front,5,aedes,Aedes_dorsalis,female,Train
trays/3578/specimens/42880/back.jpg,42880,back,28,culex,Culex_restuans,male,Train
trays/3029/specimens/36318/back.jpg,36318,back,3,aedes,Aedes_canadensis,female,Train
trays/2883/specimens/34580/front.jpg,34580,front,14,aedes,Aedes_vexans,female,Train
trays/6392/specimens/agamotto-idt1-beta30_1234/front.jpg,agamotto-idt1-beta30_1234,front,7,aedes,Aedes_koreicus,female,Train
trays/4357/specimens/4357_2/front.jpg,4357_2,front,15,anopheles,Anopheles_coustani,female,Valid
trays/3760/specimens/45062/front.jpg,45062,front,13,aedes,Aedes_triseriatus,female,Train
trays/26019/specimens/agamotto-idt1-beta13_569/back.jpg,agamotto-idt1-beta13_569,back,0,aedes,Aedes_aegypti,male,Train
trays/5852/specimens/5852_9/front.jpg,5852_9,front,24,culex,Culex_bitaeniorhynchus,female,Train
trays/5079/specimens/5079_7/front.jpg,5079_7,front,9,aedes,Aedes_mcintoshi,female,Train
trays/3280/specimens/39308/back.jpg,39308,back,11,aedes,Aedes_sierrensis,male,Train
trays/2417/specimens/28981/front.jpg,28981,front,17,anopheles,Anopheles_freeborni,female,Train
trays/2959/specimens/35478/back.jpg,35478,back,14,aedes,Aedes_vexans,female,Train
trays/1181/specimens/14165/front.jpg,14165,front,12,aedes,Aedes_taeniorhynchus,female,Train
trays/3401/specimens/40763/back.jpg,40763,back,18,anopheles,Anopheles_funestus_fumoz,female,Train
trays/2840/specimens/34068/back.jpg,34068,back,25,culex,Culex_nigripalpus,female,Train
trays/5854/specimens/5854_2/front.jpg,5854_2,front,24,culex,Culex_bitaeniorhynchus,female,Train
trays/5899/specimens/5899_2/back.jpg,5899_2,back,31,culex,Culex_tritaeniorhynchus,female,Train
trays/6116/specimens/agamotto-idt1-beta03_9/front.jpg,agamotto-idt1-beta03_9,front,11,aedes,Aedes_sierrensis,male,Train
trays/18625/specimens/agamotto-idt1-beta66_14782/front.jpg,agamotto-idt1-beta66_14782,front,1,aedes,Aedes_albopictus,male,Train
trays/1208/specimens/14495/front.jpg,14495,front,10,aedes,Aedes_melanimon,female,Train
trays/4154/specimens/49758/front.jpg,49758,front,18,anopheles,Anopheles_funestus_s.l,female,Train
trays/673/specimens/8069/back.jpg,8069,back,29,culex,Culex_salinarius,female,Train
trays/3430/specimens/41107/back.jpg,41107,back,19,anopheles,Anopheles_gambiae_cdcg3,female,Train
trays/11312/specimens/agamotto-idt1-beta66_4241/front.jpg,agamotto-idt1-beta66_4241,front,25,culex,Culex_nigripalpus,female,Train
trays/6403/specimens/agamotto-idt1-beta30_1364/back.jpg,agamotto-idt1-beta30_1364,back,7,aedes,Aedes_koreicus,female,Train
trays/1330/specimens/15954/back.jpg,15954,back,10,aedes,Aedes_melanimon,female,Train
trays/6130/specimens/agamotto-idt1-beta03_145/back.jpg,agamotto-idt1-beta03_145,back,11,aedes,Aedes_sierrensis,female,Train
trays/506/specimens/6067/back.jpg,6067,back,5,aedes,Aedes_dorsalis,female,Train
trays/532/specimens/6384/back.jpg,6384,back,6,aedes,Aedes_japonicus,female,Train
trays/5731/specimens/5731_1/front.jpg,5731_1,front,8,aedes,Aedes_lineatopennis,female,Train
trays/3434/specimens/41154/front.jpg,41154,front,19,anopheles,Anopheles_gambiae_cdcg3,female,Train
trays/6427/specimens/agamotto-idt1-beta30_1654/back.jpg,agamotto-idt1-beta30_1654,back,7,aedes,Aedes_koreicus,female,Train
trays/480/specimens/5755/front.jpg,5755,front,29,culex,Culex_salinarius,female,Train
trays/1293/specimens/15507/back.jpg,15507,back,13,aedes,Aedes_triseriatus,female,Train
trays/4948/specimens/4948_0/back.jpg,4948_0,back,31,culicidae,culex,0,Train
trays/522/specimens/6259/front.jpg,6259,front,12,aedes,Aedes_taeniorhynchus,female,Train
trays/3231/specimens/38716/front.jpg,38716,front,30,culex,Culex_tarsalis,female,Train
trays/1408/specimens/16891/front.jpg,16891,front,13,aedes,Aedes_triseriatus,female,Train
trays/953/specimens/11433/back.jpg,11433,back,6,aedes,Aedes_japonicus,female,Train
trays/575/specimens/6892/back.jpg,6892,back,3,aedes,Aedes_canadensis,female,Train
trays/2928/specimens/35114/back.jpg,35114,back,5,aedes,Aedes_dorsalis,female,Train
trays/6444/specimens/agamotto-idt1-beta30_1852/back.jpg,agamotto-idt1-beta30_1852,back,7,aedes,Aedes_koreicus,female,Train
trays/2921/specimens/35032/front.jpg,35032,front,5,aedes,Aedes_dorsalis,female,Train
trays/481/specimens/5767/front.jpg,5767,front,29,culex,Culex_salinarius,female,Train
trays/1180/specimens/14149/front.jpg,14149,front,12,aedes,Aedes_taeniorhynchus,female,Train
trays/3792/specimens/45446/front.jpg,45446,front,3,aedes,Aedes_canadensis,female,Train
trays/9254/specimens/agamotto-idt1-beta24_1856/front.jpg,agamotto-idt1-beta24_1856,front,2,aedes,Aedes_atlanticus,male,Train
trays/1184/specimens/14203/front.jpg,14203,front,12,aedes,Aedes_taeniorhynchus,female,Train
trays/515/specimens/6177/front.jpg,6177,front,12,aedes,Aedes_taeniorhynchus,female,Valid
trays/1263/specimens/15148/front.jpg,15148,front,2,aedes,Aedes_atlanticus,female,Train
trays/3051/specimens/36580/front.jpg,36580,front,23,anopheles,Anopheles_stephensi,female,Train
trays/3227/specimens/38668/front.jpg,38668,front,30,culex,Culex_tarsalis,female,Train
trays/482/specimens/5782/back.jpg,5782,back,29,culex,Culex_salinarius,female,Train
trays/5859/specimens/5859_6/back.jpg,5859_6,back,24,culex,Culex_bitaeniorhynchus,female,Train
trays/3239/specimens/38811/back.jpg,38811,back,30,culex,Culex_tarsalis,female,Train
trays/7280/specimens/agamotto-idt1-beta30_3398/front.jpg,agamotto-idt1-beta30_3398,front,26,culex,Culex_orientalis,female,Train
trays/13954/specimens/agamotto-idt1-beta02_489/back.jpg,agamotto-idt1-beta02_489,back,1,aedes,Aedes_albopictus,female,Train
trays/7125/specimens/agamotto-idt1-beta15_2782/back.jpg,agamotto-idt1-beta15_2782,back,9,aedes,Aedes_mcintoshi,female,Train
trays/8162/specimens/agamotto-idt1-beta24_539/back.jpg,agamotto-idt1-beta24_539,back,4,aedes,Aedes_communis,male,Train
trays/4703/specimens/4703_7/back.jpg,4703_7,back,20,anopheles,Anopheles_pharoensis,female,Train
trays/2882/specimens/34568/front.jpg,34568,front,14,aedes,Aedes_vexans,female,Train
trays/1298/specimens/15574/back.jpg,15574,back,13,aedes,Aedes_triseriatus,female,Train
trays/16262/specimens/agamotto-idt1-beta42_1224/back.jpg,agamotto-idt1-beta42_1224,back,0,aedes,Aedes_aegypti,female,Train
trays/481/specimens/5768/back.jpg,5768,back,29,culex,Culex_salinarius,female,Train
trays/413/specimens/4951/back.jpg,4951,back,10,aedes,Aedes_melanimon,female,Train
trays/5908/specimens/5908_11/back.jpg,5908_11,back,31,culex,Culex_tritaeniorhynchus,female,Train
trays/5856/specimens/5856_0/front.jpg,5856_0,front,24,culex,Culex_bitaeniorhynchus,female,Train
trays/551/specimens/6610/back.jpg,6610,back,25,culex,Culex_nigripalpus,female,Train
trays/4328/specimens/4328_6/front.jpg,4328_6,front,18,anopheles,Anopheles_funestus,female,Train
trays/16433/specimens/agamotto-idt1-beta84_326/front.jpg,agamotto-idt1-beta84_326,front,1,aedes,Aedes_albopictus,,Train
trays/3115/specimens/37333/back.jpg,37333,back,19,anopheles,Anopheles_gambiae_cdc-g3,male,Train
trays/1189/specimens/14257/back.jpg,14257,back,25,culex,Culex_nigripalpus,female,Train
trays/1222/specimens/14660/front.jpg,14660,front,10,aedes,Aedes_melanimon,female,Train
trays/1236/specimens/14829/front.jpg,14829,front,25,culex,Culex_nigripalpus,female,Train
trays/1233/specimens/14786/front.jpg,14786,front,25,culex,Culex_nigripalpus,male,Train
trays/5917/specimens/5917_6/back.jpg,5917_6,back,31,culex,Culex_tritaeniorhynchus,female,Train
trays/526/specimens/6311/front.jpg,6311,front,21,anopheles,Anopheles_punctipennis,female,Train
trays/2666/specimens/31973/back.jpg,31973,back,1,aedes,Aedes_albopictus,female,Train
trays/3434/specimens/41157/front.jpg,41157,front,19,anopheles,Anopheles_gambiae_cdcg3,female,Train
trays/3805/specimens/45609/back.jpg,45609,back,21,anopheles,Anopheles_punctipennis,female,Train
trays/2959/specimens/35476/front.jpg,35476,front,14,aedes,Aedes_vexans,female,Train
trays/2678/specimens/32113/back.jpg,32113,back,25,culex,Culex_nigripalpus,female,Train
trays/3582/specimens/42933/back.jpg,42933,back,28,culex,Culex_restuans,male,Train
trays/527/specimens/6324/back.jpg,6324,back,21,anopheles,Anopheles_punctipennis,female,Train
trays/1258/specimens/15091/back.jpg,15091,back,2,aedes,Aedes_atlanticus,female,Train
trays/5822/specimens/5822_10/front.jpg,5822_10,front,9,aedes,Aedes_mcintoshi,female,Train
trays/4738/specimens/4738_7/front.jpg,4738_7,front,20,anopheles,Anopheles_pharoensis,female,Train
trays/6781/specimens/agamotto-idt1-beta15_1195/back.jpg,agamotto-idt1-beta15_1195,back,19,anopheles,Anopheles_arabiensis,female,Train
trays/6780/specimens/agamotto-idt1-beta15_1186/back.jpg,agamotto-idt1-beta15_1186,back,19,anopheles,Anopheles_arabiensis,female,Train
trays/5862/specimens/5862_2/back.jpg,5862_2,back,24,culex,Culex_bitaeniorhynchus,female,Train
trays/532/specimens/6378/front.jpg,6378,front,6,aedes,Aedes_japonicus,female,Train
trays/3435/specimens/41167/front.jpg,41167,front,19,anopheles,Anopheles_gambiae_cdcg3,female,Train
trays/557/specimens/6681/front.jpg,6681,front,25,culex,Culex_nigripalpus,female,Train
trays/7298/specimens/agamotto-idt1-beta30_3623/front.jpg,agamotto-idt1-beta30_3623,front,26,culex,Culex_orientalis,female,Train
trays/21092/specimens/agamotto-idt1-beta102_5752/front.jpg,agamotto-idt1-beta102_5752,front,1,aedes,Aedes_albopictus,,Train
trays/4146/specimens/49661/front.jpg,49661,front,18,anopheles,Anopheles_funestus,male,Train
trays/485/specimens/5820/back.jpg,5820,back,29,culex,Culex_salinarius,female,Train
trays/10909/specimens/agamotto-idt1-beta66_3182/back.jpg,agamotto-idt1-beta66_3182,back,1,aedes,Aedes_albopictus,female,Train
trays/5909/specimens/5909_3/back.jpg,5909_3,back,31,culex,Culex_tritaeniorhynchus,female,Train
trays/4516/specimens/4516_8/front.jpg,4516_8,front,27,culex,Culex_quinquefasciatus,male,Train
trays/5086/specimens/5086_1/front.jpg,5086_1,front,9,aedes,Aedes_mcintoshi,female,Train
trays/3760/specimens/45069/back.jpg,45069,back,13,aedes,Aedes_triseriatus,female,Train
trays/5857/specimens/5857_11/front.jpg,5857_11,front,24,culex,Culex_bitaeniorhynchus,female,Train
trays/4173/specimens/49982/front.jpg,49982,front,18,anopheles,Anopheles_funestus_s.l,female,Train
trays/2948/specimens/35362/back.jpg,35362,back,14,aedes,Aedes_vexans,female,Train
trays/22757/specimens/agamotto-idt1-beta66_19776/back.jpg,agamotto-idt1-beta66_19776,back,1,aedes,Aedes_albopictus,female,Train
trays/2861/specimens/34319/front.jpg,34319,front,5,aedes,Aedes_dorsalis,female,Train
trays/10777/specimens/agamotto-idt1-beta41_1272/back.jpg,agamotto-idt1-beta41_1272,back,11,aedes,Aedes_sierrensis,female,Train
trays/3396/specimens/40695/front.jpg,40695,front,18,anopheles,Anopheles_funestus_fumoz,female,Train
trays/5908/specimens/5908_8/back.jpg,5908_8,back,31,culex,Culex_tritaeniorhynchus,female,Train
trays/23068/specimens/agamotto-idt1-beta66_20707/front.jpg,agamotto-idt1-beta66_20707,front,1,aedes,Aedes_albopictus,female,Train
trays/2418/specimens/28996/front.jpg,28996,front,17,anopheles,Anopheles_freeborni,female,Train
trays/5904/specimens/5904_10/front.jpg,5904_10,front,31,culex,Culex_tritaeniorhynchus,female,Train
trays/4725/specimens/4725_8/front.jpg,4725_8,front,15,anopheles,Anopheles_coustani,female,Valid
trays/4361/specimens/4361_1/front.jpg,4361_1,front,14,aedes,Aedes_vexans,female,Train
trays/8231/specimens/agamotto-idt1-beta24_679/front.jpg,agamotto-idt1-beta24_679,front,4,aedes,Aedes_communis,female,Train
trays/7278/specimens/agamotto-idt1-beta30_3380/back.jpg,agamotto-idt1-beta30_3380,back,26,culex,Culex_orientalis,female,Train
trays/3268/specimens/39165/back.jpg,39165,back,27,culex,Culex_pipiens_sl,female,Train
trays/3770/specimens/45190/back.jpg,45190,back,16,anopheles,Anopheles_crucians_sl,female,Valid
trays/1182/specimens/14183/back.jpg,14183,back,12,aedes,Aedes_taeniorhynchus,female,Valid
trays/532/specimens/6374/back.jpg,6374,back,6,aedes,Aedes_japonicus,female,Train
trays/1263/specimens/15148/back.jpg,15148,back,2,aedes,Aedes_atlanticus,female,Train
trays/3280/specimens/39307/front.jpg,39307,front,11,aedes,Aedes_sierrensis,male,Train
trays/8487/specimens/agamotto-idt1-beta39_812/back.jpg,agamotto-idt1-beta39_812,back,5,aedes,Aedes_dorsalis,female,Train
trays/2418/specimens/28995/back.jpg,28995,back,17,anopheles,Anopheles_freeborni,female,Valid
trays/1298/specimens/15570/front.jpg,15570,front,13,aedes,Aedes_triseriatus,female,Train
trays/5868/specimens/5868_8/back.jpg,5868_8,back,24,culex,Culex_bitaeniorhynchus,female,Train
trays/3230/specimens/38710/back.jpg,38710,back,30,culex,Culex_tarsalis,female,Train
trays/4331/specimens/4331_5/back.jpg,4331_5,back,18,anopheles,Anopheles_funestus,female,Train
trays/960/specimens/11517/back.jpg,11517,back,12,aedes,Aedes_taeniorhynchus,female,Train
trays/7941/specimens/agamotto-idt1-beta03_513/front.jpg,agamotto-idt1-beta03_513,front,11,aedes,Aedes_sierrensis,male,Train
trays/4193/specimens/50226/front.jpg,50226,front,15,anopheles,Anopheles_coustani,female,Valid
trays/408/specimens/4891/back.jpg,4891,back,10,aedes,Aedes_melanimon,female,Train
trays/5899/specimens/5899_8/back.jpg,5899_8,back,31,culex,Culex_tritaeniorhynchus,female,Train
trays/5634/specimens/5634_2/front.jpg,5634_2,front,9,aedes,Aedes_mcintoshi,female,Train
trays/3958/specimens/47433/back.jpg,47433,back,15,anopheles,Anopheles_coustani,female,Valid
trays/3961/specimens/47464/back.jpg,47464,back,15,anopheles,Anopheles_coustani,female,Valid
trays/1250/specimens/14989/front.jpg,14989,front,2,aedes,Aedes_atlanticus,female,Train
trays/532/specimens/6380/front.jpg,6380,front,6,aedes,Aedes_japonicus,female,Train
trays/2154/specimens/25846/back.jpg,25846,back,16,anopheles,Anopheles_crucians_sl,male,Valid
trays/11034/specimens/agamotto-idt1-beta66_3632/front.jpg,agamotto-idt1-beta66_3632,front,6,aedes,Aedes_japonicus,male,Train
trays/3028/specimens/36308/back.jpg,36308,back,3,aedes,Aedes_canadensis,female,Train
trays/3034/specimens/36376/front.jpg,36376,front,3,aedes,Aedes_canadensis,female,Train
trays/2708/specimens/32475/front.jpg,32475,front,22,anopheles,Anopheles_quadrimaculatus_sl,female,Train
trays/4253/specimens/50948/front.jpg,50948,front,6,aedes,Aedes_japonicus,female,Train
trays/1265/specimens/15176/front.jpg,15176,front,2,aedes,Aedes_atlanticus,female,Train
trays/3110/specimens/37275/back.jpg,37275,back,19,anopheles,Anopheles_gambiae_cdc-g3,female,Train
trays/10778/specimens/agamotto-idt1-beta41_1284/front.jpg,agamotto-idt1-beta41_1284,front,11,aedes,Aedes_sierrensis,male,Train
trays/3091/specimens/37048/front.jpg,37048,front,14,aedes,Aedes_vexans,female,Train
trays/5722/specimens/5722_7/back.jpg,5722_7,back,8,aedes,Aedes_lineatopennis,female,Train
trays/1163/specimens/13955/back.jpg,13955,back,16,anopheles,Anopheles_crucians,female,Valid
trays/4252/specimens/50940/back.jpg,50940,back,21,anopheles,Anopheles_punctipennis,female,Train
trays/4703/specimens/4703_7/front.jpg,4703_7,front,20,anopheles,Anopheles_pharoensis,female,Train
trays/2798/specimens/33556/front.jpg,33556,front,5,aedes,Aedes_dorsalis,female,Train
trays/547/specimens/6553/front.jpg,6553,front,5,aedes,Aedes_dorsalis,female,Valid
trays/2152/specimens/25822/back.jpg,25822,back,22,anopheles,Anopheles_quadrimaculatus,male,Train
trays/21006/specimens/agamotto-idt1-beta66_16220/back.jpg,agamotto-idt1-beta66_16220,back,1,aedes,Aedes_albopictus,female,Train
trays/1256/specimens/15066/front.jpg,15066,front,2,aedes,Aedes_atlanticus,female,Train
trays/4167/specimens/49913/back.jpg,49913,back,18,anopheles,Anopheles_funestus_s.l,female,Valid
trays/2700/specimens/32377/front.jpg,32377,front,22,anopheles,Anopheles_quadrimaculatus_sl,female,Train
trays/1095/specimens/13132/front.jpg,13132,front,10,aedes,Aedes_melanimon,female,Train
trays/3960/specimens/47455/back.jpg,47455,back,20,anopheles,Anopheles_pharoensis,female,Train
trays/22757/specimens/agamotto-idt1-beta66_19776/front.jpg,agamotto-idt1-beta66_19776,front,1,aedes,Aedes_albopictus,female,Train
trays/1266/specimens/15192/back.jpg,15192,back,2,aedes,Aedes_atlanticus,female,Train
trays/3323/specimens/39827/front.jpg,39827,front,14,aedes,Aedes_vexans,female,Train
trays/10822/specimens/agamotto-idt1-beta41_1320/front.jpg,agamotto-idt1-beta41_1320,front,11,aedes,Aedes_sierrensis,female,Train
trays/4251/specimens/50921/back.jpg,50921,back,16,anopheles,Anopheles_crucians_sl,female,Valid
trays/3495/specimens/41889/back.jpg,41889,back,27,culex,Culex_quinqufasciatus_bamako,female,Train
trays/5902/specimens/5902_10/back.jpg,5902_10,back,31,culex,Culex_tritaeniorhynchus,female,Train
trays/515/specimens/6173/back.jpg,6173,back,12,aedes,Aedes_taeniorhynchus,female,Train
trays/4344/specimens/4344_5/back.jpg,4344_5,back,15,anopheles,Anopheles_coustani,female,Valid
trays/5904/specimens/5904_6/back.jpg,5904_6,back,31,culex,Culex_tritaeniorhynchus,female,Train
trays/3873/specimens/46411/back.jpg,46411,back,21,anopheles,Anopheles_punctipennis,female,Train
trays/3901/specimens/46745/front.jpg,46745,front,27,culex,Culex_pipiens_sl,female,Train
trays/1208/specimens/14493/front.jpg,14493,front,10,aedes,Aedes_melanimon,female,Train
trays/4680/specimens/4680_2/front.jpg,4680_2,front,9,aedes,Aedes_mcintoshi,female,Train
trays/4204/specimens/50359/back.jpg,50359,back,13,aedes,Aedes_triseriatus,female,Train
trays/1059/specimens/12698/front.jpg,12698,front,17,anopheles,Anopheles_freeborni,female,Train
trays/2707/specimens/32463/back.jpg,32463,back,22,anopheles,Anopheles_quadrimaculatus_sl,female,Train
trays/1164/specimens/13961/front.jpg,13961,front,16,anopheles,Anopheles_crucians,female,Train
trays/1299/specimens/15583/back.jpg,15583,back,13,aedes,Aedes_triseriatus,female,Train
trays/514/specimens/6164/back.jpg,6164,back,12,aedes,Aedes_taeniorhynchus,female,Train
trays/7300/specimens/agamotto-idt1-beta30_3648/back.jpg,agamotto-idt1-beta30_3648,back,26,culex,Culex_orientalis,female,Train
trays/3576/specimens/42862/back.jpg,42862,back,28,culex,Culex_restuans,female,Train
trays/8168/specimens/agamotto-idt1-beta28_130/front.jpg,agamotto-idt1-beta28_130,front,5,aedes,Aedes_dorsalis,female,Train
trays/1329/specimens/15944/front.jpg,15944,front,10,aedes,Aedes_melanimon,female,Valid
trays/11057/specimens/agamotto-idt1-beta28_2593/back.jpg,agamotto-idt1-beta28_2593,back,30,culex,Culex_tarsalis,female,Train
trays/16230/specimens/agamotto-idt1-beta42_1090/back.jpg,agamotto-idt1-beta42_1090,back,0,aedes,Aedes_aegypti,female,Train
trays/2706/specimens/32452/front.jpg,32452,front,22,anopheles,Anopheles_quadrimaculatus_sl,female,Train
trays/2865/specimens/34365/back.jpg,34365,back,5,aedes,Aedes_dorsalis,female,Valid
trays/3399/specimens/40737/front.jpg,40737,front,18,anopheles,Anopheles_funestus_fumoz,male,Train
trays/6766/specimens/agamotto-idt1-beta15_1014/back.jpg,agamotto-idt1-beta15_1014,back,19,anopheles,Anopheles_arabiensis,female,Train
trays/5368/specimens/5368_4/front.jpg,5368_4,front,23,anopheles,Anopheles_stephensi,female,Train
trays/11191/specimens/agamotto-idt1-beta66_4117/back.jpg,agamotto-idt1-beta66_4117,back,6,aedes,Aedes_japonicus,female,Train
trays/1182/specimens/14173/front.jpg,14173,front,12,aedes,Aedes_taeniorhynchus,female,Valid
trays/4205/specimens/50373/back.jpg,50373,back,13,aedes,Aedes_triseriatus,female,Train
trays/5076/specimens/5076_11/back.jpg,5076_11,back,9,aedes,Aedes_mcintoshi,female,Train
trays/8162/specimens/agamotto-idt1-beta24_536/front.jpg,agamotto-idt1-beta24_536,front,4,aedes,Aedes_communis,male,Train
trays/1166/specimens/13985/back.jpg,13985,back,16,anopheles,Anopheles_crucians,female,Train
trays/3051/specimens/36577/front.jpg,36577,front,23,anopheles,Anopheles_stephensi,female,Train
trays/7301/specimens/agamotto-idt1-beta30_3658/front.jpg,agamotto-idt1-beta30_3658,front,26,culex,Culex_orientalis,female,Train
trays/4945/specimens/4945_2/front.jpg,4945_2,front,31,culex,Culex_tritaeniorhynchus,female,Train
trays/5903/specimens/5903_0/back.jpg,5903_0,back,31,culex,Culex_tritaeniorhynchus,female,Train
trays/3051/specimens/36582/back.jpg,36582,back,23,anopheles,Anopheles_stephensi,female,Train
trays/3396/specimens/40701/back.jpg,40701,back,18,anopheles,Anopheles_funestus_fumoz,female,Valid
trays/4497/specimens/4497_9/back.jpg,4497_9,back,27,culex,Culex_quinquefasciatus,female,Train
trays/527/specimens/6319/back.jpg,6319,back,21,anopheles,Anopheles_punctipennis,female,Train
trays/3281/specimens/39318/back.jpg,39318,back,11,aedes,Aedes_sierrensis,male,Train
trays/5854/specimens/5854_4/back.jpg,5854_4,back,24,culex,Culex_bitaeniorhynchus,female,Train
trays/7293/specimens/agamotto-idt1-beta30_3564/back.jpg,agamotto-idt1-beta30_3564,back,26,culex,Culex_orientalis,female,Train
trays/6411/specimens/agamotto-idt1-beta30_1462/back.jpg,agamotto-idt1-beta30_1462,back,7,aedes,Aedes_koreicus,female,Train
trays/3566/specimens/42737/back.jpg,42737,back,17,anopheles,Anopheles_freeborni,female,Train
trays/1330/specimens/15960/back.jpg,15960,back,10,aedes,Aedes_melanimon,female,Train
trays/8068/specimens/agamotto-idt1-beta24_431/back.jpg,agamotto-idt1-beta24_431,back,4,aedes,Aedes_communis,male,Train
trays/1298/specimens/15566/front.jpg,15566,front,13,aedes,Aedes_triseriatus,female,Train
trays/20686/specimens/agamotto-idt1-beta40_17308/back.jpg,agamotto-idt1-beta40_17308,back,25,culex,Culex_nigripalpus,,Train
trays/1252/specimens/15018/front.jpg,15018,front,2,aedes,Aedes_atlanticus,female,Train
trays/3792/specimens/45446/back.jpg,45446,back,3,aedes,Aedes_canadensis,female,Train
trays/4709/specimens/4709_9/back.jpg,4709_9,back,20,anopheles,Anopheles_pharoensis,female,Train
trays/3582/specimens/42930/back.jpg,42930,back,28,culex,Culex_restuans,male,Train
trays/1165/specimens/13977/back.jpg,13977,back,16,anopheles,Anopheles_crucians,female,Valid
trays/3806/specimens/45613/back.jpg,45613,back,21,anopheles,Anopheles_punctipennis,female,Train
trays/2921/specimens/35038/back.jpg,35038,back,5,aedes,Aedes_dorsalis,female,Valid
trays/2704/specimens/32430/front.jpg,32430,front,22,anopheles,Anopheles_quadrimaculatus_sl,female,Train
trays/1292/specimens/15493/front.jpg,15493,front,13,aedes,Aedes_triseriatus,female,Train
trays/481/specimens/5768/front.jpg,5768,front,29,culex,Culex_salinarius,female,Train
trays/4735/specimens/4735_8/front.jpg,4735_8,front,20,anopheles,Anopheles_pharoensis,female,Train
trays/3770/specimens/45187/back.jpg,45187,back,16,anopheles,Anopheles_crucians_sl,female,Train
trays/515/specimens/6175/front.jpg,6175,front,12,aedes,Aedes_taeniorhynchus,female,Train
trays/573/specimens/6869/front.jpg,6869,front,13,aedes,Aedes_triseriatus,female,Train
trays/5859/specimens/5859_1/back.jpg,5859_1,back,24,culex,Culex_bitaeniorhynchus,female,Train
trays/11181/specimens/agamotto-idt1-beta66_4001/back.jpg,agamotto-idt1-beta66_4001,back,6,aedes,Aedes_japonicus,female,Train
trays/407/specimens/4883/front.jpg,4883,front,10,aedes,Aedes_melanimon,female,Valid
trays/1330/specimens/15952/front.jpg,15952,front,10,aedes,Aedes_melanimon,female,Train
trays/4168/specimens/49923/front.jpg,49923,front,18,anopheles,Anopheles_funestus_s.l,female,Valid
trays/21423/specimens/agamotto-idt1-beta42_3311/back.jpg,agamotto-idt1-beta42_3311,back,0,aedes,Aedes_aegypti,female,Train
trays/2678/specimens/32113/front.jpg,32113,front,25,culex,Culex_nigripalpus,female,Train
trays/3586/specimens/42980/front.jpg,42980,front,28,culex,Culex_restuans,female,Train
trays/525/specimens/6296/back.jpg,6296,back,21,anopheles,Anopheles_punctipennis,female,Train
trays/548/specimens/6566/back.jpg,6566,back,14,aedes,Aedes_vexans,female,Train
trays/1166/specimens/13987/front.jpg,13987,front,16,anopheles,Anopheles_crucians,female,Train
trays/4948/specimens/4948_1/front.jpg,4948_1,front,31,culicidae,culex,0,Train
trays/7296/specimens/agamotto-idt1-beta30_3592/front.jpg,agamotto-idt1-beta30_3592,front,26,culex,Culex_orientalis,female,Train
trays/1095/specimens/13133/back.jpg,13133,back,10,aedes,Aedes_melanimon,female,Train
trays/7808/specimens/agamotto-idt1-beta30_7548/front.jpg,agamotto-idt1-beta30_7548,front,14,aedes,Aedes_vexans,male,Valid
trays/5732/specimens/5732_11/front.jpg,5732_11,front,8,aedes,Aedes_lineatopennis,female,Train
trays/17005/specimens/agamotto-idt1-beta02_2927/front.jpg,agamotto-idt1-beta02_2927,front,1,aedes,Aedes_albopictus,female,Train
trays/22950/specimens/agamotto-idt1-beta66_20444/front.jpg,agamotto-idt1-beta66_20444,front,6,aedes,Aedes_japonicus,female,Valid
trays/4205/specimens/50372/front.jpg,50372,front,13,aedes,Aedes_triseriatus,female,Train
trays/4252/specimens/50937/back.jpg,50937,back,21,anopheles,Anopheles_punctipennis,female,Train
trays/8163/specimens/agamotto-idt1-beta24_551/front.jpg,agamotto-idt1-beta24_551,front,4,aedes,Aedes_communis,female,Train
trays/7939/specimens/agamotto-idt1-beta03_485/back.jpg,agamotto-idt1-beta03_485,back,11,aedes,Aedes_sierrensis,female,Train
trays/7295/specimens/agamotto-idt1-beta30_3588/front.jpg,agamotto-idt1-beta30_3588,front,26,culex,Culex_orientalis,female,Valid
trays/3111/specimens/37287/back.jpg,37287,back,19,anopheles,Anopheles_gambiae_cdc-g3,female,Train
trays/8682/specimens/agamotto-idt1-beta24_1296/front.jpg,agamotto-idt1-beta24_1296,front,14,aedes,Aedes_vexans,male,Valid
trays/3783/specimens/45348/front.jpg,45348,front,22,anopheles,Anopheles_quadrimaculatus,female,Train
trays/15767/specimens/agamotto-idt1-beta22_4817/back.jpg,agamotto-idt1-beta22_4817,back,0,aedes,Aedes_aegypti,female,Train
trays/4497/specimens/4497_3/front.jpg,4497_3,front,27,culex,Culex_quinquefasciatus,female,Train
trays/2842/specimens/34084/back.jpg,34084,back,5,aedes,Aedes_dorsalis,female,Train
trays/8511/specimens/agamotto-idt1-beta03_747/back.jpg,agamotto-idt1-beta03_747,back,11,aedes,Aedes_sierrensis,female,Train
trays/9189/specimens/agamotto-idt1-beta01_374/back.jpg,agamotto-idt1-beta01_374,back,6,aedes,Aedes_japonicus,female,Valid
trays/1247/specimens/14954/back.jpg,14954,back,13,aedes,Aedes_triseriatus,female,Train
trays/4613/specimens/4613_0/back.jpg,4613_0,back,9,aedes,Aedes_mcintoshi,female,Train
trays/4742/specimens/4742_0/back.jpg,4742_0,back,20,anopheles,Anopheles_pharoensis,female,Train
trays/533/specimens/6393/front.jpg,6393,front,6,aedes,Aedes_japonicus,female,Train
trays/3239/specimens/38814/back.jpg,38814,back,30,culex,Culex_tarsalis,female,Train
trays/2840/specimens/34066/front.jpg,34066,front,14,aedes,Aedes_vexans,female,Train
trays/3111/specimens/37291/front.jpg,37291,front,19,anopheles,Anopheles_gambiae_cdc-g3,female,Train
trays/6500/specimens/agamotto-idt1-beta30_2123/back.jpg,agamotto-idt1-beta30_2123,back,7,aedes,Aedes_koreicus,female,Train
trays/3027/specimens/36293/back.jpg,36293,back,3,aedes,Aedes_canadensis,female,Train
trays/7278/specimens/agamotto-idt1-beta30_3381/front.jpg,agamotto-idt1-beta30_3381,front,26,culex,Culex_orientalis,female,Train
trays/4948/specimens/4948_1/back.jpg,4948_1,back,31,culicidae,culex,0,Train
trays/5085/specimens/5085_9/back.jpg,5085_9,back,9,aedes,Aedes_mcintoshi,female,Valid
trays/3441/specimens/41244/back.jpg,41244,back,23,anopheles,Anopheles_stephensi_nijmegen,female,Train
trays/1184/specimens/14204/back.jpg,14204,back,12,aedes,Aedes_taeniorhynchus,female,Valid
trays/1951/specimens/23409/back.jpg,23409,back,25,culex,Culex_nigripalpus,female,Train
trays/4707/specimens/4707_8/back.jpg,4707_8,back,20,anopheles,Anopheles_pharoensis,female,Valid
trays/3234/specimens/38756/front.jpg,38756,front,30,culex,Culex_tarsalis,female,Train
trays/7124/specimens/agamotto-idt1-beta15_2761/front.jpg,agamotto-idt1-beta15_2761,front,9,aedes,Aedes_mcintoshi,female,Valid
trays/6546/specimens/agamotto-idt1-beta25_1896/back.jpg,agamotto-idt1-beta25_1896,back,19,anopheles,Anopheles_gambiae_s.l,female,Valid
trays/530/specimens/6358/front.jpg,6358,front,6,aedes,Aedes_japonicus,female,Valid
trays/557/specimens/6675/back.jpg,6675,back,25,culex,Culex_nigripalpus,female,Train
trays/5722/specimens/5722_4/back.jpg,5722_4,back,8,aedes,Aedes_lineatopennis,female,Valid
trays/2882/specimens/34567/back.jpg,34567,back,14,aedes,Aedes_vexans,female,Valid
trays/2960/specimens/35491/back.jpg,35491,back,14,aedes,Aedes_vexans,female,Train
trays/2706/specimens/32459/back.jpg,32459,back,22,anopheles,Anopheles_quadrimaculatus_sl,female,Train
trays/1164/specimens/13960/front.jpg,13960,front,16,anopheles,Anopheles_crucians,female,Train
trays/4251/specimens/50925/front.jpg,50925,front,16,anopheles,Anopheles_crucians_sl,female,Valid
trays/679/specimens/8148/back.jpg,8148,back,29,culex,Culex_salinarius,female,Train
trays/4166/specimens/49907/back.jpg,49907,back,18,anopheles,Anopheles_funestus_s.l,female,Train
trays/5727/specimens/5727_1/back.jpg,5727_1,back,8,aedes,Aedes_lineatopennis,female,Valid
trays/3577/specimens/42870/back.jpg,42870,back,28,culex,Culex_restuans,male,Train
trays/3572/specimens/42806/front.jpg,42806,front,16,anopheles,Anopheles_crucians_sl,female,Valid
trays/5905/specimens/5905_0/front.jpg,5905_0,front,31,culex,Culex_tritaeniorhynchus,female,Train
trays/2862/specimens/34322/back.jpg,34322,back,5,aedes,Aedes_dorsalis,female,Train
trays/2918/specimens/35003/back.jpg,35003,back,14,aedes,Aedes_vexans,female,Train
trays/10438/specimens/agamotto-idt1-beta49_839/front.jpg,agamotto-idt1-beta49_839,front,13,aedes,Aedes_triseriatus,female,Train
trays/4919/specimens/4919_2/back.jpg,4919_2,back,31,culicidae,culex,0,Train
trays/5903/specimens/5903_3/front.jpg,5903_3,front,31,culex,Culex_tritaeniorhynchus,female,Train
trays/9344/specimens/agamotto-idt1-beta15_4501/back.jpg,agamotto-idt1-beta15_4501,back,15,anopheles,Anopheles_coustani_s.l,female,Valid
trays/5725/specimens/5725_3/back.jpg,5725_3,back,8,aedes,Aedes_lineatopennis,female,Train
trays/486/specimens/5827/front.jpg,5827,front,29,culex,Culex_salinarius,female,Train
trays/550/specimens/6595/front.jpg,6595,front,25,culex,Culex_nigripalpus,male,Train
trays/2931/specimens/35157/front.jpg,35157,front,14,aedes,Aedes_vexans,female,Valid
trays/529/specimens/6347/front.jpg,6347,front,6,aedes,Aedes_japonicus,female,Valid
trays/523/specimens/6272/back.jpg,6272,back,12,aedes,Aedes_taeniorhynchus,female,Train
trays/4742/specimens/4742_5/front.jpg,4742_5,front,15,anopheles,Anopheles_coustani_s.l,female,Train
trays/3146/specimens/37716/front.jpg,37716,front,11,aedes,Aedes_sierrensis,male,Train
trays/5907/specimens/5907_6/back.jpg,5907_6,back,31,culex,Culex_tritaeniorhynchus,female,Valid
trays/3051/specimens/36577/back.jpg,36577,back,23,anopheles,Anopheles_stephensi,female,Train
trays/3961/specimens/47464/front.jpg,47464,front,15,anopheles,Anopheles_coustani,female,Valid
trays/529/specimens/6341/front.jpg,6341,front,6,aedes,Aedes_japonicus,female,Valid
trays/5849/specimens/5849_7/front.jpg,5849_7,front,24,culex,Culex_bitaeniorhynchus,female,Train
trays/3027/specimens/36291/front.jpg,36291,front,3,aedes,Aedes_canadensis,female,Train
trays/11047/specimens/agamotto-idt1-beta28_2476/back.jpg,agamotto-idt1-beta28_2476,back,17,anopheles,Anopheles_freeborni,female,Train
trays/4708/specimens/4708_0/back.jpg,4708_0,back,20,anopheles,Anopheles_pharoensis,female,Valid
trays/573/specimens/6869/back.jpg,6869,back,13,aedes,Aedes_triseriatus,female,Train
trays/527/specimens/6321/back.jpg,6321,back,21,anopheles,Anopheles_punctipennis,female,Train
trays/24437/specimens/agamotto-idt1-beta02_6042/front.jpg,agamotto-idt1-beta02_6042,front,1,aedes,Aedes_albopictus,female,Train
trays/2417/specimens/28988/front.jpg,28988,front,17,anopheles,Anopheles_freeborni,female,Train
trays/477/specimens/5716/front.jpg,5716,front,12,aedes,Aedes_taeniorhynchus,female,Valid
trays/3707/specimens/44431/back.jpg,44431,back,27,culex,Culex_quinquefasciatus_bcs,female,Train
trays/4223/specimens/50581/front.jpg,50581,front,13,aedes,Aedes_triseriatus,female,Train
trays/3805/specimens/45603/front.jpg,45603,front,21,anopheles,Anopheles_punctipennis,female,Train
trays/3822/specimens/45807/back.jpg,45807,back,13,aedes,Aedes_triseriatus,female,Train
trays/5723/specimens/5723_5/back.jpg,5723_5,back,8,aedes,Aedes_lineatopennis,female,Train
trays/4738/specimens/4738_2/front.jpg,4738_2,front,20,anopheles,Anopheles_pharoensis,female,Valid
trays/6400/specimens/agamotto-idt1-beta30_1329/front.jpg,agamotto-idt1-beta30_1329,front,7,aedes,Aedes_koreicus,female,Train
trays/5732/specimens/5732_0/front.jpg,5732_0,front,8,aedes,Aedes_lineatopennis,female,Train
trays/3869/specimens/46368/back.jpg,46368,back,21,anopheles,Anopheles_punctipennis,female,Train
trays/3449/specimens/41338/front.jpg,41338,front,23,anopheles,Anopheles_stephensi_nijmegen,male,Train
trays/11047/specimens/agamotto-idt1-beta28_2479/back.jpg,agamotto-idt1-beta28_2479,back,17,anopheles,Anopheles_freeborni,female,Valid
trays/6447/specimens/agamotto-idt1-beta30_1894/back.jpg,agamotto-idt1-beta30_1894,back,7,aedes,Aedes_koreicus,female,Train
trays/5722/specimens/5722_2/back.jpg,5722_2,back,8,aedes,Aedes_lineatopennis,female,Valid
trays/6112/specimens/agamotto-idt1-beta15_33/back.jpg,agamotto-idt1-beta15_33,back,9,aedes,Aedes_mcintoshi,female,Train
trays/4745/specimens/4745_4/back.jpg,4745_4,back,20,anopheles,Anopheles_pharoensis,female,Train
trays/2700/specimens/32386/back.jpg,32386,back,22,anopheles,Anopheles_quadrimaculatus_sl,female,Train
trays/1410/specimens/16910/back.jpg,16910,back,6,aedes,Aedes_japonicus,female,Train
trays/2883/specimens/34579/back.jpg,34579,back,14,aedes,Aedes_vexans,female,Train
trays/10824/specimens/agamotto-idt1-beta41_1342/back.jpg,agamotto-idt1-beta41_1342,back,11,aedes,Aedes_sierrensis,male,Train
trays/482/specimens/5776/front.jpg,5776,front,29,culex,Culex_salinarius,female,Train
trays/4988/specimens/4988_0/back.jpg,4988_0,back,26,culex,Culex_orientalis,female,Valid
trays/1094/specimens/13119/front.jpg,13119,front,17,anopheles,Anopheles_freeborni,female,Valid
trays/25502/specimens/agamotto-idt1-beta42_4378/back.jpg,agamotto-idt1-beta42_4378,back,0,aedes,Aedes_aegypti,female,Train
trays/3496/specimens/41895/back.jpg,41895,back,27,culex,Culex_quinqufasciatus_bamako,female,Train
trays/4502/specimens/4502_2/front.jpg,4502_2,front,27,culex,Culex_quinquefasciatus,male,Train
trays/3441/specimens/41240/back.jpg,41240,back,23,anopheles,Anopheles_stephensi_nijmegen,female,Train
trays/2704/specimens/32427/front.jpg,32427,front,22,anopheles,Anopheles_quadrimaculatus_sl,female,Train
trays/21400/specimens/agamotto-idt1-beta42_3120/back.jpg,agamotto-idt1-beta42_3120,back,0,aedes,Aedes_aegypti,female,Train
trays/3873/specimens/46405/front.jpg,46405,front,13,aedes,Aedes_triseriatus,female,Train
trays/10413/specimens/agamotto-idt1-beta15_4759/back.jpg,agamotto-idt1-beta15_4759,back,9,aedes,Aedes_mcintoshi,female,Valid
trays/3234/specimens/38749/back.jpg,38749,back,30,culex,Culex_tarsalis,female,Train
trays/3577/specimens/42870/front.jpg,42870,front,28,culex,Culex_restuans,male,Train
trays/2968/specimens/35588/back.jpg,35588,back,0,aedes,Aedes_aegypti,female,Train
trays/7284/specimens/agamotto-idt1-beta30_3452/back.jpg,agamotto-idt1-beta30_3452,back,26,culex,Culex_orientalis,female,Valid
trays/2861/specimens/34320/back.jpg,34320,back,5,aedes,Aedes_dorsalis,female,Valid
trays/3499/specimens/41939/back.jpg,41939,back,27,culex,Culex_quinqufasciatus_bamako,male,Train
trays/3572/specimens/42805/back.jpg,42805,back,22,anopheles,Anopheles_quadrimaculatus_sl,female,Train
trays/10775/specimens/agamotto-idt1-beta41_1242/back.jpg,agamotto-idt1-beta41_1242,back,11,aedes,Aedes_sierrensis,female,Train
trays/5857/specimens/5857_7/back.jpg,5857_7,back,24,culex,Culex_bitaeniorhynchus,female,Train
trays/486/specimens/5829/front.jpg,5829,front,29,culex,Culex_salinarius,female,Train
trays/3834/specimens/45958/back.jpg,45958,back,28,culex,Culex_restuans,female,Train
trays/2882/specimens/34568/back.jpg,34568,back,14,aedes,Aedes_vexans,female,Train
trays/3786/specimens/45374/back.jpg,45374,back,22,anopheles,Anopheles_quadrimaculatus,female,Train
trays/1256/specimens/15067/front.jpg,15067,front,2,aedes,Aedes_atlanticus,female,Train
trays/22224/specimens/agamotto-idt1-beta22_7680/front.jpg,agamotto-idt1-beta22_7680,front,0,aedes,Aedes_aegypti,female,Train
trays/1458/specimens/17486/front.jpg,17486,front,12,aedes,Aedes_taeniorhynchus,female,Train
trays/1208/specimens/14488/back.jpg,14488,back,10,aedes,Aedes_melanimon,female,Valid
trays/8164/specimens/agamotto-idt1-beta24_564/front.jpg,agamotto-idt1-beta24_564,front,4,aedes,Aedes_communis,female,Train
trays/3574/specimens/42840/front.jpg,42840,front,13,aedes,Aedes_triseriatus,male,Train
trays/3871/specimens/46382/back.jpg,46382,back,16,anopheles,Anopheles_crucians_sl,female,Valid
trays/6104/specimens/agamotto-idt1-beta30_236/front.jpg,agamotto-idt1-beta30_236,front,28,culex,Culex_restuans,female,Train
trays/2704/specimens/32429/back.jpg,32429,back,22,anopheles,Anopheles_quadrimaculatus_sl,female,Train
trays/2419/specimens/29013/back.jpg,29013,back,17,anopheles,Anopheles_freeborni,female,Valid
trays/11055/specimens/agamotto-idt1-beta28_2577/front.jpg,agamotto-idt1-beta28_2577,front,14,aedes,Aedes_vexans,female,Train
trays/5854/specimens/5854_11/front.jpg,5854_11,front,24,culex,Culex_bitaeniorhynchus,female,Train
trays/1252/specimens/15024/front.jpg,15024,front,2,aedes,Aedes_atlanticus,female,Train
trays/3048/specimens/36542/front.jpg,36542,front,23,anopheles,Anopheles_stephensi,male,Train
trays/5904/specimens/5904_9/front.jpg,5904_9,front,31,culex,Culex_tritaeniorhynchus,female,Train
trays/10693/specimens/agamotto-idt1-beta24_2479/front.jpg,agamotto-idt1-beta24_2479,front,29,culex,Culex_salinarius,female,Train
trays/1184/specimens/14201/back.jpg,14201,back,12,aedes,Aedes_taeniorhynchus,female,Valid
trays/515/specimens/6177/back.jpg,6177,back,12,aedes,Aedes_taeniorhynchus,female,Valid
trays/6781/specimens/agamotto-idt1-beta15_1196/back.jpg,agamotto-idt1-beta15_1196,back,19,anopheles,Anopheles_arabiensis,male,Valid
trays/3961/specimens/47462/front.jpg,47462,front,18,anopheles,Anopheles_funestus_s.l,female,Valid
trays/4191/specimens/50197/front.jpg,50197,front,18,anopheles,Anopheles_funestus,female,Valid
trays/5913/specimens/5913_2/back.jpg,5913_2,back,31,culex,Culex_tritaeniorhynchus,female,Train
trays/10318/specimens/agamotto-idt1-beta49_687/front.jpg,agamotto-idt1-beta49_687,front,13,aedes,Aedes_triseriatus,female,Train
trays/8231/specimens/agamotto-idt1-beta24_682/front.jpg,agamotto-idt1-beta24_682,front,4,aedes,Aedes_communis,female,Train
trays/526/specimens/6301/back.jpg,6301,back,21,anopheles,Anopheles_punctipennis,female,Train
trays/4156/specimens/49778/front.jpg,49778,front,18,anopheles,Anopheles_funestus,female,Train
trays/4528/specimens/4528_8/back.jpg,4528_8,back,22,anopheles,Anopheles_quadrimaculatus,female,Train
trays/1222/specimens/14658/front.jpg,14658,front,10,aedes,Aedes_melanimon,female,Train
trays/3869/specimens/46357/front.jpg,46357,front,29,culex,Culex_salinarius,female,Train
trays/9244/specimens/agamotto-idt1-beta28_1384/back.jpg,agamotto-idt1-beta28_1384,back,14,aedes,Aedes_vexans,female,Valid
trays/529/specimens/6348/back.jpg,6348,back,6,aedes,Aedes_japonicus,female,Train
trays/573/specimens/6873/front.jpg,6873,front,13,aedes,Aedes_triseriatus,male,Train
trays/7940/specimens/agamotto-idt1-beta03_500/back.jpg,agamotto-idt1-beta03_500,back,11,aedes,Aedes_sierrensis,female,Valid
trays/527/specimens/6313/back.jpg,6313,back,21,anopheles,Anopheles_punctipennis,female,Train
trays/3049/specimens/36563/front.jpg,36563,front,23,anopheles,Anopheles_stephensi,female,Train
trays/3436/specimens/41175/front.jpg,41175,front,19,anopheles,Anopheles_gambiae_cdcg3,female,Valid
trays/1503/specimens/18029/front.jpg,18029,front,2,aedes,Aedes_atlanticus,female,Train
trays/7290/specimens/agamotto-idt1-beta30_3521/front.jpg,agamotto-idt1-beta30_3521,front,26,culex,Culex_orientalis,female,Valid
trays/5723/specimens/5723_1/back.jpg,5723_1,back,8,aedes,Aedes_lineatopennis,female,Train
trays/3502/specimens/41973/front.jpg,41973,front,27,culex,Culex_quinqufasciatus_bamako,male,Train
trays/5356/specimens/5356_2/back.jpg,5356_2,back,23,anopheles,Anopheles_stephensi,female,Train
trays/5869/specimens/5869_7/front.jpg,5869_7,front,24,culex,Culex_bitaeniorhynchus,female,Valid
trays/5899/specimens/5899_7/back.jpg,5899_7,back,31,culex,Culex_tritaeniorhynchus,female,Train
trays/3032/specimens/36349/back.jpg,36349,back,3,aedes,Aedes_canadensis,female,Train
trays/4507/specimens/4507_4/back.jpg,4507_4,back,27,culex,Culex_quinquefasciatus,male,Train
trays/8067/specimens/agamotto-idt1-beta24_410/front.jpg,agamotto-idt1-beta24_410,front,4,aedes,Aedes_communis,male,Train
trays/5731/specimens/5731_4/front.jpg,5731_4,front,8,aedes,Aedes_lineatopennis,female,Train
trays/21400/specimens/agamotto-idt1-beta42_3120/front.jpg,agamotto-idt1-beta42_3120,front,0,aedes,Aedes_aegypti,female,Train
trays/2706/specimens/32449/front.jpg,32449,front,22,anopheles,Anopheles_quadrimaculatus_sl,female,Train
trays/3586/specimens/42980/back.jpg,42980,back,28,culex,Culex_restuans,female,Train
trays/4344/specimens/4344_2/back.jpg,4344_2,back,15,anopheles,Anopheles_coustani,female,Valid
trays/2931/specimens/35154/back.jpg,35154,back,14,aedes,Aedes_vexans,female,Train
trays/3282/specimens/39335/back.jpg,39335,back,11,aedes,Aedes_sierrensis,male,Valid
trays/10824/specimens/agamotto-idt1-beta41_1342/front.jpg,agamotto-idt1-beta41_1342,front,11,aedes,Aedes_sierrensis,male,Train
trays/4860/specimens/4860_3/front.jpg,4860_3,front,23,anopheles,Anopheles_stephensi,female,Train
trays/10219/specimens/agamotto-idt1-beta49_622/front.jpg,agamotto-idt1-beta49_622,front,6,aedes,Aedes_japonicus,female,Train
trays/558/specimens/6692/back.jpg,6692,back,25,culex,Culex_nigripalpus,female,Train
trays/1180/specimens/14152/front.jpg,14152,front,12,aedes,Aedes_taeniorhynchus,female,Train
trays/19507/specimens/agamotto-idt1-beta42_1801/front.jpg,agamotto-idt1-beta42_1801,front,0,aedes,Aedes_aegypti,male,Train
trays/477/specimens/5717/front.jpg,5717,front,12,aedes,Aedes_taeniorhynchus,female,Valid
trays/3901/specimens/46747/back.jpg,46747,back,1,aedes,Aedes_albopictus,female,Train
trays/2700/specimens/32379/front.jpg,32379,front,22,anopheles,Anopheles_quadrimaculatus_sl,female,Train
trays/5079/specimens/5079_10/back.jpg,5079_10,back,9,aedes,Aedes_mcintoshi,female,Valid
trays/2700/specimens/32384/front.jpg,32384,front,22,anopheles,Anopheles_quadrimaculatus_sl,female,Train
trays/3112/specimens/37308/back.jpg,37308,back,19,anopheles,Anopheles_gambiae_cdc-g3,female,Valid
trays/3783/specimens/45341/back.jpg,45341,back,22,anopheles,Anopheles_quadrimaculatus,female,Train
trays/3446/specimens/41300/front.jpg,41300,front,23,anopheles,Anopheles_stephensi_nijmegen,female,Train
trays/22446/specimens/agamotto-idt1-beta66_17881/back.jpg,agamotto-idt1-beta66_17881,back,1,aedes,Aedes_albopictus,female,Valid
trays/484/specimens/5808/back.jpg,5808,back,29,culex,Culex_salinarius,female,Train
trays/6780/specimens/agamotto-idt1-beta15_1186/front.jpg,agamotto-idt1-beta15_1186,front,19,anopheles,Anopheles_arabiensis,female,Train
trays/3239/specimens/38818/front.jpg,38818,front,30,culex,Culex_tarsalis,female,Valid
trays/16991/specimens/agamotto-idt1-beta42_1404/front.jpg,agamotto-idt1-beta42_1404,front,0,aedes,Aedes_aegypti,male,Train
trays/6402/specimens/agamotto-idt1-beta30_1354/back.jpg,agamotto-idt1-beta30_1354,back,7,aedes,Aedes_koreicus,female,Valid
trays/3233/specimens/38744/front.jpg,38744,front,30,culex,Culex_tarsalis,female,Train
trays/1144/specimens/13724/back.jpg,13724,back,17,anopheles,Anopheles_freeborni,female,Valid
trays/6769/specimens/agamotto-idt1-beta15_1050/back.jpg,agamotto-idt1-beta15_1050,back,19,anopheles,Anopheles_arabiensis,male,Valid
trays/473/specimens/5670/front.jpg,5670,front,30,culex,Culex_tarsalis,male,Valid
trays/8161/specimens/agamotto-idt1-beta24_526/front.jpg,agamotto-idt1-beta24_526,front,4,aedes,Aedes_communis,female,Train
trays/3228/specimens/38678/front.jpg,38678,front,30,culex,Culex_tarsalis,female,Valid
trays/3114/specimens/37329/back.jpg,37329,back,19,anopheles,Anopheles_gambiae_cdc-g3,female,Train
trays/4166/specimens/49899/back.jpg,49899,back,18,anopheles,Anopheles_funestus_s.l,female,Valid
trays/473/specimens/5670/back.jpg,5670,back,30,culex,Culex_tarsalis,male,Valid
trays/5720/specimens/5720_1/front.jpg,5720_1,front,8,aedes,Aedes_lineatopennis,female,Valid
trays/4252/specimens/50934/back.jpg,50934,back,21,anopheles,Anopheles_punctipennis,male,Train
trays/7938/specimens/agamotto-idt1-beta03_480/back.jpg,agamotto-idt1-beta03_480,back,11,aedes,Aedes_sierrensis,female,Train
trays/5368/specimens/5368_4/back.jpg,5368_4,back,23,anopheles,Anopheles_stephensi,female,Train
trays/2701/specimens/32390/front.jpg,32390,front,22,anopheles,Anopheles_quadrimaculatus_sl,female,Train
trays/5634/specimens/5634_5/front.jpg,5634_5,front,9,aedes,Aedes_mcintoshi,female,Train
trays/4357/specimens/4357_11/back.jpg,4357_11,back,15,anopheles,Anopheles_coustani,female,Train
trays/10328/specimens/agamotto-idt1-beta49_719/back.jpg,agamotto-idt1-beta49_719,back,1,aedes,Aedes_albopictus,,Train
trays/10686/specimens/agamotto-idt1-beta24_2410/front.jpg,agamotto-idt1-beta24_2410,front,29,culex,Culex_salinarius,female,Train
trays/2922/specimens/35048/front.jpg,35048,front,5,aedes,Aedes_dorsalis,female,Train
trays/3239/specimens/38818/back.jpg,38818,back,30,culex,Culex_tarsalis,female,Valid
trays/3600/specimens/43145/front.jpg,43145,front,30,culex,Culex_tarsalis,female,Valid
trays/1096/specimens/13150/front.jpg,13150,front,10,aedes,Aedes_melanimon,female,Valid
trays/4709/specimens/4709_11/front.jpg,4709_11,front,20,anopheles,Anopheles_pharoensis,female,Valid
trays/5720/specimens/5720_4/front.jpg,5720_4,front,8,aedes,Aedes_lineatopennis,female,Valid
trays/10908/specimens/agamotto-idt1-beta66_3177/back.jpg,agamotto-idt1-beta66_3177,back,6,aedes,Aedes_japonicus,female,Valid
trays/2154/specimens/25846/front.jpg,25846,front,16,anopheles,Anopheles_crucians_sl,male,Valid
trays/3572/specimens/42811/front.jpg,42811,front,16,anopheles,Anopheles_crucians_sl,female,Valid
trays/478/specimens/5730/front.jpg,5730,front,12,aedes,Aedes_taeniorhynchus,female,Valid
trays/1191/specimens/14286/front.jpg,14286,front,25,culex,Culex_nigripalpus,female,Train
trays/486/specimens/5827/back.jpg,5827,back,29,culex,Culex_salinarius,female,Train
trays/16230/specimens/agamotto-idt1-beta42_1090/front.jpg,agamotto-idt1-beta42_1090,front,0,aedes,Aedes_aegypti,female,Train
trays/10688/specimens/agamotto-idt1-beta24_2429/front.jpg,agamotto-idt1-beta24_2429,front,29,culex,Culex_salinarius,female,Train
trays/411/specimens/4926/back.jpg,4926,back,10,aedes,Aedes_melanimon,female,Train
trays/3601/specimens/43154/back.jpg,43154,back,14,aedes,Aedes_vexans,female,Valid
trays/3033/specimens/36368/back.jpg,36368,back,3,aedes,Aedes_canadensis,female,Train
trays/409/specimens/4908/front.jpg,4908,front,10,aedes,Aedes_melanimon,female,Valid
trays/10908/specimens/agamotto-idt1-beta66_3177/front.jpg,agamotto-idt1-beta66_3177,front,6,aedes,Aedes_japonicus,female,Valid
trays/5638/specimens/5638_0/front.jpg,5638_0,front,6,aedes,Aedes_japonicus,male,Valid
trays/4503/specimens/4503_8/front.jpg,4503_8,front,27,culex,Culex_quinquefasciatus,male,Train
trays/4202/specimens/50339/front.jpg,50339,front,13,aedes,Aedes_triseriatus,female,Train
trays/411/specimens/4928/front.jpg,4928,front,10,aedes,Aedes_melanimon,female,Train
trays/3439/specimens/41211/front.jpg,41211,front,19,anopheles,Anopheles_gambiae_cdcg3,female,Valid
trays/2684/specimens/32196/back.jpg,32196,back,25,culex,Culex_nigripalpus,female,Train
trays/4204/specimens/50358/front.jpg,50358,front,13,aedes,Aedes_triseriatus,female,Train
trays/3501/specimens/41962/back.jpg,41962,back,27,culex,Culex_quinqufasciatus_bamako,male,Train
trays/573/specimens/6871/front.jpg,6871,front,13,aedes,Aedes_triseriatus,female,Train
trays/5908/specimens/5908_1/front.jpg,5908_1,front,31,culex,Culex_tritaeniorhynchus,female,Train
trays/3572/specimens/42805/front.jpg,42805,front,22,anopheles,Anopheles_quadrimaculatus_sl,female,Train
trays/7350/specimens/agamotto-idt1-beta15_3972/front.jpg,agamotto-idt1-beta15_3972,front,15,anopheles,Anopheles_coustani,female,Train
trays/3054/specimens/36623/back.jpg,36623,back,23,anopheles,Anopheles_stephensi,female,Train
trays/4946/specimens/4946_7/front.jpg,4946_7,front,31,culex,Culex_tritaeniorhynchus,female,Train
trays/524/specimens/6277/back.jpg,6277,back,21,anopheles,Anopheles_punctipennis,female,Train
trays/1335/specimens/16014/front.jpg,16014,front,10,aedes,Aedes_melanimon,female,Train
trays/3769/specimens/45178/front.jpg,45178,front,16,anopheles,Anopheles_crucians_sl,female,Train
trays/11325/specimens/agamotto-idt1-beta66_4336/front.jpg,agamotto-idt1-beta66_4336,front,1,aedes,Aedes_albopictus,female,Valid
trays/3760/specimens/45064/front.jpg,45064,front,13,aedes,Aedes_triseriatus,female,Train
trays/16433/specimens/agamotto-idt1-beta84_326/back.jpg,agamotto-idt1-beta84_326,back,1,aedes,Aedes_albopictus,,Train
trays/1059/specimens/12697/front.jpg,12697,front,17,anopheles,Anopheles_freeborni,female,Valid
trays/11191/specimens/agamotto-idt1-beta66_4127/front.jpg,agamotto-idt1-beta66_4127,front,6,aedes,Aedes_japonicus,female,Train
trays/1164/specimens/13958/front.jpg,13958,front,16,anopheles,Anopheles_crucians,female,Train
trays/3587/specimens/42996/back.jpg,42996,back,28,culex,Culex_restuans,female,Valid
trays/3227/specimens/38667/back.jpg,38667,back,30,culex,Culex_tarsalis,female,Valid
trays/5722/specimens/5722_4/front.jpg,5722_4,front,8,aedes,Aedes_lineatopennis,female,Valid
trays/3394/specimens/40679/front.jpg,40679,front,18,anopheles,Anopheles_funestus_fumoz,female,Valid
trays/9356/specimens/agamotto-idt1-beta15_4602/back.jpg,agamotto-idt1-beta15_4602,back,9,aedes,Aedes_mcintoshi,female,Train
trays/6393/specimens/agamotto-idt1-beta30_1243/back.jpg,agamotto-idt1-beta30_1243,back,7,aedes,Aedes_koreicus,female,Valid
trays/12358/specimens/agamotto-idt1-beta28_3398/front.jpg,agamotto-idt1-beta28_3398,front,1,aedes,Aedes_albopictus,female,Train
trays/3237/specimens/38793/back.jpg,38793,back,30,culex,Culex_tarsalis,female,Valid
trays/3581/specimens/42920/back.jpg,42920,back,28,culex,Culex_restuans,female,Train
trays/8006/specimens/agamotto-idt1-beta26_259/back.jpg,agamotto-idt1-beta26_259,back,14,aedes,Aedes_vexans,female,Valid
trays/9140/specimens/agamotto-idt1-beta28_1280/back.jpg,agamotto-idt1-beta28_1280,back,1,aedes,Aedes_albopictus,female,Train
trays/3582/specimens/42929/back.jpg,42929,back,28,culex,Culex_restuans,male,Train
trays/3771/specimens/45193/back.jpg,45193,back,6,aedes,Aedes_japonicus,female,Valid
trays/1166/specimens/13982/back.jpg,13982,back,16,anopheles,Anopheles_crucians,female,Valid
trays/1408/specimens/16886/back.jpg,16886,back,13,aedes,Aedes_triseriatus,female,Train
trays/9686/specimens/agamotto-idt1-beta01_566/back.jpg,agamotto-idt1-beta01_566,back,1,aedes,Aedes_albopictus,female,Valid
trays/1296/specimens/15543/back.jpg,15543,back,13,aedes,Aedes_triseriatus,female,Train
trays/7279/specimens/agamotto-idt1-beta30_3395/back.jpg,agamotto-idt1-beta30_3395,back,26,culex,Culex_orientalis,female,Valid
trays/3033/specimens/36363/front.jpg,36363,front,3,aedes,Aedes_canadensis,female,Train
trays/7296/specimens/agamotto-idt1-beta30_3594/front.jpg,agamotto-idt1-beta30_3594,front,26,culex,Culex_orientalis,female,Valid
trays/546/specimens/6543/back.jpg,6543,back,5,aedes,Aedes_dorsalis,female,Train
trays/1144/specimens/13718/back.jpg,13718,back,17,anopheles,Anopheles_freeborni,female,Train
trays/3707/specimens/44434/front.jpg,44434,front,27,culex,Culex_quinquefasciatus_bcs,female,Train
trays/6398/specimens/agamotto-idt1-beta30_1301/front.jpg,agamotto-idt1-beta30_1301,front,7,aedes,Aedes_koreicus,female,Train
trays/1298/specimens/15575/front.jpg,15575,front,13,aedes,Aedes_triseriatus,female,Train
trays/4741/specimens/4741_3/front.jpg,4741_3,front,15,anopheles,Anopheles_coustani_s.l,female,Valid
trays/8231/specimens/agamotto-idt1-beta24_680/back.jpg,agamotto-idt1-beta24_680,back,4,aedes,Aedes_communis,female,Valid
trays/25395/specimens/agamotto-idt1-beta13_206/front.jpg,agamotto-idt1-beta13_206,front,0,aedes,Aedes_aegypti,female,Train
trays/17894/specimens/agamotto-idt1-beta40_4654/back.jpg,agamotto-idt1-beta40_4654,back,25,culex,Culex_nigripalpus,,Train
trays/4167/specimens/49913/front.jpg,49913,front,18,anopheles,Anopheles_funestus_s.l,female,Valid
trays/6778/specimens/agamotto-idt1-beta15_1163/front.jpg,agamotto-idt1-beta15_1163,front,19,anopheles,Anopheles_arabiensis,female,Valid
trays/1203/specimens/14425/front.jpg,14425,front,10,aedes,Aedes_melanimon,female,Valid
trays/2704/specimens/32435/back.jpg,32435,back,22,anopheles,Anopheles_quadrimaculatus_sl,female,Valid
trays/6395/specimens/agamotto-idt1-beta30_1267/front.jpg,agamotto-idt1-beta30_1267,front,7,aedes,Aedes_koreicus,female,Valid
trays/2211/specimens/26521/back.jpg,26521,back,17,anopheles,Anopheles_freeborni,female,Valid
trays/1251/specimens/15002/back.jpg,15002,back,2,aedes,Aedes_atlanticus,female,Train
trays/3090/specimens/37033/back.jpg,37033,back,14,aedes,Aedes_vexans,female,Train
trays/9290/specimens/agamotto-idt1-beta29_2698/front.jpg,agamotto-idt1-beta29_2698,front,23,anopheles,Anopheles_stephensi,female,Valid
trays/1253/specimens/15029/front.jpg,15029,front,2,aedes,Aedes_atlanticus,female,Valid
trays/3855/specimens/46191/back.jpg,46191,back,6,aedes,Aedes_japonicus,female,Valid
trays/3855/specimens/46193/front.jpg,46193,front,13,aedes,Aedes_triseriatus,female,Train
trays/3834/specimens/45956/front.jpg,45956,front,28,culex,Culex_restuans,female,Train
trays/9140/specimens/agamotto-idt1-beta28_1278/front.jpg,agamotto-idt1-beta28_1278,front,1,aedes,Aedes_albopictus,female,Valid
trays/5869/specimens/5869_6/front.jpg,5869_6,front,24,culex,Culex_bitaeniorhynchus,female,Train
trays/413/specimens/4946/front.jpg,4946,front,10,aedes,Aedes_melanimon,female,Train
trays/6394/specimens/agamotto-idt1-beta30_1257/front.jpg,agamotto-idt1-beta30_1257,front,7,aedes,Aedes_koreicus,female,Valid
trays/5859/specimens/5859_6/front.jpg,5859_6,front,24,culex,Culex_bitaeniorhynchus,female,Train
trays/3770/specimens/45188/back.jpg,45188,back,16,anopheles,Anopheles_crucians_sl,female,Train
trays/3901/specimens/46745/back.jpg,46745,back,27,culex,Culex_pipiens_sl,female,Train
trays/531/specimens/6362/back.jpg,6362,back,6,aedes,Aedes_japonicus,female,Train
trays/8162/specimens/agamotto-idt1-beta24_534/back.jpg,agamotto-idt1-beta24_534,back,4,aedes,Aedes_communis,male,Valid
trays/576/specimens/6911/back.jpg,6911,back,3,aedes,Aedes_canadensis,female,Train
trays/525/specimens/6299/front.jpg,6299,front,21,anopheles,Anopheles_punctipennis,female,Train
trays/1226/specimens/14705/front.jpg,14705,front,10,aedes,Aedes_melanimon,female,Train
trays/3577/specimens/42867/front.jpg,42867,front,28,culex,Culex_restuans,female,Train
trays/3578/specimens/42878/front.jpg,42878,front,28,culex,Culex_restuans,male,Train
trays/8164/specimens/agamotto-idt1-beta24_563/front.jpg,agamotto-idt1-beta24_563,front,4,aedes,Aedes_communis,male,Valid
trays/5086/specimens/5086_6/front.jpg,5086_6,front,9,aedes,Aedes_mcintoshi,female,Valid
trays/6393/specimens/agamotto-idt1-beta30_1246/back.jpg,agamotto-idt1-beta30_1246,back,7,aedes,Aedes_koreicus,female,Valid
trays/4531/specimens/4531_2/front.jpg,4531_2,front,22,anopheles,Anopheles_quadrimaculatus,female,Valid
trays/4735/specimens/4735_10/back.jpg,4735_10,back,20,anopheles,Anopheles_pharoensis,female,Train
trays/7796/specimens/agamotto-idt1-beta30_7403/back.jpg,agamotto-idt1-beta30_7403,back,7,aedes,Aedes_koreicus,male,Train
trays/5907/specimens/5907_5/back.jpg,5907_5,back,31,culex,Culex_tritaeniorhynchus,female,Train
trays/6446/specimens/agamotto-idt1-beta30_1880/front.jpg,agamotto-idt1-beta30_1880,front,7,aedes,Aedes_koreicus,female,Valid
trays/6781/specimens/agamotto-idt1-beta15_1189/back.jpg,agamotto-idt1-beta15_1189,back,19,anopheles,Anopheles_arabiensis,male,Train
trays/463/specimens/5545/front.jpg,5545,front,11,aedes,Aedes_sierrensis,male,Train
trays/7275/specimens/agamotto-idt1-beta30_3345/front.jpg,agamotto-idt1-beta30_3345,front,26,culex,Culex_orientalis,female,Valid
trays/3397/specimens/40706/back.jpg,40706,back,18,anopheles,Anopheles_funestus_fumoz,female,Valid
trays/3048/specimens/36542/back.jpg,36542,back,23,anopheles,Anopheles_stephensi,male,Train
trays/11043/specimens/agamotto-idt1-beta28_2438/front.jpg,agamotto-idt1-beta28_2438,front,5,aedes,Aedes_dorsalis,female,Valid
trays/4948/specimens/4948_0/front.jpg,4948_0,front,31,culicidae,culex,0,Train
trays/3056/specimens/36647/front.jpg,36647,front,23,anopheles,Anopheles_stephensi,male,Valid
trays/26024/specimens/agamotto-idt1-beta13_628/back.jpg,agamotto-idt1-beta13_628,back,0,aedes,Aedes_aegypti,female,Train
trays/6124/specimens/agamotto-idt1-beta03_74/back.jpg,agamotto-idt1-beta03_74,back,11,aedes,Aedes_sierrensis,female,Valid
trays/3111/specimens/37294/back.jpg,37294,back,19,anopheles,Anopheles_gambiae_cdc-g3,female,Train
trays/7277/specimens/agamotto-idt1-beta30_3365/front.jpg,agamotto-idt1-beta30_3365,front,26,culex,Culex_orientalis,female,Valid
trays/3229/specimens/38700/back.jpg,38700,back,30,culex,Culex_tarsalis,female,Train
trays/2152/specimens/25822/front.jpg,25822,front,22,anopheles,Anopheles_quadrimaculatus,male,Train
trays/8066/specimens/agamotto-idt1-beta24_398/front.jpg,agamotto-idt1-beta24_398,front,4,aedes,Aedes_communis,male,Valid
trays/1163/specimens/13955/front.jpg,13955,front,16,anopheles,Anopheles_crucians,female,Valid
trays/2922/specimens/35047/back.jpg,35047,back,5,aedes,Aedes_dorsalis,female,Train
trays/2877/specimens/34509/front.jpg,34509,front,5,aedes,Aedes_dorsalis,female,Train
trays/8067/specimens/agamotto-idt1-beta24_410/back.jpg,agamotto-idt1-beta24_410,back,4,aedes,Aedes_communis,male,Train
trays/3624/specimens/43434/back.jpg,43434,back,25,culex,Culex_nigripalpus,female,Valid
trays/5822/specimens/5822_11/front.jpg,5822_11,front,9,aedes,Aedes_mcintoshi,female,Valid
trays/1408/specimens/16889/back.jpg,16889,back,13,aedes,Aedes_triseriatus,female,Train
trays/5076/specimens/5076_10/front.jpg,5076_10,front,9,aedes,Aedes_mcintoshi,female,Valid
trays/4500/specimens/4500_10/back.jpg,4500_10,back,27,culex,Culex_quinquefasciatus,female,Train
trays/1059/specimens/12697/back.jpg,12697,back,17,anopheles,Anopheles_freeborni,female,Valid
trays/3028/specimens/36308/front.jpg,36308,front,3,aedes,Aedes_canadensis,female,Train
trays/4715/specimens/4715_2/back.jpg,4715_2,back,20,anopheles,Anopheles_pharoensis,female,Train
trays/2703/specimens/32421/front.jpg,32421,front,22,anopheles,Anopheles_quadrimaculatus_sl,female,Valid
trays/680/specimens/8155/front.jpg,8155,front,29,culex,Culex_salinarius,female,Train
trays/1405/specimens/16850/front.jpg,16850,front,28,culex,Culex_restuans,male,Train
trays/558/specimens/6689/front.jpg,6689,front,25,culex,Culex_nigripalpus,female,Valid
trays/7035/specimens/agamotto-idt1-beta30_2203/front.jpg,agamotto-idt1-beta30_2203,front,24,culex,Culex_bitaeniorhynchus,female,Valid
trays/3422/specimens/41013/front.jpg,41013,front,5,aedes,Aedes_dorsalis,female,Valid
trays/2413/specimens/28938/back.jpg,28938,back,13,aedes,Aedes_triseriatus,female,Train
trays/1250/specimens/14998/back.jpg,14998,back,2,aedes,Aedes_atlanticus,female,Valid
trays/16433/specimens/agamotto-idt1-beta84_334/back.jpg,agamotto-idt1-beta84_334,back,1,aedes,Aedes_albopictus,,Valid
trays/1408/specimens/16893/back.jpg,16893,back,13,aedes,Aedes_triseriatus,male,Train
trays/1203/specimens/14435/front.jpg,14435,front,10,aedes,Aedes_melanimon,female,Valid
trays/8065/specimens/agamotto-idt1-beta24_391/front.jpg,agamotto-idt1-beta24_391,front,4,aedes,Aedes_communis,male,Valid
trays/3116/specimens/37349/back.jpg,37349,back,19,anopheles,Anopheles_gambiae_cdc-g3,male,Valid
trays/478/specimens/5730/back.jpg,5730,back,12,aedes,Aedes_taeniorhynchus,female,Valid
trays/3784/specimens/45360/back.jpg,45360,back,22,anopheles,Anopheles_quadrimaculatus,female,Valid
trays/3792/specimens/45445/back.jpg,45445,back,3,aedes,Aedes_canadensis,female,Train
trays/4356/specimens/4356_1/back.jpg,4356_1,back,15,anopheles,Anopheles_coustani,female,Valid
trays/8162/specimens/agamotto-idt1-beta24_533/front.jpg,agamotto-idt1-beta24_533,front,4,aedes,Aedes_communis,male,Valid
trays/3958/specimens/47430/front.jpg,47430,front,15,anopheles,Anopheles_coustani,female,Train
trays/1188/specimens/14248/back.jpg,14248,back,25,culex,Culex_nigripalpus,female,Valid
trays/577/specimens/6916/back.jpg,6916,back,3,aedes,Aedes_canadensis,female,Train
trays/4712/specimens/4712_6/front.jpg,4712_6,front,20,anopheles,Anopheles_pharoensis,female,Train
trays/4505/specimens/4505_11/front.jpg,4505_11,front,27,culex,Culex_quinquefasciatus,male,Train
trays/1250/specimens/14994/back.jpg,14994,back,2,aedes,Aedes_atlanticus,female,Valid
trays/3028/specimens/36310/front.jpg,36310,front,3,aedes,Aedes_canadensis,female,Train
trays/4613/specimens/4613_2/back.jpg,4613_2,back,20,anopheles,Anopheles_pharoensis,female,Valid
trays/524/specimens/6278/front.jpg,6278,front,21,anopheles,Anopheles_punctipennis,female,Train
trays/524/specimens/6288/back.jpg,6288,back,21,anopheles,Anopheles_punctipennis,female,Train
trays/5922/specimens/5922_7/front.jpg,5922_7,front,31,culex,Culex_tritaeniorhynchus,female,Train
trays/2879/specimens/34527/front.jpg,34527,front,5,aedes,Aedes_dorsalis,female,Train
trays/548/specimens/6565/back.jpg,6565,back,14,aedes,Aedes_vexans,female,Valid
trays/3427/specimens/41073/back.jpg,41073,back,19,anopheles,Anopheles_gambiae_cdcg3,female,Valid
trays/5860/specimens/5860_9/front.jpg,5860_9,front,24,culex,Culex_bitaeniorhynchus,female,Valid
trays/3058/specimens/36669/back.jpg,36669,back,23,anopheles,Anopheles_stephensi,male,Valid
trays/2865/specimens/34363/front.jpg,34363,front,14,aedes,Aedes_vexans,female,Valid
trays/4715/specimens/4715_4/front.jpg,4715_4,front,20,anopheles,Anopheles_pharoensis,female,Valid
trays/12358/specimens/agamotto-idt1-beta28_3399/back.jpg,agamotto-idt1-beta28_3399,back,1,aedes,Aedes_albopictus,female,Train
trays/1263/specimens/15153/front.jpg,15153,front,2,aedes,Aedes_atlanticus,female,Valid
trays/1410/specimens/16911/front.jpg,16911,front,6,aedes,Aedes_japonicus,female,Valid
trays/3805/specimens/45609/front.jpg,45609,front,21,anopheles,Anopheles_punctipennis,female,Train
trays/4696/specimens/4696_11/front.jpg,4696_11,front,20,anopheles,Anopheles_pharoensis,female,Train
trays/3055/specimens/36626/back.jpg,36626,back,23,anopheles,Anopheles_stephensi,female,Valid
trays/3248/specimens/38920/back.jpg,38920,back,30,culex,Culex_tarsalis,female,Valid
trays/5868/specimens/5868_8/front.jpg,5868_8,front,24,culex,Culex_bitaeniorhynchus,female,Train
trays/2863/specimens/34339/front.jpg,34339,front,5,aedes,Aedes_dorsalis,female,Train
trays/1165/specimens/13972/front.jpg,13972,front,16,anopheles,Anopheles_crucians,female,Valid
trays/17414/specimens/agamotto-idt1-beta02_3385/back.jpg,agamotto-idt1-beta02_3385,back,1,aedes,Aedes_albopictus,female,Train
trays/480/specimens/5757/front.jpg,5757,front,29,culex,Culex_salinarius,female,Valid
trays/13121/specimens/agamotto-idt1-beta22_1910/front.jpg,agamotto-idt1-beta22_1910,front,27,culex,Culex_quinquefasciatus,female,Valid
trays/3232/specimens/38729/back.jpg,38729,back,30,culex,Culex_tarsalis,female,Train
trays/11156/specimens/agamotto-idt1-beta28_2844/back.jpg,agamotto-idt1-beta28_2844,back,17,anopheles,Anopheles_freeborni,female,Valid
trays/6399/specimens/agamotto-idt1-beta30_1310/back.jpg,agamotto-idt1-beta30_1310,back,7,aedes,Aedes_koreicus,female,Train
trays/3587/specimens/42992/front.jpg,42992,front,28,culex,Culex_restuans,female,Train
trays/3324/specimens/39829/front.jpg,39829,front,14,aedes,Aedes_vexans,female,Valid
trays/3422/specimens/41008/front.jpg,41008,front,14,aedes,Aedes_vexans,female,Train
trays/3034/specimens/36383/front.jpg,36383,front,3,aedes,Aedes_canadensis,female,Train
trays/2210/specimens/26510/front.jpg,26510,front,17,anopheles,Anopheles_freeborni,female,Train
trays/4988/specimens/4988_0/front.jpg,4988_0,front,26,culex,Culex_orientalis,female,Valid
trays/3853/specimens/46173/back.jpg,46173,back,29,culex,Culex_salinarius,female,Valid
trays/3397/specimens/40710/back.jpg,40710,back,18,anopheles,Anopheles_funestus_fumoz,female,Train
trays/20506/specimens/agamotto-idt1-beta66_16031/back.jpg,agamotto-idt1-beta66_16031,back,1,aedes,Aedes_albopictus,female,Train
trays/6781/specimens/agamotto-idt1-beta15_1190/back.jpg,agamotto-idt1-beta15_1190,back,19,anopheles,Anopheles_arabiensis,female,Train
trays/3281/specimens/39316/front.jpg,39316,front,11,aedes,Aedes_sierrensis,male,Train
trays/524/specimens/6278/back.jpg,6278,back,21,anopheles,Anopheles_punctipennis,female,Train
trays/6126/specimens/agamotto-idt1-beta03_108/back.jpg,agamotto-idt1-beta03_108,back,11,aedes,Aedes_sierrensis,female,Train
trays/7125/specimens/agamotto-idt1-beta15_2773/front.jpg,agamotto-idt1-beta15_2773,front,9,aedes,Aedes_mcintoshi,female,Valid
trays/515/specimens/6169/front.jpg,6169,front,12,aedes,Aedes_taeniorhynchus,female,Valid
trays/21403/specimens/agamotto-idt1-beta42_3138/back.jpg,agamotto-idt1-beta42_3138,back,0,aedes,Aedes_aegypti,female,Train
trays/23721/specimens/agamotto-idt1-beta66_22394/front.jpg,agamotto-idt1-beta66_22394,front,6,aedes,Aedes_japonicus,male,Train
trays/4688/specimens/4688_3/front.jpg,4688_3,front,19,anopheles,Anopheles_gambiae_s.l,female,Train
trays/17465/specimens/agamotto-idt1-beta66_11957/front.jpg,agamotto-idt1-beta66_11957,front,6,aedes,Aedes_japonicus,female,Valid
trays/8162/specimens/agamotto-idt1-beta24_539/front.jpg,agamotto-idt1-beta24_539,front,4,aedes,Aedes_communis,male,Train
trays/530/specimens/6354/back.jpg,6354,back,6,aedes,Aedes_japonicus,female,Train
trays/2419/specimens/29012/front.jpg,29012,front,17,anopheles,Anopheles_freeborni,female,Valid
trays/3056/specimens/36640/front.jpg,36640,front,23,anopheles,Anopheles_stephensi,male,Train
trays/2921/specimens/35038/front.jpg,35038,front,5,aedes,Aedes_dorsalis,female,Valid
trays/7296/specimens/agamotto-idt1-beta30_3593/back.jpg,agamotto-idt1-beta30_3593,back,26,culex,Culex_orientalis,female,Valid
trays/533/specimens/6394/front.jpg,6394,front,6,aedes,Aedes_japonicus,female,Valid
trays/5720/specimens/5720_4/back.jpg,5720_4,back,8,aedes,Aedes_lineatopennis,female,Valid
trays/5914/specimens/5914_5/back.jpg,5914_5,back,31,culex,Culex_tritaeniorhynchus,female,Valid
trays/6765/specimens/agamotto-idt1-beta15_1003/back.jpg,agamotto-idt1-beta15_1003,back,19,anopheles,Anopheles_arabiensis,male,Valid
trays/7273/specimens/agamotto-idt1-beta30_3318/front.jpg,agamotto-idt1-beta30_3318,front,26,culex,Culex_orientalis,female,Train
trays/3761/specimens/45073/front.jpg,45073,front,13,aedes,Aedes_triseriatus,female,Train
trays/10214/specimens/agamotto-idt1-beta66_92/front.jpg,agamotto-idt1-beta66_92,front,1,aedes,Aedes_albopictus,female,Train
trays/3052/specimens/36591/front.jpg,36591,front,23,anopheles,Anopheles_stephensi,female,Train
trays/575/specimens/6899/back.jpg,6899,back,3,aedes,Aedes_canadensis,female,Train
trays/6126/specimens/agamotto-idt1-beta03_102/back.jpg,agamotto-idt1-beta03_102,back,11,aedes,Aedes_sierrensis,female,Train
trays/3587/specimens/42990/back.jpg,42990,back,28,culex,Culex_restuans,female,Train
trays/4744/specimens/4744_3/back.jpg,4744_3,back,20,anopheles,Anopheles_pharoensis,female,Valid
trays/4335/specimens/4335_0/back.jpg,4335_0,back,21,anopheles,Anopheles_punctipennis,female,Valid
trays/4251/specimens/50919/front.jpg,50919,front,16,anopheles,Anopheles_crucians_sl,female,Train
trays/3873/specimens/46410/front.jpg,46410,front,21,anopheles,Anopheles_punctipennis,female,Valid
trays/21514/specimens/agamotto-idt1-beta66_16400/back.jpg,agamotto-idt1-beta66_16400,back,1,aedes,Aedes_albopictus,female,Train
trays/6394/specimens/agamotto-idt1-beta30_1259/front.jpg,agamotto-idt1-beta30_1259,front,7,aedes,Aedes_koreicus,female,Train
trays/3432/specimens/41125/back.jpg,41125,back,19,anopheles,Anopheles_gambiae_cdcg3,female,Valid
trays/5437/specimens/5437_4/back.jpg,5437_4,back,11,aedes,Aedes_sierrensis,female,Valid
trays/3231/specimens/38715/back.jpg,38715,back,30,culex,Culex_tarsalis,female,Train
trays/17573/specimens/agamotto-idt1-beta66_12914/front.jpg,agamotto-idt1-beta66_12914,front,1,aedes,Aedes_albopictus,female,Train
trays/409/specimens/4897/front.jpg,4897,front,10,aedes,Aedes_melanimon,female,Valid
trays/414/specimens/4964/back.jpg,4964,back,10,aedes,Aedes_melanimon,female,Train
trays/556/specimens/6670/back.jpg,6670,back,25,culex,Culex_nigripalpus,female,Valid
trays/523/specimens/6275/front.jpg,6275,front,12,aedes,Aedes_taeniorhynchus,female,Valid
trays/5857/specimens/5857_6/front.jpg,5857_6,front,24,culex,Culex_bitaeniorhynchus,female,Train
trays/10909/specimens/agamotto-idt1-beta66_3184/front.jpg,agamotto-idt1-beta66_3184,front,1,aedes,Aedes_albopictus,female,Valid
trays/7126/specimens/agamotto-idt1-beta15_2793/front.jpg,agamotto-idt1-beta15_2793,front,9,aedes,Aedes_mcintoshi,female,Valid
trays/3052/specimens/36594/front.jpg,36594,front,23,anopheles,Anopheles_stephensi,female,Train
trays/2968/specimens/35588/front.jpg,35588,front,0,aedes,Aedes_aegypti,female,Train
trays/2702/specimens/32407/back.jpg,32407,back,22,anopheles,Anopheles_quadrimaculatus_sl,female,Valid
trays/3113/specimens/37317/back.jpg,37317,back,19,anopheles,Anopheles_gambiae_cdc-g3,female,Train
trays/1182/specimens/14179/back.jpg,14179,back,12,aedes,Aedes_taeniorhynchus,female,Valid
trays/5723/specimens/5723_0/front.jpg,5723_0,front,8,aedes,Aedes_lineatopennis,female,Valid
trays/22105/specimens/agamotto-idt1-beta42_3399/back.jpg,agamotto-idt1-beta42_3399,back,0,aedes,Aedes_aegypti,female,Valid
trays/10823/specimens/agamotto-idt1-beta41_1326/front.jpg,agamotto-idt1-beta41_1326,front,11,aedes,Aedes_sierrensis,female,Valid
trays/3436/specimens/41178/front.jpg,41178,front,19,anopheles,Anopheles_gambiae_cdcg3,female,Valid
trays/531/specimens/6368/front.jpg,6368,front,6,aedes,Aedes_japonicus,female,Train
trays/1226/specimens/14711/front.jpg,14711,front,10,aedes,Aedes_melanimon,female,Valid
trays/7124/specimens/agamotto-idt1-beta15_2771/front.jpg,agamotto-idt1-beta15_2771,front,9,aedes,Aedes_mcintoshi,female,Valid
trays/1203/specimens/14426/back.jpg,14426,back,10,aedes,Aedes_melanimon,female,Valid
trays/7794/specimens/agamotto-idt1-beta30_7380/back.jpg,agamotto-idt1-beta30_7380,back,7,aedes,Aedes_koreicus,male,Train
trays/2153/specimens/25831/front.jpg,25831,front,16,anopheles,Anopheles_crucians_sl,male,Valid
trays/8199/specimens/agamotto-idt1-beta24_640/front.jpg,agamotto-idt1-beta24_640,front,4,aedes,Aedes_communis,female,Train
trays/6768/specimens/agamotto-idt1-beta15_1041/back.jpg,agamotto-idt1-beta15_1041,back,19,anopheles,Anopheles_arabiensis,female,Train
trays/11178/specimens/agamotto-idt1-beta28_3033/front.jpg,agamotto-idt1-beta28_3033,front,17,anopheles,Anopheles_freeborni,male,Train
trays/557/specimens/6675/front.jpg,6675,front,25,culex,Culex_nigripalpus,female,Train
trays/3449/specimens/41334/back.jpg,41334,back,23,anopheles,Anopheles_stephensi_nijmegen,male,Train
trays/6392/specimens/agamotto-idt1-beta30_1226/front.jpg,agamotto-idt1-beta30_1226,front,7,aedes,Aedes_koreicus,female,Train
trays/409/specimens/4908/back.jpg,4908,back,10,aedes,Aedes_melanimon,female,Valid
trays/3031/specimens/36348/back.jpg,36348,back,3,aedes,Aedes_canadensis,female,Train
trays/6781/specimens/agamotto-idt1-beta15_1197/front.jpg,agamotto-idt1-beta15_1197,front,19,anopheles,Anopheles_arabiensis,female,Valid
trays/3433/specimens/41145/front.jpg,41145,front,19,anopheles,Anopheles_gambiae_cdcg3,female,Valid
trays/573/specimens/6875/front.jpg,6875,front,13,aedes,Aedes_triseriatus,female,Valid
trays/2861/specimens/34318/front.jpg,34318,front,5,aedes,Aedes_dorsalis,female,Train
trays/1257/specimens/15077/front.jpg,15077,front,2,aedes,Aedes_atlanticus,female,Valid
trays/4502/specimens/4502_11/front.jpg,4502_11,front,27,culex,Culex_quinquefasciatus,male,Valid
trays/4191/specimens/50200/back.jpg,50200,back,18,anopheles,Anopheles_funestus,female,Valid
trays/15773/specimens/agamotto-idt1-beta22_4885/front.jpg,agamotto-idt1-beta22_4885,front,0,aedes,Aedes_aegypti,male,Valid
trays/681/specimens/8161/front.jpg,8161,front,29,culex,Culex_salinarius,female,Train
trays/3792/specimens/45445/front.jpg,45445,front,3,aedes,Aedes_canadensis,female,Train
trays/1182/specimens/14173/back.jpg,14173,back,12,aedes,Aedes_taeniorhynchus,female,Valid
trays/525/specimens/6290/back.jpg,6290,back,21,anopheles,Anopheles_punctipennis,female,Valid
trays/11124/specimens/agamotto-idt1-beta66_3943/front.jpg,agamotto-idt1-beta66_3943,front,27,culex,Culex_pipiens_sl,female,Valid
trays/11178/specimens/agamotto-idt1-beta28_3032/back.jpg,agamotto-idt1-beta28_3032,back,17,anopheles,Anopheles_freeborni,female,Train
trays/1256/specimens/15066/back.jpg,15066,back,2,aedes,Aedes_atlanticus,female,Train
trays/26005/specimens/agamotto-idt1-beta13_483/back.jpg,agamotto-idt1-beta13_483,back,0,aedes,Aedes_aegypti,male,Valid
trays/507/specimens/6080/back.jpg,6080,back,5,aedes,Aedes_dorsalis,female,Valid
trays/1163/specimens/13956/back.jpg,13956,back,16,anopheles,Anopheles_crucians,female,Train
trays/3157/specimens/37840/back.jpg,37840,back,10,aedes,Aedes_melanimon,female,Valid
trays/8164/specimens/agamotto-idt1-beta24_563/back.jpg,agamotto-idt1-beta24_563,back,4,aedes,Aedes_communis,male,Valid
trays/7832/specimens/agamotto-idt1-beta03_462/front.jpg,agamotto-idt1-beta03_462,front,11,aedes,Aedes_sierrensis,female,Train
trays/3624/specimens/43434/front.jpg,43434,front,25,culex,Culex_nigripalpus,female,Valid
trays/16991/specimens/agamotto-idt1-beta42_1404/back.jpg,agamotto-idt1-beta42_1404,back,0,aedes,Aedes_aegypti,male,Train
trays/5857/specimens/5857_1/back.jpg,5857_1,back,24,culex,Culex_bitaeniorhynchus,female,Valid
trays/5726/specimens/5726_10/front.jpg,5726_10,front,8,aedes,Aedes_lineatopennis,female,Valid
trays/10778/specimens/agamotto-idt1-beta41_1284/back.jpg,agamotto-idt1-beta41_1284,back,11,aedes,Aedes_sierrensis,male,Train
trays/507/specimens/6084/back.jpg,6084,back,5,aedes,Aedes_dorsalis,female,Valid
trays/1186/specimens/14224/front.jpg,14224,front,25,culex,Culex_nigripalpus,female,Valid
trays/531/specimens/6363/front.jpg,6363,front,6,aedes,Aedes_japonicus,female,Train
trays/1181/specimens/14163/back.jpg,14163,back,12,aedes,Aedes_taeniorhynchus,female,Train
trays/3236/specimens/38783/front.jpg,38783,front,30,culex,Culex_tarsalis,female,Train
trays/3235/specimens/38771/back.jpg,38771,back,30,culex,Culex_tarsalis,female,Train
trays/2960/specimens/35495/front.jpg,35495,front,14,aedes,Aedes_vexans,female,Valid
trays/22725/specimens/agamotto-idt1-beta66_19691/back.jpg,agamotto-idt1-beta66_19691,back,1,aedes,Aedes_albopictus,,Valid
trays/1411/specimens/16923/front.jpg,16923,front,12,aedes,Aedes_taeniorhynchus,female,Valid
trays/1192/specimens/14293/back.jpg,14293,back,25,culex,Culex_nigripalpus,female,Train
trays/3395/specimens/40690/back.jpg,40690,back,18,anopheles,Anopheles_funestus_fumoz,female,Valid
trays/8067/specimens/agamotto-idt1-beta24_415/back.jpg,agamotto-idt1-beta24_415,back,4,aedes,Aedes_communis,male,Train
trays/8163/specimens/agamotto-idt1-beta24_541/front.jpg,agamotto-idt1-beta24_541,front,4,aedes,Aedes_communis,male,Valid
trays/16235/specimens/agamotto-idt1-beta42_1143/back.jpg,agamotto-idt1-beta42_1143,back,0,aedes,Aedes_aegypti,female,Valid
trays/5860/specimens/5860_4/back.jpg,5860_4,back,24,culex,Culex_bitaeniorhynchus,female,Valid
trays/3441/specimens/41240/front.jpg,41240,front,23,anopheles,Anopheles_stephensi_nijmegen,female,Train
trays/4223/specimens/50582/back.jpg,50582,back,13,aedes,Aedes_triseriatus,female,Valid
trays/4252/specimens/50931/back.jpg,50931,back,21,anopheles,Anopheles_punctipennis,female,Train
trays/6422/specimens/agamotto-idt1-beta30_1588/back.jpg,agamotto-idt1-beta30_1588,back,7,aedes,Aedes_koreicus,female,Valid
trays/3806/specimens/45622/back.jpg,45622,back,21,anopheles,Anopheles_punctipennis,female,Valid
trays/388/specimens/4655/back.jpg,4655,back,30,culex,Culex_tarsalis,female,Train
trays/504/specimens/6048/back.jpg,6048,back,5,aedes,Aedes_dorsalis,female,Valid
trays/3782/specimens/45326/back.jpg,45326,back,22,anopheles,Anopheles_quadrimaculatus,female,Valid
trays/4783/specimens/4783_2/front.jpg,4783_2,front,27,culex,Culex_pipiens_sl,female,Valid
trays/23068/specimens/agamotto-idt1-beta66_20706/front.jpg,agamotto-idt1-beta66_20706,front,1,aedes,Aedes_albopictus,female,Valid
trays/5857/specimens/5857_8/back.jpg,5857_8,back,24,culex,Culex_bitaeniorhynchus,female,Valid
trays/7297/specimens/agamotto-idt1-beta30_3608/back.jpg,agamotto-idt1-beta30_3608,back,26,culex,Culex_orientalis,female,Train
trays/8067/specimens/agamotto-idt1-beta24_412/front.jpg,agamotto-idt1-beta24_412,front,4,aedes,Aedes_communis,male,Valid
trays/3237/specimens/38789/front.jpg,38789,front,30,culex,Culex_tarsalis,female,Train
trays/5903/specimens/5903_3/back.jpg,5903_3,back,31,culex,Culex_tritaeniorhynchus,female,Train
trays/5080/specimens/5080_1/front.jpg,5080_1,front,9,aedes,Aedes_mcintoshi,female,Train
trays/5723/specimens/5723_10/back.jpg,5723_10,back,8,aedes,Aedes_lineatopennis,female,Train
trays/1096/specimens/13149/back.jpg,13149,back,10,aedes,Aedes_melanimon,female,Train
trays/5906/specimens/5906_11/front.jpg,5906_11,front,31,culex,Culex_tritaeniorhynchus,female,Valid
trays/9140/specimens/agamotto-idt1-beta28_1284/front.jpg,agamotto-idt1-beta28_1284,front,1,aedes,Aedes_albopictus,female,Train
trays/562/specimens/6739/front.jpg,6739,front,0,aedes,Aedes_aegypti,male,Valid
trays/5729/specimens/5729_4/back.jpg,5729_4,back,8,aedes,Aedes_lineatopennis,female,Train
trays/2960/specimens/35495/back.jpg,35495,back,14,aedes,Aedes_vexans,female,Valid
trays/3494/specimens/41872/back.jpg,41872,back,27,culex,Culex_quinqufasciatus_bamako,female,Valid
trays/2210/specimens/26511/back.jpg,26511,back,17,anopheles,Anopheles_freeborni,female,Valid
trays/3230/specimens/38706/back.jpg,38706,back,30,culex,Culex_tarsalis,female,Valid
trays/10440/specimens/agamotto-idt1-beta49_859/back.jpg,agamotto-idt1-beta49_859,back,6,aedes,Aedes_japonicus,female,Train
trays/7283/specimens/agamotto-idt1-beta30_3442/back.jpg,agamotto-idt1-beta30_3442,back,26,culex,Culex_orientalis,female,Valid
trays/3400/specimens/40746/back.jpg,40746,back,18,anopheles,Anopheles_funestus_fumoz,male,Valid
trays/15773/specimens/agamotto-idt1-beta22_4892/front.jpg,agamotto-idt1-beta22_4892,front,0,aedes,Aedes_aegypti,male,Valid
trays/2800/specimens/33583/back.jpg,33583,back,5,aedes,Aedes_dorsalis,female,Valid
trays/10687/specimens/agamotto-idt1-beta24_2419/front.jpg,agamotto-idt1-beta24_2419,front,29,culex,Culex_salinarius,female,Train
trays/20029/specimens/agamotto-idt1-beta40_14392/front.jpg,agamotto-idt1-beta40_14392,front,2,aedes,Aedes_atlanticus,,Valid
trays/576/specimens/6904/back.jpg,6904,back,3,aedes,Aedes_canadensis,female,Train
trays/5851/specimens/5851_4/back.jpg,5851_4,back,24,culex,Culex_bitaeniorhynchus,female,Valid
trays/3052/specimens/36589/front.jpg,36589,front,23,anopheles,Anopheles_stephensi,female,Valid
trays/15640/specimens/agamotto-idt1-beta02_1655/back.jpg,agamotto-idt1-beta02_1655,back,13,aedes,Aedes_triseriatus,female,Valid
trays/5860/specimens/5860_11/front.jpg,5860_11,front,24,culex,Culex_bitaeniorhynchus,female,Train
trays/7290/specimens/agamotto-idt1-beta30_3525/back.jpg,agamotto-idt1-beta30_3525,back,26,culex,Culex_orientalis,female,Valid
trays/5722/specimens/5722_5/back.jpg,5722_5,back,8,aedes,Aedes_lineatopennis,female,Valid
trays/3805/specimens/45612/front.jpg,45612,front,21,anopheles,Anopheles_punctipennis,female,Train
trays/5901/specimens/5901_1/front.jpg,5901_1,front,24,culex,Culex_bitaeniorhynchus,female,Train
trays/1203/specimens/14429/back.jpg,14429,back,10,aedes,Aedes_melanimon,female,Train
trays/1341/specimens/16086/back.jpg,16086,back,30,culex,Culex_tarsalis,female,Train
trays/3671/specimens/43995/back.jpg,43995,back,1,aedes,Aedes_albopictus,male,Train
trays/5730/specimens/5730_5/front.jpg,5730_5,front,8,aedes,Aedes_lineatopennis,female,Valid
trays/5902/specimens/5902_10/front.jpg,5902_10,front,31,culex,Culex_tritaeniorhynchus,female,Train
trays/1466/specimens/17589/front.jpg,17589,front,25,culex,Culex_nigripalpus,female,Train
trays/3782/specimens/45329/back.jpg,45329,back,22,anopheles,Anopheles_quadrimaculatus,female,Train
trays/3032/specimens/36357/front.jpg,36357,front,3,aedes,Aedes_canadensis,female,Train
trays/4170/specimens/49947/back.jpg,49947,back,18,anopheles,Anopheles_funestus_s.l,female,Train
trays/4121/specimens/49381/front.jpg,49381,front,22,anopheles,Anopheles_quadrimaculatus,female,Valid
trays/11329/specimens/agamotto-idt1-beta66_4390/front.jpg,agamotto-idt1-beta66_4390,front,28,culex,Culex_restuans,female,Valid
trays/414/specimens/4965/front.jpg,4965,front,10,aedes,Aedes_melanimon,female,Train
trays/5728/specimens/5728_7/front.jpg,5728_7,front,8,aedes,Aedes_lineatopennis,female,Valid
trays/4353/specimens/4353_3/back.jpg,4353_3,back,20,anopheles,Anopheles_pharoensis,female,Train
trays/8231/specimens/agamotto-idt1-beta24_684/front.jpg,agamotto-idt1-beta24_684,front,4,aedes,Aedes_communis,female,Train
trays/3961/specimens/47467/back.jpg,47467,back,15,anopheles,Anopheles_coustani,female,Valid
trays/14176/specimens/agamotto-idt1-beta84_134/back.jpg,agamotto-idt1-beta84_134,back,1,aedes,Aedes_albopictus,,Train
trays/3669/specimens/43971/back.jpg,43971,back,1,aedes,Aedes_albopictus,female,Train
trays/6406/specimens/agamotto-idt1-beta30_1396/front.jpg,agamotto-idt1-beta30_1396,front,7,aedes,Aedes_koreicus,female,Train
trays/6125/specimens/agamotto-idt1-beta03_90/back.jpg,agamotto-idt1-beta03_90,back,11,aedes,Aedes_sierrensis,female,Train
trays/5722/specimens/5722_1/back.jpg,5722_1,back,8,aedes,Aedes_lineatopennis,female,Valid
trays/4947/specimens/4947_6/front.jpg,4947_6,front,31,culicidae,culex,0,Valid
trays/5721/specimens/5721_11/back.jpg,5721_11,back,8,aedes,Aedes_lineatopennis,female,Train
trays/5076/specimens/5076_0/front.jpg,5076_0,front,9,aedes,Aedes_mcintoshi,female,Train
trays/4203/specimens/50348/front.jpg,50348,front,28,culex,Culex_restuans,male,Valid
trays/6435/specimens/agamotto-idt1-beta30_1749/back.jpg,agamotto-idt1-beta30_1749,back,7,aedes,Aedes_koreicus,female,Train
trays/3574/specimens/42836/front.jpg,42836,front,13,aedes,Aedes_triseriatus,male,Valid
trays/4329/specimens/4329_11/back.jpg,4329_11,back,18,anopheles,Anopheles_funestus,male,Valid
trays/3769/specimens/45174/back.jpg,45174,back,16,anopheles,Anopheles_crucians_sl,female,Valid
trays/1458/specimens/17485/back.jpg,17485,back,12,aedes,Aedes_taeniorhynchus,female,Train
trays/3669/specimens/43977/back.jpg,43977,back,1,aedes,Aedes_albopictus,female,Valid
trays/4725/specimens/4725_4/front.jpg,4725_4,front,15,anopheles,Anopheles_coustani_s.l,female,Valid
trays/1190/specimens/14274/back.jpg,14274,back,25,culex,Culex_nigripalpus,female,Train
trays/3786/specimens/45381/front.jpg,45381,front,22,anopheles,Anopheles_quadrimaculatus,female,Valid
trays/404/specimens/4847/front.jpg,4847,front,17,anopheles,Anopheles_freeborni,female,Train
trays/2974/specimens/35663/front.jpg,35663,front,14,aedes,Aedes_vexans,female,Valid
trays/676/specimens/8107/back.jpg,8107,back,29,culex,Culex_salinarius,female,Valid
trays/550/specimens/6590/front.jpg,6590,front,25,culex,Culex_nigripalpus,male,Valid
trays/4613/specimens/4613_4/back.jpg,4613_4,back,15,anopheles,Anopheles_coustani_s.l,female,Train
trays/526/specimens/6309/front.jpg,6309,front,21,anopheles,Anopheles_punctipennis,female,Train
trays/4193/specimens/50227/front.jpg,50227,front,15,anopheles,Anopheles_coustani,female,Valid
trays/24012/specimens/agamotto-idt1-testdev02_4334/back.jpg,agamotto-idt1-testdev02_4334,back,1,aedes,Aedes_albopictus,,Valid
trays/725/specimens/8700/front.jpg,8700,front,30,culex,Culex_tarsalis,female,Valid
trays/3282/specimens/39336/front.jpg,39336,front,11,aedes,Aedes_sierrensis,male,Valid
trays/3805/specimens/45602/back.jpg,45602,back,21,anopheles,Anopheles_punctipennis,female,Train
trays/560/specimens/6713/back.jpg,6713,back,0,aedes,Aedes_aegypti,female,Train
trays/2705/specimens/32444/front.jpg,32444,front,22,anopheles,Anopheles_quadrimaculatus_sl,female,Train
trays/1184/specimens/14206/front.jpg,14206,front,12,aedes,Aedes_taeniorhynchus,female,Train
trays/7290/specimens/agamotto-idt1-beta30_3526/back.jpg,agamotto-idt1-beta30_3526,back,26,culex,Culex_orientalis,female,Train
trays/4532/specimens/4532_9/front.jpg,4532_9,front,21,anopheles,Anopheles_punctipennis,female,Valid
trays/15944/specimens/agamotto-idt1-beta42_1022/back.jpg,agamotto-idt1-beta42_1022,back,0,aedes,Aedes_aegypti,female,Valid
trays/557/specimens/6682/back.jpg,6682,back,25,culex,Culex_nigripalpus,female,Valid
trays/4496/specimens/4496_9/back.jpg,4496_9,back,27,culex,Culex_quinquefasciatus,female,Valid
trays/4331/specimens/4331_11/front.jpg,4331_11,front,18,anopheles,Anopheles_funestus,female,Valid
trays/5730/specimens/5730_5/back.jpg,5730_5,back,8,aedes,Aedes_lineatopennis,female,Valid
trays/4251/specimens/50918/back.jpg,50918,back,16,anopheles,Anopheles_crucians_sl,female,Train
trays/4252/specimens/50933/front.jpg,50933,front,21,anopheles,Anopheles_punctipennis,female,Train
trays/5723/specimens/5723_3/back.jpg,5723_3,back,8,aedes,Aedes_lineatopennis,female,Valid
trays/3782/specimens/45336/front.jpg,45336,front,22,anopheles,Anopheles_quadrimaculatus,female,Valid
trays/3273/specimens/39228/front.jpg,39228,front,27,culex,Culex_pipiens_sl,female,Train
trays/3580/specimens/42908/back.jpg,42908,back,28,culex,Culex_restuans,male,Train
trays/6447/specimens/agamotto-idt1-beta30_1894/front.jpg,agamotto-idt1-beta30_1894,front,7,aedes,Aedes_koreicus,female,Train
trays/3600/specimens/43145/back.jpg,43145,back,30,culex,Culex_tarsalis,female,Valid
trays/3677/specimens/44072/front.jpg,44072,front,1,aedes,Aedes_albopictus,female,Train
trays/3027/specimens/36290/front.jpg,36290,front,3,aedes,Aedes_canadensis,female,Train
trays/4251/specimens/50920/front.jpg,50920,front,16,anopheles,Anopheles_crucians_sl,female,Train
trays/5897/specimens/5897_6/front.jpg,5897_6,front,31,culex,Culex_tritaeniorhynchus,female,Train
trays/547/specimens/6553/back.jpg,6553,back,5,aedes,Aedes_dorsalis,female,Valid
trays/5900/specimens/5900_11/back.jpg,5900_11,back,31,culex,Culex_tritaeniorhynchus,female,Train
trays/9240/specimens/agamotto-idt1-beta28_1344/back.jpg,agamotto-idt1-beta28_1344,back,1,aedes,Aedes_albopictus,female,Train
trays/4613/specimens/4613_6/front.jpg,4613_6,front,9,aedes,Aedes_mcintoshi,female,Valid
trays/3430/specimens/41107/front.jpg,41107,front,19,anopheles,Anopheles_gambiae_cdcg3,female,Train
trays/2154/specimens/25848/back.jpg,25848,back,22,anopheles,Anopheles_quadrimaculatus,male,Train
trays/480/specimens/5753/back.jpg,5753,back,29,culex,Culex_salinarius,female,Train
trays/3398/specimens/40719/front.jpg,40719,front,18,anopheles,Anopheles_funestus_fumoz,male,Train
trays/4252/specimens/50932/front.jpg,50932,front,21,anopheles,Anopheles_punctipennis,male,Valid
trays/4331/specimens/4331_11/back.jpg,4331_11,back,18,anopheles,Anopheles_funestus,female,Valid
trays/5727/specimens/5727_4/back.jpg,5727_4,back,8,aedes,Aedes_lineatopennis,female,Train
trays/9344/specimens/agamotto-idt1-beta15_4501/front.jpg,agamotto-idt1-beta15_4501,front,15,anopheles,Anopheles_coustani_s.l,female,Valid
trays/1132/specimens/13583/back.jpg,13583,back,1,aedes,Aedes_albopictus,female,Train
trays/3805/specimens/45608/back.jpg,45608,back,21,anopheles,Anopheles_punctipennis,female,Valid
trays/1222/specimens/14659/front.jpg,14659,front,10,aedes,Aedes_melanimon,female,Valid
trays/3230/specimens/38704/back.jpg,38704,back,30,culex,Culex_tarsalis,female,Valid
trays/3674/specimens/44036/back.jpg,44036,back,1,aedes,Aedes_albopictus,female,Train
trays/3268/specimens/39163/back.jpg,39163,back,27,culex,Culex_pipiens_sl,female,Train
trays/1091/specimens/13092/back.jpg,13092,back,17,anopheles,Anopheles_freeborni,female,Train
trays/3771/specimens/45197/back.jpg,45197,back,6,aedes,Aedes_japonicus,female,Valid
trays/1335/specimens/16011/front.jpg,16011,front,10,aedes,Aedes_melanimon,female,Valid
trays/679/specimens/8142/front.jpg,8142,front,29,culex,Culex_salinarius,female,Train
trays/3447/specimens/41316/back.jpg,41316,back,23,anopheles,Anopheles_stephensi_nijmegen,female,Valid
trays/2863/specimens/34335/front.jpg,34335,front,5,aedes,Aedes_dorsalis,female,Valid
trays/4356/specimens/4356_7/back.jpg,4356_7,back,15,anopheles,Anopheles_coustani,female,Train
trays/14778/specimens/agamotto-idt1-beta28_4356/front.jpg,agamotto-idt1-beta28_4356,front,31,culex,Culex_tritaeniorhynchus,female,Valid
trays/7101/specimens/agamotto-idt1-beta15_2486/back.jpg,agamotto-idt1-beta15_2486,back,15,anopheles,Anopheles_coustani_s.l,female,Test
trays/3031/specimens/36346/back.jpg,36346,back,3,aedes,Aedes_canadensis,female,Valid
trays/2885/specimens/34606/back.jpg,34606,back,14,aedes,Aedes_vexans,female,Train
trays/4696/specimens/4696_0/front.jpg,4696_0,front,20,anopheles,Anopheles_pharoensis,female,Train
trays/1852/specimens/22216/front.jpg,22216,front,25,culex,Culex_nigripalpus,female,Valid
trays/3266/specimens/39136/back.jpg,39136,back,27,culex,Culex_pipiens_sl,female,Valid
trays/4741/specimens/4741_7/front.jpg,4741_7,front,15,anopheles,Anopheles_coustani_s.l,female,Train
trays/2703/specimens/32420/back.jpg,32420,back,22,anopheles,Anopheles_quadrimaculatus_sl,female,Valid
trays/530/specimens/6349/front.jpg,6349,front,6,aedes,Aedes_japonicus,female,Train
trays/2417/specimens/28990/back.jpg,28990,back,17,anopheles,Anopheles_freeborni,female,Valid
trays/6410/specimens/agamotto-idt1-beta30_1443/front.jpg,agamotto-idt1-beta30_1443,front,7,aedes,Aedes_koreicus,female,Train
trays/3784/specimens/45349/front.jpg,45349,front,22,anopheles,Anopheles_quadrimaculatus,female,Train
trays/1257/specimens/15079/front.jpg,15079,front,2,aedes,Aedes_atlanticus,female,Valid
trays/477/specimens/5722/back.jpg,5722,back,12,aedes,Aedes_taeniorhynchus,female,Train
trays/5724/specimens/5724_11/back.jpg,5724_11,back,8,aedes,Aedes_lineatopennis,female,Train
trays/23950/specimens/agamotto-idt1-beta41_3691/front.jpg,agamotto-idt1-beta41_3691,front,0,aedes,Aedes_aegypti,female,Valid
trays/5851/specimens/5851_4/front.jpg,5851_4,front,24,culex,Culex_bitaeniorhynchus,female,Valid
trays/7296/specimens/agamotto-idt1-beta30_3594/back.jpg,agamotto-idt1-beta30_3594,back,26,culex,Culex_orientalis,female,Valid
trays/4335/specimens/4335_0/front.jpg,4335_0,front,21,anopheles,Anopheles_punctipennis,female,Valid
trays/6390/specimens/agamotto-idt1-beta30_1201/front.jpg,agamotto-idt1-beta30_1201,front,7,aedes,Aedes_koreicus,female,Valid
trays/26078/specimens/agamotto-idt1-beta13_872/front.jpg,agamotto-idt1-beta13_872,front,0,aedes,Aedes_aegypti,,Train
trays/7832/specimens/agamotto-idt1-beta03_458/front.jpg,agamotto-idt1-beta03_458,front,11,aedes,Aedes_sierrensis,female,Valid
trays/7284/specimens/agamotto-idt1-beta30_3454/back.jpg,agamotto-idt1-beta30_3454,back,26,culex,Culex_orientalis,female,Train
trays/3771/specimens/45193/front.jpg,45193,front,6,aedes,Aedes_japonicus,female,Valid
trays/3032/specimens/36355/back.jpg,36355,back,3,aedes,Aedes_canadensis,female,Train
trays/6779/specimens/agamotto-idt1-beta15_1174/front.jpg,agamotto-idt1-beta15_1174,front,19,anopheles,Anopheles_arabiensis,female,Train
trays/4708/specimens/4708_11/front.jpg,4708_11,front,20,anopheles,Anopheles_pharoensis,female,Train
trays/6117/specimens/agamotto-idt1-beta03_13/back.jpg,agamotto-idt1-beta03_13,back,11,aedes,Aedes_sierrensis,male,Valid
trays/1185/specimens/14212/back.jpg,14212,back,12,aedes,Aedes_taeniorhynchus,female,Train
trays/24437/specimens/agamotto-idt1-beta02_6042/back.jpg,agamotto-idt1-beta02_6042,back,1,aedes,Aedes_albopictus,female,Train
trays/6129/specimens/agamotto-idt1-beta03_137/front.jpg,agamotto-idt1-beta03_137,front,11,aedes,Aedes_sierrensis,female,Train
trays/4168/specimens/49929/front.jpg,49929,front,18,anopheles,Anopheles_funestus_s.l,female,Train
trays/5721/specimens/5721_9/back.jpg,5721_9,back,8,aedes,Aedes_lineatopennis,female,Train
trays/1266/specimens/15186/front.jpg,15186,front,2,aedes,Aedes_atlanticus,female,Valid
trays/1242/specimens/14904/back.jpg,14904,back,10,aedes,Aedes_melanimon,female,Valid
trays/3850/specimens/46129/back.jpg,46129,back,16,anopheles,Anopheles_crucians_sl,female,Train
trays/3396/specimens/40700/back.jpg,40700,back,18,anopheles,Anopheles_funestus_fumoz,female,Valid
trays/4745/specimens/4745_10/front.jpg,4745_10,front,20,anopheles,Anopheles_pharoensis,female,Train
trays/3786/specimens/45378/back.jpg,45378,back,22,anopheles,Anopheles_quadrimaculatus,female,Train
trays/5105/specimens/5105_0/front.jpg,5105_0,front,19,anopheles,Anopheles_gambiae_s.l,female,Train
trays/1161/specimens/13924/back.jpg,13924,back,16,anopheles,Anopheles_crucians,female,Train
trays/3583/specimens/42939/back.jpg,42939,back,28,culex,Culex_restuans,male,Valid
trays/20770/specimens/agamotto-idt1-beta59_269/front.jpg,agamotto-idt1-beta59_269,front,1,aedes,Aedes_albopictus,,Valid
trays/3268/specimens/39165/front.jpg,39165,front,27,culex,Culex_pipiens_sl,female,Train
trays/6114/specimens/agamotto-idt1-beta15_59/back.jpg,agamotto-idt1-beta15_59,back,9,aedes,Aedes_mcintoshi,female,Valid
trays/6273/specimens/agamotto-idt1-beta25_745/back.jpg,agamotto-idt1-beta25_745,back,30,culex,Culex_tarsalis,female,Train
trays/685/specimens/8215/back.jpg,8215,back,29,culex,Culex_salinarius,female,Valid
trays/5634/specimens/5634_1/front.jpg,5634_1,front,9,aedes,Aedes_mcintoshi,female,Valid
trays/4253/specimens/50947/back.jpg,50947,back,22,anopheles,Anopheles_quadrimaculatus,female,Train
trays/4352/specimens/4352_3/front.jpg,4352_3,front,15,anopheles,Anopheles_coustani,female,Valid
trays/2915/specimens/34968/front.jpg,34968,front,14,aedes,Aedes_vexans,female,Train
trays/1185/specimens/14215/back.jpg,14215,back,12,aedes,Aedes_taeniorhynchus,female,Valid
trays/1222/specimens/14663/front.jpg,14663,front,10,aedes,Aedes_melanimon,female,Train
trays/1330/specimens/15953/front.jpg,15953,front,10,aedes,Aedes_melanimon,female,Train
trays/4252/specimens/50934/front.jpg,50934,front,21,anopheles,Anopheles_punctipennis,male,Train
trays/2878/specimens/34513/front.jpg,34513,front,5,aedes,Aedes_dorsalis,female,Train
trays/12870/specimens/agamotto-idt1-beta53_1428/back.jpg,agamotto-idt1-beta53_1428,back,12,aedes,Aedes_taeniorhynchus,female,Valid
trays/16433/specimens/agamotto-idt1-beta84_332/back.jpg,agamotto-idt1-beta84_332,back,1,aedes,Aedes_albopictus,,Train
trays/11124/specimens/agamotto-idt1-beta66_3943/back.jpg,agamotto-idt1-beta66_3943,back,27,culex,Culex_pipiens_sl,female,Valid
trays/3448/specimens/41327/back.jpg,41327,back,23,anopheles,Anopheles_stephensi_nijmegen,male,Train
trays/5727/specimens/5727_10/back.jpg,5727_10,back,8,aedes,Aedes_lineatopennis,female,Valid
trays/6501/specimens/agamotto-idt1-beta30_2136/back.jpg,agamotto-idt1-beta30_2136,back,7,aedes,Aedes_koreicus,female,Valid
trays/5085/specimens/5085_0/front.jpg,5085_0,front,9,aedes,Aedes_mcintoshi,female,Train
trays/2930/specimens/35143/back.jpg,35143,back,14,aedes,Aedes_vexans,female,Valid
trays/5730/specimens/5730_4/front.jpg,5730_4,front,8,aedes,Aedes_lineatopennis,female,Valid
trays/4170/specimens/49950/back.jpg,49950,back,18,anopheles,Anopheles_funestus_s.l,female,Train
trays/7298/specimens/agamotto-idt1-beta30_3621/back.jpg,agamotto-idt1-beta30_3621,back,26,culex,Culex_orientalis,female,Valid
trays/2959/specimens/35478/front.jpg,35478,front,14,aedes,Aedes_vexans,female,Train
trays/5910/specimens/5910_3/front.jpg,5910_3,front,31,culex,Culex_tritaeniorhynchus,female,Train
trays/7285/specimens/agamotto-idt1-beta30_3464/front.jpg,agamotto-idt1-beta30_3464,front,26,culex,Culex_orientalis,female,Train
trays/11058/specimens/agamotto-idt1-beta28_2610/front.jpg,agamotto-idt1-beta28_2610,front,17,anopheles,Anopheles_freeborni,female,Valid
trays/8249/specimens/agamotto-idt1-beta28_412/front.jpg,agamotto-idt1-beta28_412,front,27,culex,Culex_quinquefasciatus,female,Train
trays/6402/specimens/agamotto-idt1-beta30_1353/front.jpg,agamotto-idt1-beta30_1353,front,7,aedes,Aedes_koreicus,female,Valid
trays/8066/specimens/agamotto-idt1-beta24_397/front.jpg,agamotto-idt1-beta24_397,front,4,aedes,Aedes_communis,male,Train
trays/5905/specimens/5905_11/back.jpg,5905_11,back,31,culex,Culex_tritaeniorhynchus,female,Valid
trays/1060/specimens/12710/front.jpg,12710,front,17,anopheles,Anopheles_freeborni,female,Valid
trays/523/specimens/6265/front.jpg,6265,front,12,aedes,Aedes_taeniorhynchus,female,Valid
trays/2434/specimens/29186/back.jpg,29186,back,18,anopheles,Anopheles_funestus_sl,female,Train
trays/4500/specimens/4500_9/front.jpg,4500_9,front,27,culex,Culex_quinquefasciatus,female,Train
trays/2419/specimens/29009/back.jpg,29009,back,17,anopheles,Anopheles_freeborni,female,Valid
trays/2798/specimens/33554/front.jpg,33554,front,5,aedes,Aedes_dorsalis,female,Train
trays/3961/specimens/47467/front.jpg,47467,front,15,anopheles,Anopheles_coustani,female,Valid
trays/8163/specimens/agamotto-idt1-beta24_550/back.jpg,agamotto-idt1-beta24_550,back,4,aedes,Aedes_communis,female,Valid
trays/3230/specimens/38711/back.jpg,38711,back,30,culex,Culex_tarsalis,female,Valid
trays/4251/specimens/50923/front.jpg,50923,front,16,anopheles,Anopheles_crucians_sl,female,Valid
trays/4361/specimens/4361_10/front.jpg,4361_10,front,14,aedes,Aedes_vexans,female,Valid
trays/10775/specimens/agamotto-idt1-beta41_1240/back.jpg,agamotto-idt1-beta41_1240,back,11,aedes,Aedes_sierrensis,female,Valid
trays/7275/specimens/agamotto-idt1-beta30_3346/front.jpg,agamotto-idt1-beta30_3346,front,26,culex,Culex_orientalis,female,Valid
trays/2916/specimens/34976/back.jpg,34976,back,14,aedes,Aedes_vexans,female,Train
trays/3500/specimens/41945/back.jpg,41945,back,27,culex,Culex_quinqufasciatus_bamako,male,Valid
trays/19687/specimens/agamotto-idt1-beta42_1901/back.jpg,agamotto-idt1-beta42_1901,back,0,aedes,Aedes_aegypti,male,Valid
trays/1059/specimens/12704/back.jpg,12704,back,17,anopheles,Anopheles_freeborni,female,Train
trays/3027/specimens/36298/front.jpg,36298,front,3,aedes,Aedes_canadensis,female,Train
trays/2864/specimens/34347/front.jpg,34347,front,5,aedes,Aedes_dorsalis,female,Train
trays/3444/specimens/41280/front.jpg,41280,front,23,anopheles,Anopheles_stephensi_nijmegen,female,Train
trays/6129/specimens/agamotto-idt1-beta03_144/back.jpg,agamotto-idt1-beta03_144,back,11,aedes,Aedes_sierrensis,female,Train
trays/409/specimens/4901/front.jpg,4901,front,10,aedes,Aedes_melanimon,female,Valid
trays/3710/specimens/44472/back.jpg,44472,back,27,culex,Culex_quinquefasciatus_bcs,male,Train
trays/3784/specimens/45350/front.jpg,45350,front,22,anopheles,Anopheles_quadrimaculatus,female,Train
trays/3580/specimens/42909/back.jpg,42909,back,28,culex,Culex_restuans,male,Valid
trays/7942/specimens/agamotto-idt1-beta03_518/front.jpg,agamotto-idt1-beta03_518,front,11,aedes,Aedes_sierrensis,female,Valid
trays/2921/specimens/35033/front.jpg,35033,front,5,aedes,Aedes_dorsalis,female,Train
trays/3449/specimens/41337/back.jpg,41337,back,23,anopheles,Anopheles_stephensi_nijmegen,male,Train
trays/2152/specimens/25824/back.jpg,25824,back,22,anopheles,Anopheles_quadrimaculatus,male,Valid
trays/3770/specimens/45181/front.jpg,45181,front,16,anopheles,Anopheles_crucians_sl,female,Valid
trays/5731/specimens/5731_7/back.jpg,5731_7,back,8,aedes,Aedes_lineatopennis,female,Train
trays/4735/specimens/4735_9/back.jpg,4735_9,back,20,anopheles,Anopheles_pharoensis,female,Valid
trays/7285/specimens/agamotto-idt1-beta30_3468/back.jpg,agamotto-idt1-beta30_3468,back,26,culex,Culex_orientalis,female,Train
trays/543/specimens/6512/front.jpg,6512,front,0,aedes,Aedes_aegypti,female,Valid
trays/8460/specimens/agamotto-idt1-beta24_780/back.jpg,agamotto-idt1-beta24_780,back,3,aedes,Aedes_canadensis,male,Valid
trays/1186/specimens/14230/back.jpg,14230,back,25,culex,Culex_nigripalpus,female,Valid
trays/677/specimens/8116/front.jpg,8116,front,29,culex,Culex_salinarius,female,Valid
trays/3396/specimens/40701/front.jpg,40701,front,18,anopheles,Anopheles_funestus_fumoz,female,Valid
trays/1182/specimens/14183/front.jpg,14183,front,12,aedes,Aedes_taeniorhynchus,female,Valid
trays/2705/specimens/32437/back.jpg,32437,back,22,anopheles,Anopheles_quadrimaculatus_sl,female,Train
trays/1406/specimens/16862/front.jpg,16862,front,28,culex,Culex_restuans,female,Valid
trays/2919/specimens/35013/back.jpg,35013,back,14,aedes,Aedes_vexans,female,Valid
trays/3236/specimens/38776/back.jpg,38776,back,30,culex,Culex_tarsalis,female,Train
trays/1191/specimens/14281/front.jpg,14281,front,25,culex,Culex_nigripalpus,female,Valid
trays/6116/specimens/agamotto-idt1-beta03_9/back.jpg,agamotto-idt1-beta03_9,back,11,aedes,Aedes_sierrensis,male,Train
trays/3030/specimens/36325/front.jpg,36325,front,3,aedes,Aedes_canadensis,female,Train
trays/8161/specimens/agamotto-idt1-beta24_526/back.jpg,agamotto-idt1-beta24_526,back,4,aedes,Aedes_communis,female,Train
trays/3036/specimens/36403/front.jpg,36403,front,16,anopheles,Anopheles_crucians_sl,female,Test
trays/3049/specimens/36558/back.jpg,36558,back,23,anopheles,Anopheles_stephensi,female,Train
trays/7281/specimens/agamotto-idt1-beta30_3414/back.jpg,agamotto-idt1-beta30_3414,back,26,culex,Culex_orientalis,female,Valid
trays/1203/specimens/14435/back.jpg,14435,back,10,aedes,Aedes_melanimon,female,Valid
trays/5860/specimens/5860_1/front.jpg,5860_1,front,24,culex,Culex_bitaeniorhynchus,female,Train
trays/1252/specimens/15017/back.jpg,15017,back,2,aedes,Aedes_atlanticus,female,Valid
trays/2862/specimens/34330/back.jpg,34330,back,5,aedes,Aedes_dorsalis,female,Train
trays/5085/specimens/5085_7/front.jpg,5085_7,front,9,aedes,Aedes_mcintoshi,female,Train
trays/6405/specimens/agamotto-idt1-beta30_1388/back.jpg,agamotto-idt1-beta30_1388,back,7,aedes,Aedes_koreicus,female,Train
trays/6771/specimens/agamotto-idt1-beta15_1075/back.jpg,agamotto-idt1-beta15_1075,back,19,anopheles,Anopheles_arabiensis,male,Train
trays/1262/specimens/15141/front.jpg,15141,front,2,aedes,Aedes_atlanticus,female,Valid
trays/3441/specimens/41239/front.jpg,41239,front,23,anopheles,Anopheles_stephensi_nijmegen,female,Train
trays/23983/specimens/agamotto-idt1-beta41_3736/front.jpg,agamotto-idt1-beta41_3736,front,0,aedes,Aedes_aegypti,male,Train
trays/2924/specimens/35070/front.jpg,35070,front,5,aedes,Aedes_dorsalis,female,Valid
trays/15757/specimens/agamotto-idt1-beta22_4699/front.jpg,agamotto-idt1-beta22_4699,front,0,aedes,Aedes_aegypti,female,Valid
trays/4695/specimens/4695_8/front.jpg,4695_8,front,20,anopheles,Anopheles_pharoensis,female,Valid
trays/5079/specimens/5079_1/front.jpg,5079_1,front,9,aedes,Aedes_mcintoshi,female,Train
trays/551/specimens/6606/back.jpg,6606,back,25,culex,Culex_nigripalpus,female,Valid
trays/4193/specimens/50222/front.jpg,50222,front,15,anopheles,Anopheles_coustani,female,Train
trays/477/specimens/5714/back.jpg,5714,back,12,aedes,Aedes_taeniorhynchus,female,Train
trays/8065/specimens/agamotto-idt1-beta24_389/front.jpg,agamotto-idt1-beta24_389,front,4,aedes,Aedes_communis,male,Train
trays/3034/specimens/36384/front.jpg,36384,front,3,aedes,Aedes_canadensis,female,Valid
trays/6778/specimens/agamotto-idt1-beta15_1159/back.jpg,agamotto-idt1-beta15_1159,back,19,anopheles,Anopheles_arabiensis,male,Valid
trays/5076/specimens/5076_2/front.jpg,5076_2,front,9,aedes,Aedes_mcintoshi,female,Valid
trays/3834/specimens/45960/front.jpg,45960,front,28,culex,Culex_restuans,female,Train
trays/4328/specimens/4328_6/back.jpg,4328_6,back,18,anopheles,Anopheles_funestus,female,Train
trays/2924/specimens/35074/front.jpg,35074,front,5,aedes,Aedes_dorsalis,female,Valid
trays/1187/specimens/14240/back.jpg,14240,back,25,culex,Culex_nigripalpus,female,Valid
trays/3572/specimens/42812/front.jpg,42812,front,16,anopheles,Anopheles_crucians_sl,female,Test
trays/525/specimens/6291/front.jpg,6291,front,21,anopheles,Anopheles_punctipennis,female,Valid
trays/481/specimens/5772/front.jpg,5772,front,29,culex,Culex_salinarius,female,Valid
trays/5862/specimens/5862_8/back.jpg,5862_8,back,24,culex,Culex_bitaeniorhynchus,female,Valid
trays/3034/specimens/36378/back.jpg,36378,back,3,aedes,Aedes_canadensis,female,Train
trays/8162/specimens/agamotto-idt1-beta24_533/back.jpg,agamotto-idt1-beta24_533,back,4,aedes,Aedes_communis,male,Valid
trays/5723/specimens/5723_8/front.jpg,5723_8,front,8,aedes,Aedes_lineatopennis,female,Valid
trays/5903/specimens/5903_5/back.jpg,5903_5,back,31,culex,Culex_tritaeniorhynchus,female,Train
trays/8460/specimens/agamotto-idt1-beta24_780/front.jpg,agamotto-idt1-beta24_780,front,3,aedes,Aedes_canadensis,male,Valid
trays/554/specimens/6641/back.jpg,6641,back,25,culex,Culex_nigripalpus,female,Train
trays/4708/specimens/4708_7/back.jpg,4708_7,back,20,anopheles,Anopheles_pharoensis,female,Valid
trays/6767/specimens/agamotto-idt1-beta15_1027/back.jpg,agamotto-idt1-beta15_1027,back,19,anopheles,Anopheles_arabiensis,female,Train
trays/1183/specimens/14189/back.jpg,14189,back,12,aedes,Aedes_taeniorhynchus,female,Test
trays/2841/specimens/34078/back.jpg,34078,back,14,aedes,Aedes_vexans,female,Train
trays/3707/specimens/44434/back.jpg,44434,back,27,culex,Culex_quinquefasciatus_bcs,female,Train
trays/550/specimens/6593/back.jpg,6593,back,25,culex,Culex_nigripalpus,female,Valid
trays/6112/specimens/agamotto-idt1-beta15_35/back.jpg,agamotto-idt1-beta15_35,back,9,aedes,Aedes_mcintoshi,female,Valid
trays/575/specimens/6898/back.jpg,6898,back,3,aedes,Aedes_canadensis,female,Valid
trays/4947/specimens/4947_2/back.jpg,4947_2,back,31,culicidae,culex,0,Train
trays/1262/specimens/15136/front.jpg,15136,front,2,aedes,Aedes_atlanticus,female,Train
trays/7296/specimens/agamotto-idt1-beta30_3593/front.jpg,agamotto-idt1-beta30_3593,front,26,culex,Culex_orientalis,female,Valid
trays/3708/specimens/44442/back.jpg,44442,back,27,culex,Culex_quinquefasciatus_bcs,male,Train
trays/10422/specimens/agamotto-idt1-beta15_4867/front.jpg,agamotto-idt1-beta15_4867,front,9,aedes,Aedes_mcintoshi,female,Test
trays/3783/specimens/45342/back.jpg,45342,back,22,anopheles,Anopheles_quadrimaculatus,female,Valid
trays/13443/specimens/agamotto-idt1-beta53_1780/back.jpg,agamotto-idt1-beta53_1780,back,12,aedes,Aedes_taeniorhynchus,female,Train
trays/3769/specimens/45173/front.jpg,45173,front,16,anopheles,Anopheles_crucians_sl,female,Test
trays/4741/specimens/4741_4/back.jpg,4741_4,back,15,anopheles,Anopheles_coustani_s.l,female,Train
trays/2868/specimens/34394/back.jpg,34394,back,14,aedes,Aedes_vexans,female,Test
trays/1004/specimens/12042/front.jpg,12042,front,25,culex,Culex_nigripalpus,female,Train
trays/1162/specimens/13938/back.jpg,13938,back,16,anopheles,Anopheles_crucians,female,Test
trays/3960/specimens/47450/back.jpg,47450,back,15,anopheles,Anopheles_coustani,female,Test
trays/4203/specimens/50349/back.jpg,50349,back,28,culex,Culex_restuans,female,Train
trays/4294/specimens/4294_3/front.jpg,4294_3,front,18,anopheles,Anopheles_funestus,male,Valid
trays/3057/specimens/36660/back.jpg,36660,back,23,anopheles,Anopheles_stephensi,male,Valid
trays/5863/specimens/5863_0/back.jpg,5863_0,back,24,culex,Culex_bitaeniorhynchus,female,Train
trays/17465/specimens/agamotto-idt1-beta66_11957/back.jpg,agamotto-idt1-beta66_11957,back,6,aedes,Aedes_japonicus,female,Valid
trays/513/specimens/6146/front.jpg,6146,front,28,culex,Culex_restuans,female,Valid
trays/7942/specimens/agamotto-idt1-beta03_518/back.jpg,agamotto-idt1-beta03_518,back,11,aedes,Aedes_sierrensis,female,Valid
trays/3030/specimens/36335/front.jpg,36335,front,3,aedes,Aedes_canadensis,female,Train
trays/4730/specimens/4730_5/front.jpg,4730_5,front,15,anopheles,Anopheles_coustani,female,Test
trays/7284/specimens/agamotto-idt1-beta30_3456/back.jpg,agamotto-idt1-beta30_3456,back,26,culex,Culex_orientalis,female,Valid
trays/1203/specimens/14426/front.jpg,14426,front,10,aedes,Aedes_melanimon,female,Valid
trays/1183/specimens/14192/back.jpg,14192,back,12,aedes,Aedes_taeniorhynchus,female,Train
trays/4712/specimens/4712_2/front.jpg,4712_2,front,20,anopheles,Anopheles_pharoensis,female,Train
trays/22384/specimens/agamotto-idt1-beta42_3699/back.jpg,agamotto-idt1-beta42_3699,back,0,aedes,Aedes_aegypti,male,Train
trays/522/specimens/6257/back.jpg,6257,back,12,aedes,Aedes_taeniorhynchus,female,Test
trays/3230/specimens/38706/front.jpg,38706,front,30,culex,Culex_tarsalis,female,Valid
trays/550/specimens/6599/front.jpg,6599,front,25,culex,Culex_nigripalpus,female,Valid
trays/17005/specimens/agamotto-idt1-beta02_2927/back.jpg,agamotto-idt1-beta02_2927,back,1,aedes,Aedes_albopictus,female,Train
trays/3770/specimens/45184/front.jpg,45184,front,16,anopheles,Anopheles_crucians_sl,female,Test
trays/3792/specimens/45447/front.jpg,45447,front,3,aedes,Aedes_canadensis,female,Valid
trays/681/specimens/8171/back.jpg,8171,back,29,culex,Culex_salinarius,female,Train
trays/1165/specimens/13970/front.jpg,13970,front,16,anopheles,Anopheles_crucians,female,Test
trays/531/specimens/6364/front.jpg,6364,front,6,aedes,Aedes_japonicus,female,Train
trays/3793/specimens/45457/front.jpg,45457,front,21,anopheles,Anopheles_punctipennis,female,Valid
trays/6406/specimens/agamotto-idt1-beta30_1393/back.jpg,agamotto-idt1-beta30_1393,back,7,aedes,Aedes_koreicus,female,Train
trays/679/specimens/8140/front.jpg,8140,front,29,culex,Culex_salinarius,female,Train
trays/3447/specimens/41316/front.jpg,41316,front,23,anopheles,Anopheles_stephensi_nijmegen,female,Valid
trays/4738/specimens/4738_4/front.jpg,4738_4,front,20,anopheles,Anopheles_pharoensis,female,Train
trays/5903/specimens/5903_0/front.jpg,5903_0,front,31,culex,Culex_tritaeniorhynchus,female,Train
trays/7796/specimens/agamotto-idt1-beta30_7401/front.jpg,agamotto-idt1-beta30_7401,front,7,aedes,Aedes_koreicus,male,Valid
trays/22440/specimens/agamotto-idt1-beta66_17807/front.jpg,agamotto-idt1-beta66_17807,front,1,aedes,Aedes_albopictus,male,Valid
trays/17412/specimens/agamotto-idt1-beta02_3368/front.jpg,agamotto-idt1-beta02_3368,front,1,aedes,Aedes_albopictus,female,Valid
trays/2932/specimens/35162/front.jpg,35162,front,5,aedes,Aedes_dorsalis,female,Valid
trays/556/specimens/6671/back.jpg,6671,back,25,culex,Culex_nigripalpus,female,Valid
trays/408/specimens/4886/back.jpg,4886,back,10,aedes,Aedes_melanimon,female,Test
trays/551/specimens/6606/front.jpg,6606,front,25,culex,Culex_nigripalpus,female,Valid
trays/1292/specimens/15498/front.jpg,15498,front,13,aedes,Aedes_triseriatus,female,Train
trays/4703/specimens/4703_3/front.jpg,4703_3,front,20,anopheles,Anopheles_pharoensis,female,Train
trays/5720/specimens/5720_7/back.jpg,5720_7,back,8,aedes,Aedes_lineatopennis,female,Train
trays/5078/specimens/5078_1/front.jpg,5078_1,front,9,aedes,Aedes_mcintoshi,female,Train
trays/1094/specimens/13117/front.jpg,13117,front,17,anopheles,Anopheles_freeborni,female,Train
trays/538/specimens/6452/front.jpg,6452,front,0,aedes,Aedes_aegypti,female,Valid
trays/2688/specimens/32238/back.jpg,32238,back,25,culex,Culex_nigripalpus,female,Train
trays/24012/specimens/agamotto-idt1-testdev02_4334/front.jpg,agamotto-idt1-testdev02_4334,front,1,aedes,Aedes_albopictus,,Valid
trays/6499/specimens/agamotto-idt1-beta30_2112/back.jpg,agamotto-idt1-beta30_2112,back,7,aedes,Aedes_koreicus,female,Valid
trays/557/specimens/6682/front.jpg,6682,front,25,culex,Culex_nigripalpus,female,Valid
trays/3771/specimens/45198/front.jpg,45198,front,6,aedes,Aedes_japonicus,female,Valid
trays/3035/specimens/36388/front.jpg,36388,front,3,aedes,Aedes_canadensis,female,Valid
trays/3899/specimens/46717/back.jpg,46717,back,21,anopheles,Anopheles_punctipennis,female,Valid
trays/3230/specimens/38702/front.jpg,38702,front,30,culex,Culex_tarsalis,female,Train
trays/2708/specimens/32474/front.jpg,32474,front,22,anopheles,Anopheles_quadrimaculatus_sl,female,Train
trays/3105/specimens/37224/front.jpg,37224,front,0,aedes,Aedes_aegypti,male,Valid
trays/3266/specimens/39136/front.jpg,39136,front,27,culex,Culex_pipiens_sl,female,Valid
trays/1250/specimens/14990/front.jpg,14990,front,2,aedes,Aedes_atlanticus,female,Valid
trays/7277/specimens/agamotto-idt1-beta30_3366/front.jpg,agamotto-idt1-beta30_3366,front,26,culex,Culex_orientalis,female,Train
trays/573/specimens/6872/front.jpg,6872,front,13,aedes,Aedes_triseriatus,female,Valid
trays/3899/specimens/46718/back.jpg,46718,back,22,anopheles,Anopheles_quadrimaculatus,female,Train
trays/4204/specimens/50363/front.jpg,50363,front,13,aedes,Aedes_triseriatus,female,Valid
trays/477/specimens/5718/front.jpg,5718,front,12,aedes,Aedes_taeniorhynchus,female,Test
trays/1250/specimens/14994/front.jpg,14994,front,2,aedes,Aedes_atlanticus,female,Valid
trays/3442/specimens/41246/front.jpg,41246,front,23,anopheles,Anopheles_stephensi_nijmegen,female,Valid
trays/22950/specimens/agamotto-idt1-beta66_20444/back.jpg,agamotto-idt1-beta66_20444,back,6,aedes,Aedes_japonicus,female,Valid
trays/3399/specimens/40730/back.jpg,40730,back,18,anopheles,Anopheles_funestus_fumoz,male,Train
trays/555/specimens/6650/back.jpg,6650,back,25,culex,Culex_nigripalpus,female,Train
trays/3230/specimens/38701/front.jpg,38701,front,30,culex,Culex_tarsalis,female,Valid
trays/2931/specimens/35157/back.jpg,35157,back,14,aedes,Aedes_vexans,female,Valid
trays/3051/specimens/36586/front.jpg,36586,front,23,anopheles,Anopheles_stephensi,female,Valid
trays/24538/specimens/agamotto-idt1-beta59_1878/back.jpg,agamotto-idt1-beta59_1878,back,0,aedes,Aedes_aegypti,,Train
trays/9257/specimens/agamotto-idt1-beta24_1885/front.jpg,agamotto-idt1-beta24_1885,front,2,aedes,Aedes_atlanticus,female,Valid
trays/2974/specimens/35660/back.jpg,35660,back,30,culex,Culex_tarsalis,female,Valid
trays/4709/specimens/4709_7/back.jpg,4709_7,back,20,anopheles,Anopheles_pharoensis,female,Valid
trays/5726/specimens/5726_10/back.jpg,5726_10,back,8,aedes,Aedes_lineatopennis,female,Valid
trays/11395/specimens/agamotto-idt1-beta24_2902/back.jpg,agamotto-idt1-beta24_2902,back,6,aedes,Aedes_japonicus,male,Valid
trays/3232/specimens/38726/back.jpg,38726,back,30,culex,Culex_tarsalis,female,Valid
trays/678/specimens/8136/front.jpg,8136,front,29,culex,Culex_salinarius,female,Valid
trays/3428/specimens/41085/back.jpg,41085,back,19,anopheles,Anopheles_gambiae_cdcg3,female,Train
trays/4742/specimens/4742_9/back.jpg,4742_9,back,15,anopheles,Anopheles_coustani_s.l,female,Train
trays/2419/specimens/29014/back.jpg,29014,back,17,anopheles,Anopheles_freeborni,female,Train
trays/3572/specimens/42812/back.jpg,42812,back,16,anopheles,Anopheles_crucians_sl,female,Test
trays/4251/specimens/50921/front.jpg,50921,front,16,anopheles,Anopheles_crucians_sl,female,Valid
trays/4734/specimens/4734_6/front.jpg,4734_6,front,20,anopheles,Anopheles_pharoensis,female,Valid
trays/5901/specimens/5901_6/front.jpg,5901_6,front,31,culex,Culex_tritaeniorhynchus,female,Train
trays/3032/specimens/36356/back.jpg,36356,back,3,aedes,Aedes_canadensis,female,Valid
trays/3578/specimens/42888/front.jpg,42888,front,28,culex,Culex_restuans,male,Valid
trays/5858/specimens/5858_11/back.jpg,5858_11,back,24,culex,Culex_bitaeniorhynchus,female,Valid
trays/4613/specimens/4613_10/back.jpg,4613_10,back,20,anopheles,Anopheles_pharoensis,female,Valid
trays/3107/specimens/37245/back.jpg,37245,back,19,anopheles,Anopheles_gambiae_cdc-g3,female,Test
trays/3776/specimens/45263/back.jpg,45263,back,1,aedes,Aedes_albopictus,female,Valid
trays/5863/specimens/5863_7/front.jpg,5863_7,front,24,culex,Culex_bitaeniorhynchus,female,Train
trays/4193/specimens/50227/back.jpg,50227,back,15,anopheles,Anopheles_coustani,female,Valid
trays/5726/specimens/5726_0/back.jpg,5726_0,back,8,aedes,Aedes_lineatopennis,female,Train
trays/3783/specimens/45348/back.jpg,45348,back,22,anopheles,Anopheles_quadrimaculatus,female,Train
trays/6448/specimens/agamotto-idt1-beta30_1899/front.jpg,agamotto-idt1-beta30_1899,front,7,aedes,Aedes_koreicus,female,Valid
trays/5863/specimens/5863_1/front.jpg,5863_1,front,24,culex,Culex_bitaeniorhynchus,female,Valid
trays/5722/specimens/5722_2/front.jpg,5722_2,front,8,aedes,Aedes_lineatopennis,female,Valid
trays/19507/specimens/agamotto-idt1-beta42_1801/back.jpg,agamotto-idt1-beta42_1801,back,0,aedes,Aedes_aegypti,male,Train
trays/9744/specimens/agamotto-idt1-beta28_1736/back.jpg,agamotto-idt1-beta28_1736,back,20,anopheles,Anopheles_pharoensis,female,Valid
trays/6773/specimens/agamotto-idt1-beta15_1099/back.jpg,agamotto-idt1-beta15_1099,back,19,anopheles,Anopheles_arabiensis,female,Train
trays/6770/specimens/agamotto-idt1-beta15_1061/back.jpg,agamotto-idt1-beta15_1061,back,19,anopheles,Anopheles_arabiensis,male,Train
trays/2921/specimens/35034/front.jpg,35034,front,5,aedes,Aedes_dorsalis,female,Train
trays/5080/specimens/5080_3/front.jpg,5080_3,front,9,aedes,Aedes_mcintoshi,female,Test
trays/1208/specimens/14491/back.jpg,14491,back,10,aedes,Aedes_melanimon,female,Train
trays/3227/specimens/38669/back.jpg,38669,back,30,culex,Culex_tarsalis,female,Train
trays/3769/specimens/45175/back.jpg,45175,back,16,anopheles,Anopheles_crucians_sl,female,Train
trays/5855/specimens/5855_5/front.jpg,5855_5,front,24,culex,Culex_bitaeniorhynchus,female,Train
trays/2416/specimens/28980/front.jpg,28980,front,17,anopheles,Anopheles_freeborni,female,Valid
trays/6546/specimens/agamotto-idt1-beta25_1896/front.jpg,agamotto-idt1-beta25_1896,front,19,anopheles,Anopheles_gambiae_s.l,female,Valid
trays/3053/specimens/36610/back.jpg,36610,back,23,anopheles,Anopheles_stephensi,female,Valid
trays/3581/specimens/42914/front.jpg,42914,front,28,culex,Culex_restuans,female,Valid
trays/4706/specimens/4706_0/back.jpg,4706_0,back,20,anopheles,Anopheles_pharoensis,female,Train
trays/5862/specimens/5862_4/back.jpg,5862_4,back,24,culex,Culex_bitaeniorhynchus,female,Valid
trays/23370/specimens/agamotto-idt1-beta59_1739/back.jpg,agamotto-idt1-beta59_1739,back,1,aedes,Aedes_albopictus,,Train
trays/6124/specimens/agamotto-idt1-beta03_73/front.jpg,agamotto-idt1-beta03_73,front,11,aedes,Aedes_sierrensis,female,Valid
trays/552/specimens/6613/back.jpg,6613,back,25,culex,Culex_nigripalpus,female,Train
trays/4173/specimens/49986/front.jpg,49986,front,18,anopheles,Anopheles_funestus_s.l,female,Train
trays/3805/specimens/45608/front.jpg,45608,front,21,anopheles,Anopheles_punctipennis,female,Valid
trays/1225/specimens/14690/front.jpg,14690,front,10,aedes,Aedes_melanimon,female,Train
trays/4357/specimens/4357_7/back.jpg,4357_7,back,15,anopheles,Anopheles_coustani,female,Train
trays/3806/specimens/45621/back.jpg,45621,back,21,anopheles,Anopheles_punctipennis,female,Train
trays/2916/specimens/34980/front.jpg,34980,front,14,aedes,Aedes_vexans,female,Test
trays/8199/specimens/agamotto-idt1-beta24_642/front.jpg,agamotto-idt1-beta24_642,front,4,aedes,Aedes_communis,female,Valid
trays/4948/specimens/4948_3/front.jpg,4948_3,front,31,culicidae,culex,0,Train
trays/23881/specimens/agamotto-idt1-beta66_22940/front.jpg,agamotto-idt1-beta66_22940,front,6,aedes,Aedes_japonicus,,Train
trays/3855/specimens/46189/front.jpg,46189,front,16,anopheles,Anopheles_crucians_sl,female,Test
trays/3396/specimens/40700/front.jpg,40700,front,18,anopheles,Anopheles_funestus_fumoz,female,Valid
trays/3239/specimens/38816/front.jpg,38816,front,30,culex,Culex_tarsalis,female,Train
trays/3445/specimens/41287/front.jpg,41287,front,23,anopheles,Anopheles_stephensi_nijmegen,female,Valid
trays/5869/specimens/5869_8/front.jpg,5869_8,front,24,culex,Culex_bitaeniorhynchus,female,Valid
trays/4798/specimens/4798_3/back.jpg,4798_3,back,30,culex,Culex_tarsalis,female,Valid
trays/7798/specimens/agamotto-idt1-beta30_7428/back.jpg,agamotto-idt1-beta30_7428,back,7,aedes,Aedes_koreicus,male,Train
trays/3054/specimens/36622/back.jpg,36622,back,23,anopheles,Anopheles_stephensi,female,Train
trays/3771/specimens/45196/front.jpg,45196,front,6,aedes,Aedes_japonicus,female,Test
trays/4735/specimens/4735_9/front.jpg,4735_9,front,20,anopheles,Anopheles_pharoensis,female,Valid
trays/1334/specimens/16006/back.jpg,16006,back,10,aedes,Aedes_melanimon,female,Test
trays/7941/specimens/agamotto-idt1-beta03_508/back.jpg,agamotto-idt1-beta03_508,back,11,aedes,Aedes_sierrensis,female,Train
trays/7274/specimens/agamotto-idt1-beta30_3335/front.jpg,agamotto-idt1-beta30_3335,front,26,culex,Culex_orientalis,female,Test
trays/3770/specimens/45184/back.jpg,45184,back,16,anopheles,Anopheles_crucians_sl,female,Test
trays/3234/specimens/38751/front.jpg,38751,front,30,culex,Culex_tarsalis,female,Train
trays/6391/specimens/agamotto-idt1-beta30_1216/front.jpg,agamotto-idt1-beta30_1216,front,7,aedes,Aedes_koreicus,female,Train
trays/7281/specimens/agamotto-idt1-beta30_3414/front.jpg,agamotto-idt1-beta30_3414,front,26,culex,Culex_orientalis,female,Valid
trays/8163/specimens/agamotto-idt1-beta24_550/front.jpg,agamotto-idt1-beta24_550,front,4,aedes,Aedes_communis,female,Valid
trays/1268/specimens/15214/front.jpg,15214,front,2,aedes,Aedes_atlanticus,female,Train
trays/478/specimens/5729/back.jpg,5729,back,12,aedes,Aedes_taeniorhynchus,female,Train
trays/3805/specimens/45601/front.jpg,45601,front,21,anopheles,Anopheles_punctipennis,female,Train
trays/4738/specimens/4738_0/back.jpg,4738_0,back,20,anopheles,Anopheles_pharoensis,female,Valid
trays/8199/specimens/agamotto-idt1-beta24_641/back.jpg,agamotto-idt1-beta24_641,back,4,aedes,Aedes_communis,female,Valid
trays/1091/specimens/13090/back.jpg,13090,back,17,anopheles,Anopheles_freeborni,female,Test
trays/10909/specimens/agamotto-idt1-beta66_3186/front.jpg,agamotto-idt1-beta66_3186,front,1,aedes,Aedes_albopictus,female,Valid
trays/5723/specimens/5723_8/back.jpg,5723_8,back,8,aedes,Aedes_lineatopennis,female,Valid
trays/1203/specimens/14425/back.jpg,14425,back,10,aedes,Aedes_melanimon,female,Valid
trays/1297/specimens/15562/back.jpg,15562,back,13,aedes,Aedes_triseriatus,female,Valid
trays/7278/specimens/agamotto-idt1-beta30_3378/front.jpg,agamotto-idt1-beta30_3378,front,26,culex,Culex_orientalis,female,Train
trays/481/specimens/5761/front.jpg,5761,front,29,culex,Culex_salinarius,female,Train
trays/4613/specimens/4613_1/front.jpg,4613_1,front,20,anopheles,Anopheles_pharoensis,female,Train
trays/4205/specimens/50366/back.jpg,50366,back,13,aedes,Aedes_triseriatus,female,Train
trays/6780/specimens/agamotto-idt1-beta15_1185/front.jpg,agamotto-idt1-beta15_1185,front,19,anopheles,Anopheles_arabiensis,male,Train
trays/7281/specimens/agamotto-idt1-beta30_3415/front.jpg,agamotto-idt1-beta30_3415,front,26,culex,Culex_orientalis,female,Train
trays/4203/specimens/50346/back.jpg,50346,back,28,culex,Culex_restuans,female,Valid
trays/2702/specimens/32410/back.jpg,32410,back,22,anopheles,Anopheles_quadrimaculatus_sl,female,Valid
trays/4344/specimens/4344_4/front.jpg,4344_4,front,15,anopheles,Anopheles_coustani,female,Test
trays/4945/specimens/4945_2/back.jpg,4945_2,back,31,culex,Culex_tritaeniorhynchus,female,Train
trays/4305/specimens/4305_10/back.jpg,4305_10,back,0,aedes,Aedes_aegypti,female,Valid
trays/3146/specimens/37715/front.jpg,37715,front,11,aedes,Aedes_sierrensis,male,Valid
trays/1406/specimens/16870/front.jpg,16870,front,28,culex,Culex_restuans,male,Train
trays/2973/specimens/35647/front.jpg,35647,front,14,aedes,Aedes_vexans,female,Train
trays/5725/specimens/5725_5/back.jpg,5725_5,back,8,aedes,Aedes_lineatopennis,female,Train
trays/10685/specimens/agamotto-idt1-beta24_2400/back.jpg,agamotto-idt1-beta24_2400,back,29,culex,Culex_salinarius,female,Valid
trays/1248/specimens/14970/back.jpg,14970,back,2,aedes,Aedes_atlanticus,female,Valid
trays/10440/specimens/agamotto-idt1-beta49_858/front.jpg,agamotto-idt1-beta49_858,front,6,aedes,Aedes_japonicus,female,Train
trays/4251/specimens/50922/front.jpg,50922,front,16,anopheles,Anopheles_crucians_sl,female,Train
trays/1299/specimens/15578/back.jpg,15578,back,13,aedes,Aedes_triseriatus,female,Valid
trays/6123/specimens/agamotto-idt1-beta03_66/back.jpg,agamotto-idt1-beta03_66,back,11,aedes,Aedes_sierrensis,female,Valid
trays/7301/specimens/agamotto-idt1-beta30_3659/front.jpg,agamotto-idt1-beta30_3659,front,26,culex,Culex_orientalis,female,Test
trays/3494/specimens/41878/front.jpg,41878,front,27,culex,Culex_quinqufasciatus_bamako,female,Valid
trays/7277/specimens/agamotto-idt1-beta30_3368/back.jpg,agamotto-idt1-beta30_3368,back,26,culex,Culex_orientalis,female,Train
trays/1208/specimens/14486/front.jpg,14486,front,10,aedes,Aedes_melanimon,female,Test
trays/5901/specimens/5901_0/front.jpg,5901_0,front,31,culex,Culex_tritaeniorhynchus,female,Train
trays/8421/specimens/agamotto-idt1-beta28_914/back.jpg,agamotto-idt1-beta28_914,back,27,culex,Culex_quinquefasciatus,female,Valid
trays/2706/specimens/32456/back.jpg,32456,back,22,anopheles,Anopheles_quadrimaculatus_sl,female,Train
trays/515/specimens/6169/back.jpg,6169,back,12,aedes,Aedes_taeniorhynchus,female,Valid
trays/4305/specimens/4305_11/back.jpg,4305_11,back,0,aedes,Aedes_aegypti,female,Train
trays/1299/specimens/15588/back.jpg,15588,back,13,aedes,Aedes_triseriatus,female,Valid
trays/6124/specimens/agamotto-idt1-beta03_73/back.jpg,agamotto-idt1-beta03_73,back,11,aedes,Aedes_sierrensis,female,Valid
trays/4503/specimens/4503_5/front.jpg,4503_5,front,27,culex,Culex_quinquefasciatus,male,Valid
trays/8202/specimens/agamotto-idt1-beta24_658/back.jpg,agamotto-idt1-beta24_658,back,4,aedes,Aedes_communis,female,Train
trays/3806/specimens/45613/front.jpg,45613,front,21,anopheles,Anopheles_punctipennis,female,Train
trays/4205/specimens/50375/front.jpg,50375,front,13,aedes,Aedes_triseriatus,female,Train
trays/576/specimens/6908/back.jpg,6908,back,3,aedes,Aedes_canadensis,female,Train
trays/3230/specimens/38705/front.jpg,38705,front,30,culex,Culex_tarsalis,female,Train
trays/1184/specimens/14207/front.jpg,14207,front,12,aedes,Aedes_taeniorhynchus,female,Test
trays/1059/specimens/12701/front.jpg,12701,front,17,anopheles,Anopheles_freeborni,female,Train
trays/20711/specimens/agamotto-idt1-beta02_4665/front.jpg,agamotto-idt1-beta02_4665,front,1,aedes,Aedes_albopictus,female,Train
trays/486/specimens/5825/front.jpg,5825,front,29,culex,Culex_salinarius,female,Train
trays/513/specimens/6152/back.jpg,6152,back,28,culex,Culex_restuans,female,Valid
trays/3398/specimens/40720/front.jpg,40720,front,18,anopheles,Anopheles_funestus_fumoz,male,Train
trays/530/specimens/6350/back.jpg,6350,back,6,aedes,Aedes_japonicus,female,Train
trays/6124/specimens/agamotto-idt1-beta03_74/front.jpg,agamotto-idt1-beta03_74,front,11,aedes,Aedes_sierrensis,female,Valid
trays/5855/specimens/5855_7/back.jpg,5855_7,back,24,culex,Culex_bitaeniorhynchus,female,Valid
trays/3232/specimens/38726/front.jpg,38726,front,30,culex,Culex_tarsalis,female,Valid
trays/1184/specimens/14201/front.jpg,14201,front,12,aedes,Aedes_taeniorhynchus,female,Valid
trays/3583/specimens/42944/back.jpg,42944,back,28,culex,Culex_restuans,male,Valid
trays/9256/specimens/agamotto-idt1-beta24_1883/front.jpg,agamotto-idt1-beta24_1883,front,2,aedes,Aedes_atlanticus,male,Train
trays/574/specimens/6887/front.jpg,6887,front,13,aedes,Aedes_triseriatus,female,Train
trays/3579/specimens/42894/back.jpg,42894,back,28,culex,Culex_restuans,male,Train
trays/2210/specimens/26519/back.jpg,26519,back,17,anopheles,Anopheles_freeborni,female,Train
trays/3282/specimens/39332/back.jpg,39332,back,11,aedes,Aedes_sierrensis,male,Train
trays/3028/specimens/36304/back.jpg,36304,back,3,aedes,Aedes_canadensis,female,Train
trays/4169/specimens/49942/back.jpg,49942,back,18,anopheles,Anopheles_funestus,male,Train
trays/7290/specimens/agamotto-idt1-beta30_3525/front.jpg,agamotto-idt1-beta30_3525,front,26,culex,Culex_orientalis,female,Valid
trays/5722/specimens/5722_7/front.jpg,5722_7,front,8,aedes,Aedes_lineatopennis,female,Train
trays/6399/specimens/agamotto-idt1-beta30_1311/back.jpg,agamotto-idt1-beta30_1311,back,7,aedes,Aedes_koreicus,female,Valid
trays/6126/specimens/agamotto-idt1-beta03_106/front.jpg,agamotto-idt1-beta03_106,front,11,aedes,Aedes_sierrensis,female,Train
trays/4252/specimens/50938/back.jpg,50938,back,21,anopheles,Anopheles_punctipennis,female,Train
trays/6410/specimens/agamotto-idt1-beta30_1442/back.jpg,agamotto-idt1-beta30_1442,back,7,aedes,Aedes_koreicus,female,Train
trays/1193/specimens/14316/back.jpg,14316,back,25,culex,Culex_nigripalpus,female,Test
trays/673/specimens/8065/back.jpg,8065,back,29,culex,Culex_salinarius,female,Valid
trays/4205/specimens/50368/front.jpg,50368,front,13,aedes,Aedes_triseriatus,female,Valid
trays/3028/specimens/36305/front.jpg,36305,front,3,aedes,Aedes_canadensis,female,Valid
trays/10777/specimens/agamotto-idt1-beta41_1272/front.jpg,agamotto-idt1-beta41_1272,front,11,aedes,Aedes_sierrensis,female,Train
trays/3447/specimens/41315/back.jpg,41315,back,23,anopheles,Anopheles_stephensi_nijmegen,female,Valid
trays/3396/specimens/40699/back.jpg,40699,back,18,anopheles,Anopheles_funestus_fumoz,female,Test
trays/3428/specimens/41081/back.jpg,41081,back,19,anopheles,Anopheles_gambiae_cdcg3,female,Train
trays/5897/specimens/5897_3/front.jpg,5897_3,front,31,culex,Culex_tritaeniorhynchus,female,Valid
trays/525/specimens/6290/front.jpg,6290,front,21,anopheles,Anopheles_punctipennis,female,Valid
trays/4948/specimens/4948_10/front.jpg,4948_10,front,31,culicidae,culex,0,Train
trays/3771/specimens/45197/front.jpg,45197,front,6,aedes,Aedes_japonicus,female,Valid
trays/6772/specimens/agamotto-idt1-beta15_1086/front.jpg,agamotto-idt1-beta15_1086,front,19,anopheles,Anopheles_arabiensis,male,Test
trays/3807/specimens/45635/back.jpg,45635,back,21,anopheles,Anopheles_punctipennis,female,Train
trays/558/specimens/6691/back.jpg,6691,back,25,culex,Culex_nigripalpus,female,Train
trays/5437/specimens/5437_4/front.jpg,5437_4,front,11,aedes,Aedes_sierrensis,female,Valid
trays/483/specimens/5795/front.jpg,5795,front,29,culex,Culex_salinarius,female,Valid
trays/3961/specimens/47468/back.jpg,47468,back,15,anopheles,Anopheles_coustani,female,Test
trays/532/specimens/6379/front.jpg,6379,front,6,aedes,Aedes_japonicus,female,Train
trays/3281/specimens/39323/back.jpg,39323,back,11,aedes,Aedes_sierrensis,male,Valid
trays/4742/specimens/4742_10/back.jpg,4742_10,back,9,aedes,Aedes_mcintoshi,female,Test
trays/4709/specimens/4709_11/back.jpg,4709_11,back,20,anopheles,Anopheles_pharoensis,female,Valid
trays/5725/specimens/5725_4/back.jpg,5725_4,back,8,aedes,Aedes_lineatopennis,female,Train
trays/5855/specimens/5855_8/front.jpg,5855_8,front,24,culex,Culex_bitaeniorhynchus,female,Train
trays/1404/specimens/16844/back.jpg,16844,back,29,culex,Culex_salinarius,female,Train
trays/8199/specimens/agamotto-idt1-beta24_644/front.jpg,agamotto-idt1-beta24_644,front,4,aedes,Aedes_communis,female,Valid
trays/7290/specimens/agamotto-idt1-beta30_3521/back.jpg,agamotto-idt1-beta30_3521,back,26,culex,Culex_orientalis,female,Valid
trays/1179/specimens/14147/front.jpg,14147,front,10,aedes,Aedes_melanimon,female,Test
trays/4204/specimens/50364/back.jpg,50364,back,13,aedes,Aedes_triseriatus,female,Valid
trays/3056/specimens/36647/back.jpg,36647,back,23,anopheles,Anopheles_stephensi,male,Valid
trays/1179/specimens/14145/back.jpg,14145,back,10,aedes,Aedes_melanimon,female,Test
trays/11175/specimens/agamotto-idt1-beta28_2992/back.jpg,agamotto-idt1-beta28_2992,back,27,culex,Culex_pipiens_sl,female,Train
trays/5852/specimens/5852_6/back.jpg,5852_6,back,24,culex,Culex_bitaeniorhynchus,female,Valid
trays/1254/specimens/15037/front.jpg,15037,front,2,aedes,Aedes_atlanticus,female,Valid
trays/525/specimens/6293/back.jpg,6293,back,21,anopheles,Anopheles_punctipennis,female,Valid
trays/5086/specimens/5086_6/back.jpg,5086_6,back,9,aedes,Aedes_mcintoshi,female,Valid
trays/18625/specimens/agamotto-idt1-beta66_14782/back.jpg,agamotto-idt1-beta66_14782,back,1,aedes,Aedes_albopictus,male,Train
trays/8199/specimens/agamotto-idt1-beta24_645/back.jpg,agamotto-idt1-beta24_645,back,4,aedes,Aedes_communis,female,Train
trays/3027/specimens/36299/front.jpg,36299,front,3,aedes,Aedes_canadensis,female,Valid
trays/1060/specimens/12710/back.jpg,12710,back,17,anopheles,Anopheles_freeborni,female,Valid
trays/3231/specimens/38718/front.jpg,38718,front,30,culex,Culex_tarsalis,female,Test
trays/6127/specimens/agamotto-idt1-beta03_114/back.jpg,agamotto-idt1-beta03_114,back,11,aedes,Aedes_sierrensis,female,Valid
trays/22335/specimens/agamotto-idt1-beta66_17670/back.jpg,agamotto-idt1-beta66_17670,back,1,aedes,Aedes_albopictus,female,Test
trays/2418/specimens/29003/back.jpg,29003,back,17,anopheles,Anopheles_freeborni,female,Train
trays/3901/specimens/46742/front.jpg,46742,front,13,aedes,Aedes_triseriatus,female,Valid
trays/3442/specimens/41250/front.jpg,41250,front,23,anopheles,Anopheles_stephensi_nijmegen,female,Train
trays/1144/specimens/13724/front.jpg,13724,front,17,anopheles,Anopheles_freeborni,female,Valid
trays/1225/specimens/14695/back.jpg,14695,back,10,aedes,Aedes_melanimon,female,Test
trays/7290/specimens/agamotto-idt1-beta30_3522/back.jpg,agamotto-idt1-beta30_3522,back,26,culex,Culex_orientalis,female,Train
trays/4169/specimens/49935/front.jpg,49935,front,18,anopheles,Anopheles_funestus_s.l,female,Train
trays/3960/specimens/47452/front.jpg,47452,front,15,anopheles,Anopheles_coustani,female,Test
trays/3499/specimens/41939/front.jpg,41939,front,27,culex,Culex_quinqufasciatus_bamako,male,Train
trays/6778/specimens/agamotto-idt1-beta15_1163/back.jpg,agamotto-idt1-beta15_1163,back,19,anopheles,Anopheles_arabiensis,female,Valid
trays/9254/specimens/agamotto-idt1-beta24_1858/front.jpg,agamotto-idt1-beta24_1858,front,2,aedes,Aedes_atlanticus,female,Train
trays/2418/specimens/28993/front.jpg,28993,front,17,anopheles,Anopheles_freeborni,female,Test
trays/3238/specimens/38808/back.jpg,38808,back,30,culex,Culex_tarsalis,female,Test
trays/8202/specimens/agamotto-idt1-beta24_649/front.jpg,agamotto-idt1-beta24_649,front,4,aedes,Aedes_communis,female,Train
trays/505/specimens/6051/back.jpg,6051,back,5,aedes,Aedes_dorsalis,female,Train
trays/3760/specimens/45067/back.jpg,45067,back,13,aedes,Aedes_triseriatus,female,Train
trays/17894/specimens/agamotto-idt1-beta40_4654/front.jpg,agamotto-idt1-beta40_4654,front,25,culex,Culex_nigripalpus,,Train
trays/10821/specimens/agamotto-idt1-beta41_1308/front.jpg,agamotto-idt1-beta41_1308,front,11,aedes,Aedes_sierrensis,female,Test
trays/1184/specimens/14207/back.jpg,14207,back,12,aedes,Aedes_taeniorhynchus,female,Test
trays/2798/specimens/33556/back.jpg,33556,back,5,aedes,Aedes_dorsalis,female,Train
trays/6386/specimens/agamotto-idt1-beta30_1154/back.jpg,agamotto-idt1-beta30_1154,back,7,aedes,Aedes_koreicus,female,Train
trays/2419/specimens/29009/front.jpg,29009,front,17,anopheles,Anopheles_freeborni,female,Valid
trays/1180/specimens/14158/back.jpg,14158,back,12,aedes,Aedes_taeniorhynchus,female,Train
trays/3437/specimens/41192/front.jpg,41192,front,19,anopheles,Anopheles_gambiae_cdcg3,female,Test
trays/7282/specimens/agamotto-idt1-beta30_3426/front.jpg,agamotto-idt1-beta30_3426,front,26,culex,Culex_orientalis,female,Train
trays/20481/specimens/agamotto-idt1-beta66_15954/back.jpg,agamotto-idt1-beta66_15954,back,1,aedes,Aedes_albopictus,female,Train
trays/5822/specimens/5822_2/back.jpg,5822_2,back,9,aedes,Aedes_mcintoshi,female,Test
trays/22445/specimens/agamotto-idt1-beta66_17868/back.jpg,agamotto-idt1-beta66_17868,back,1,aedes,Aedes_albopictus,female,Test
trays/10999/specimens/agamotto-idt1-beta28_2343/back.jpg,agamotto-idt1-beta28_2343,back,6,aedes,Aedes_japonicus,female,Test
trays/4707/specimens/4707_6/front.jpg,4707_6,front,20,anopheles,Anopheles_pharoensis,female,Train
trays/3805/specimens/45603/back.jpg,45603,back,21,anopheles,Anopheles_punctipennis,female,Train
trays/1329/specimens/15943/back.jpg,15943,back,10,aedes,Aedes_melanimon,female,Test
trays/4503/specimens/4503_8/back.jpg,4503_8,back,27,culex,Culex_quinquefasciatus,male,Train
trays/4305/specimens/4305_10/front.jpg,4305_10,front,0,aedes,Aedes_aegypti,female,Valid
trays/10768/specimens/agamotto-idt1-beta41_1156/back.jpg,agamotto-idt1-beta41_1156,back,30,culex,Culex_tarsalis,female,Train
trays/5727/specimens/5727_7/front.jpg,5727_7,front,8,aedes,Aedes_lineatopennis,female,Test
trays/562/specimens/6739/back.jpg,6739,back,0,aedes,Aedes_aegypti,male,Valid
trays/10775/specimens/agamotto-idt1-beta41_1240/front.jpg,agamotto-idt1-beta41_1240,front,11,aedes,Aedes_sierrensis,female,Valid
trays/3113/specimens/37309/front.jpg,37309,front,19,anopheles,Anopheles_gambiae_cdc-g3,female,Test
trays/1409/specimens/16900/back.jpg,16900,back,13,aedes,Aedes_triseriatus,female,Valid
trays/2864/specimens/34355/back.jpg,34355,back,5,aedes,Aedes_dorsalis,female,Train
trays/10686/specimens/agamotto-idt1-beta24_2409/front.jpg,agamotto-idt1-beta24_2409,front,29,culex,Culex_salinarius,female,Valid
trays/8161/specimens/agamotto-idt1-beta24_520/back.jpg,agamotto-idt1-beta24_520,back,4,aedes,Aedes_communis,male,Train
trays/4742/specimens/4742_8/front.jpg,4742_8,front,15,anopheles,Anopheles_coustani_s.l,female,Train
trays/8161/specimens/agamotto-idt1-beta24_523/back.jpg,agamotto-idt1-beta24_523,back,4,aedes,Aedes_communis,male,Train
trays/4734/specimens/4734_10/front.jpg,4734_10,front,20,anopheles,Anopheles_pharoensis,female,Train
trays/7285/specimens/agamotto-idt1-beta30_3466/back.jpg,agamotto-idt1-beta30_3466,back,26,culex,Culex_orientalis,female,Train
trays/11394/specimens/agamotto-idt1-beta24_2887/front.jpg,agamotto-idt1-beta24_2887,front,1,aedes,Aedes_albopictus,female,Test
trays/8202/specimens/agamotto-idt1-beta24_650/front.jpg,agamotto-idt1-beta24_650,front,4,aedes,Aedes_communis,male,Train
trays/1182/specimens/14184/back.jpg,14184,back,12,aedes,Aedes_taeniorhynchus,female,Test
trays/2877/specimens/34510/back.jpg,34510,back,5,aedes,Aedes_dorsalis,female,Valid
trays/3260/specimens/39062/front.jpg,39062,front,28,culex,Culex_restuans,female,Valid
trays/4137/specimens/49559/front.jpg,49559,front,18,anopheles,Anopheles_funestus_s.l,female,Test
trays/2892/specimens/34688/back.jpg,34688,back,2,aedes,Aedes_atlanticus,female,Valid
trays/526/specimens/6305/back.jpg,6305,back,21,anopheles,Anopheles_punctipennis,female,Train
trays/527/specimens/6319/front.jpg,6319,front,21,anopheles,Anopheles_punctipennis,female,Train
trays/1408/specimens/16886/front.jpg,16886,front,13,aedes,Aedes_triseriatus,female,Train
trays/3382/specimens/40525/back.jpg,40525,back,0,aedes,Aedes_aegypti,female,Train
trays/3587/specimens/42987/back.jpg,42987,back,28,culex,Culex_restuans,female,Train
trays/3028/specimens/36306/back.jpg,36306,back,3,aedes,Aedes_canadensis,female,Valid
trays/3447/specimens/41309/front.jpg,41309,front,23,anopheles,Anopheles_stephensi_nijmegen,female,Valid
trays/7275/specimens/agamotto-idt1-beta30_3348/back.jpg,agamotto-idt1-beta30_3348,back,26,culex,Culex_orientalis,female,Test
trays/8005/specimens/agamotto-idt1-beta26_247/front.jpg,agamotto-idt1-beta26_247,front,14,aedes,Aedes_vexans,female,Train
trays/2417/specimens/28984/back.jpg,28984,back,17,anopheles,Anopheles_freeborni,female,Train
trays/3869/specimens/46368/front.jpg,46368,front,21,anopheles,Anopheles_punctipennis,female,Train
trays/18273/specimens/agamotto-idt1-beta02_3737/front.jpg,agamotto-idt1-beta02_3737,front,1,aedes,Aedes_albopictus,female,Test
trays/530/specimens/6355/back.jpg,6355,back,6,aedes,Aedes_japonicus,female,Train
trays/3034/specimens/36374/front.jpg,36374,front,3,aedes,Aedes_canadensis,female,Valid
trays/1182/specimens/14184/front.jpg,14184,front,12,aedes,Aedes_taeniorhynchus,female,Test
trays/22441/specimens/agamotto-idt1-beta66_17816/front.jpg,agamotto-idt1-beta66_17816,front,1,aedes,Aedes_albopictus,male,Train
trays/486/specimens/5831/front.jpg,5831,front,29,culex,Culex_salinarius,female,Valid
trays/1188/specimens/14252/back.jpg,14252,back,25,culex,Culex_nigripalpus,female,Train
trays/6502/specimens/agamotto-idt1-beta30_2147/back.jpg,agamotto-idt1-beta30_2147,back,7,aedes,Aedes_koreicus,female,Valid
trays/3806/specimens/45622/front.jpg,45622,front,21,anopheles,Anopheles_punctipennis,female,Valid
trays/5634/specimens/5634_6/back.jpg,5634_6,back,9,aedes,Aedes_mcintoshi,female,Test
trays/479/specimens/5740/front.jpg,5740,front,29,culex,Culex_salinarius,female,Valid
trays/546/specimens/6551/front.jpg,6551,front,5,aedes,Aedes_dorsalis,female,Train
trays/3784/specimens/45355/back.jpg,45355,back,22,anopheles,Anopheles_quadrimaculatus,female,Valid
trays/4161/specimens/49848/front.jpg,49848,front,18,anopheles,Anopheles_funestus,female,Test
trays/3583/specimens/42939/front.jpg,42939,front,28,culex,Culex_restuans,male,Valid
trays/5899/specimens/5899_5/front.jpg,5899_5,front,31,culex,Culex_tritaeniorhynchus,female,Valid
trays/4680/specimens/4680_10/back.jpg,4680_10,back,9,aedes,Aedes_mcintoshi,female,Train
trays/5900/specimens/5900_3/back.jpg,5900_3,back,31,culex,Culex_tritaeniorhynchus,female,Valid
trays/1260/specimens/15120/back.jpg,15120,back,2,aedes,Aedes_atlanticus,female,Train
trays/6442/specimens/agamotto-idt1-beta30_1828/front.jpg,agamotto-idt1-beta30_1828,front,7,aedes,Aedes_koreicus,female,Train
trays/3398/specimens/40722/back.jpg,40722,back,18,anopheles,Anopheles_funestus_fumoz,male,Train
trays/4345/specimens/4345_9/front.jpg,4345_9,front,15,anopheles,Anopheles_coustani,female,Test
trays/6397/specimens/agamotto-idt1-beta30_1291/front.jpg,agamotto-idt1-beta30_1291,front,7,aedes,Aedes_koreicus,female,Train
trays/3583/specimens/42937/front.jpg,42937,front,28,culex,Culex_restuans,male,Valid
trays/3807/specimens/45630/front.jpg,45630,front,21,anopheles,Anopheles_punctipennis,female,Train
trays/4303/specimens/4303_3/back.jpg,4303_3,back,0,aedes,Aedes_aegypti,female,Train
trays/9258/specimens/agamotto-idt1-beta24_1903/back.jpg,agamotto-idt1-beta24_1903,back,2,aedes,Aedes_atlanticus,male,Test
trays/557/specimens/6683/back.jpg,6683,back,25,culex,Culex_nigripalpus,female,Test
trays/3049/specimens/36563/back.jpg,36563,back,23,anopheles,Anopheles_stephensi,female,Train
trays/9242/specimens/agamotto-idt1-beta28_1368/back.jpg,agamotto-idt1-beta28_1368,back,30,culex,Culex_tarsalis,female,Test
trays/2700/specimens/32384/back.jpg,32384,back,22,anopheles,Anopheles_quadrimaculatus_sl,female,Train
trays/5902/specimens/5902_8/front.jpg,5902_8,front,31,culex,Culex_tritaeniorhynchus,female,Train
trays/25683/specimens/agamotto-idt1-beta13_259/back.jpg,agamotto-idt1-beta13_259,back,0,aedes,Aedes_aegypti,female,Train
trays/4517/specimens/4517_9/front.jpg,4517_9,front,27,culex,Culex_quinquefasciatus,male,Train
trays/10688/specimens/agamotto-idt1-beta24_2429/back.jpg,agamotto-idt1-beta24_2429,back,29,culex,Culex_salinarius,female,Train
trays/1185/specimens/14213/front.jpg,14213,front,12,aedes,Aedes_taeniorhynchus,female,Train
trays/22407/specimens/agamotto-idt1-beta42_3752/back.jpg,agamotto-idt1-beta42_3752,back,0,aedes,Aedes_aegypti,male,Train
trays/5730/specimens/5730_4/back.jpg,5730_4,back,8,aedes,Aedes_lineatopennis,female,Valid
trays/3281/specimens/39315/front.jpg,39315,front,11,aedes,Aedes_sierrensis,male,Valid
trays/4703/specimens/4703_2/back.jpg,4703_2,back,20,anopheles,Anopheles_pharoensis,female,Test
trays/6770/specimens/agamotto-idt1-beta15_1067/front.jpg,agamotto-idt1-beta15_1067,front,19,anopheles,Anopheles_arabiensis,female,Train
trays/3239/specimens/38814/front.jpg,38814,front,30,culex,Culex_tarsalis,female,Train
trays/1345/specimens/16130/back.jpg,16130,back,30,culex,Culex_tarsalis,female,Test
trays/5850/specimens/5850_2/back.jpg,5850_2,back,24,culex,Culex_bitaeniorhynchus,female,Train
trays/5902/specimens/5902_7/back.jpg,5902_7,back,31,culex,Culex_tritaeniorhynchus,female,Valid
trays/407/specimens/4881/back.jpg,4881,back,10,aedes,Aedes_melanimon,female,Test
trays/3579/specimens/42892/back.jpg,42892,back,28,culex,Culex_restuans,male,Valid
trays/3058/specimens/36662/front.jpg,36662,front,23,anopheles,Anopheles_stephensi,male,Train
trays/2931/specimens/35151/front.jpg,35151,front,5,aedes,Aedes_dorsalis,female,Valid
trays/550/specimens/6599/back.jpg,6599,back,25,culex,Culex_nigripalpus,female,Valid
trays/558/specimens/6694/back.jpg,6694,back,25,culex,Culex_nigripalpus,male,Train
trays/4496/specimens/4496_5/front.jpg,4496_5,front,27,culex,Culex_quinquefasciatus,female,Train
trays/7281/specimens/agamotto-idt1-beta30_3419/back.jpg,agamotto-idt1-beta30_3419,back,26,culex,Culex_orientalis,female,Train
trays/7301/specimens/agamotto-idt1-beta30_3656/front.jpg,agamotto-idt1-beta30_3656,front,26,culex,Culex_orientalis,female,Train
trays/22758/specimens/agamotto-idt1-beta66_19786/back.jpg,agamotto-idt1-beta66_19786,back,1,aedes,Aedes_albopictus,male,Train
trays/8444/specimens/agamotto-idt1-beta28_1162/front.jpg,agamotto-idt1-beta28_1162,front,27,culex,Culex_quinquefasciatus,female,Valid
trays/3234/specimens/38750/back.jpg,38750,back,30,culex,Culex_tarsalis,female,Train
trays/20506/specimens/agamotto-idt1-beta66_16035/back.jpg,agamotto-idt1-beta66_16035,back,1,aedes,Aedes_albopictus,female,Test
trays/10688/specimens/agamotto-idt1-beta24_2435/front.jpg,agamotto-idt1-beta24_2435,front,29,culex,Culex_salinarius,female,Valid
trays/4680/specimens/4680_7/back.jpg,4680_7,back,9,aedes,Aedes_mcintoshi,female,Test
trays/2703/specimens/32420/front.jpg,32420,front,22,anopheles,Anopheles_quadrimaculatus_sl,female,Valid
trays/6403/specimens/agamotto-idt1-beta30_1368/back.jpg,agamotto-idt1-beta30_1368,back,7,aedes,Aedes_koreicus,female,Train
trays/527/specimens/6323/back.jpg,6323,back,21,anopheles,Anopheles_punctipennis,female,Valid
trays/3582/specimens/42933/front.jpg,42933,front,28,culex,Culex_restuans,male,Train
trays/7124/specimens/agamotto-idt1-beta15_2771/back.jpg,agamotto-idt1-beta15_2771,back,9,aedes,Aedes_mcintoshi,female,Valid
trays/5862/specimens/5862_5/back.jpg,5862_5,back,24,culex,Culex_bitaeniorhynchus,female,Train
trays/3395/specimens/40690/front.jpg,40690,front,18,anopheles,Anopheles_funestus_fumoz,female,Valid
trays/4302/specimens/4302_0/front.jpg,4302_0,front,28,culex,Culex_restuans,female,Train
trays/533/specimens/6387/back.jpg,6387,back,6,aedes,Aedes_japonicus,female,Test
trays/2948/specimens/35353/back.jpg,35353,back,14,aedes,Aedes_vexans,female,Train
trays/3265/specimens/39131/front.jpg,39131,front,27,culex,Culex_pipiens_sl,female,Train
trays/555/specimens/6655/front.jpg,6655,front,25,culex,Culex_nigripalpus,female,Train
trays/1161/specimens/13930/front.jpg,13930,front,16,anopheles,Anopheles_crucians,female,Train
trays/3445/specimens/41287/back.jpg,41287,back,23,anopheles,Anopheles_stephensi_nijmegen,female,Valid
trays/4613/specimens/4613_6/back.jpg,4613_6,back,9,aedes,Aedes_mcintoshi,female,Valid
trays/4251/specimens/50928/back.jpg,50928,back,16,anopheles,Anopheles_crucians_sl,female,Test
trays/8067/specimens/agamotto-idt1-beta24_414/back.jpg,agamotto-idt1-beta24_414,back,4,aedes,Aedes_communis,male,Valid
trays/15841/specimens/agamotto-idt1-beta02_1973/back.jpg,agamotto-idt1-beta02_1973,back,6,aedes,Aedes_japonicus,female,Test
trays/5903/specimens/5903_6/front.jpg,5903_6,front,31,culex,Culex_tritaeniorhynchus,female,Train
trays/523/specimens/6276/back.jpg,6276,back,12,aedes,Aedes_taeniorhynchus,female,Test
trays/11372/specimens/agamotto-idt1-beta39_1586/front.jpg,agamotto-idt1-beta39_1586,front,10,aedes,Aedes_melanimon,female,Test
trays/556/specimens/6671/front.jpg,6671,front,25,culex,Culex_nigripalpus,female,Valid
trays/4948/specimens/4948_9/back.jpg,4948_9,back,31,culicidae,culex,0,Train
trays/4517/specimens/4517_3/back.jpg,4517_3,back,27,culex,Culex_quinquefasciatus,male,Valid
trays/19780/specimens/agamotto-idt1-beta42_2080/back.jpg,agamotto-idt1-beta42_2080,back,0,aedes,Aedes_aegypti,female,Valid
trays/2931/specimens/35153/back.jpg,35153,back,14,aedes,Aedes_vexans,female,Train
trays/7294/specimens/agamotto-idt1-beta30_3576/back.jpg,agamotto-idt1-beta30_3576,back,26,culex,Culex_orientalis,female,Train
trays/22440/specimens/agamotto-idt1-beta66_17807/back.jpg,agamotto-idt1-beta66_17807,back,1,aedes,Aedes_albopictus,male,Valid
trays/7290/specimens/agamotto-idt1-beta30_3517/back.jpg,agamotto-idt1-beta30_3517,back,26,culex,Culex_orientalis,female,Train
trays/8163/specimens/agamotto-idt1-beta24_552/back.jpg,agamotto-idt1-beta24_552,back,4,aedes,Aedes_communis,female,Train
trays/4223/specimens/50582/front.jpg,50582,front,13,aedes,Aedes_triseriatus,female,Valid
trays/3576/specimens/42857/front.jpg,42857,front,28,culex,Culex_restuans,female,Train
trays/7281/specimens/agamotto-idt1-beta30_3413/front.jpg,agamotto-idt1-beta30_3413,front,26,culex,Culex_orientalis,female,Test
trays/5721/specimens/5721_1/back.jpg,5721_1,back,8,aedes,Aedes_lineatopennis,female,Train
trays/6775/specimens/agamotto-idt1-beta15_1121/back.jpg,agamotto-idt1-beta15_1121,back,19,anopheles,Anopheles_arabiensis,male,Train
trays/1408/specimens/16890/back.jpg,16890,back,13,aedes,Aedes_triseriatus,female,Valid
trays/3427/specimens/41068/front.jpg,41068,front,19,anopheles,Anopheles_gambiae_cdcg3,female,Train
trays/10563/specimens/agamotto-idt1-beta41_1042/front.jpg,agamotto-idt1-beta41_1042,front,11,aedes,Aedes_sierrensis,female,Train
trays/7941/specimens/agamotto-idt1-beta03_513/back.jpg,agamotto-idt1-beta03_513,back,11,aedes,Aedes_sierrensis,male,Train
trays/1852/specimens/22214/front.jpg,22214,front,25,culex,Culex_nigripalpus,female,Test
trays/1405/specimens/16851/back.jpg,16851,back,28,culex,Culex_restuans,male,Test
trays/3030/specimens/36329/front.jpg,36329,front,3,aedes,Aedes_canadensis,female,Valid
trays/5906/specimens/5906_5/front.jpg,5906_5,front,31,culex,Culex_tritaeniorhynchus,female,Valid
trays/1185/specimens/14211/back.jpg,14211,back,12,aedes,Aedes_taeniorhynchus,female,Test
trays/4191/specimens/50197/back.jpg,50197,back,18,anopheles,Anopheles_funestus,female,Valid
trays/6112/specimens/agamotto-idt1-beta15_35/front.jpg,agamotto-idt1-beta15_35,front,9,aedes,Aedes_mcintoshi,female,Valid
trays/7287/specimens/agamotto-idt1-beta30_3492/back.jpg,agamotto-idt1-beta30_3492,back,26,culex,Culex_orientalis,female,Test
trays/3769/specimens/45172/front.jpg,45172,front,16,anopheles,Anopheles_crucians_sl,female,Train
trays/2413/specimens/28936/back.jpg,28936,back,21,anopheles,Anopheles_punctipennis,male,Valid
trays/5077/specimens/5077_9/front.jpg,5077_9,front,9,aedes,Aedes_mcintoshi,female,Train
trays/4252/specimens/50932/back.jpg,50932,back,21,anopheles,Anopheles_punctipennis,male,Valid
trays/4680/specimens/4680_3/back.jpg,4680_3,back,9,aedes,Aedes_mcintoshi,female,Train
trays/4502/specimens/4502_8/back.jpg,4502_8,back,27,culex,Culex_quinquefasciatus,male,Train
trays/1095/specimens/13131/back.jpg,13131,back,10,aedes,Aedes_melanimon,female,Train
trays/3445/specimens/41284/back.jpg,41284,back,23,anopheles,Anopheles_stephensi_nijmegen,female,Valid
trays/20710/specimens/agamotto-idt1-beta02_4650/front.jpg,agamotto-idt1-beta02_4650,front,1,aedes,Aedes_albopictus,female,Train
trays/1185/specimens/14218/front.jpg,14218,front,12,aedes,Aedes_taeniorhynchus,female,Train
trays/15659/specimens/agamotto-idt1-beta22_4444/back.jpg,agamotto-idt1-beta22_4444,back,0,aedes,Aedes_aegypti,male,Test
trays/4336/specimens/4336_1/front.jpg,4336_1,front,2,aedes,Aedes_atlanticus,female,Test
trays/1293/specimens/15513/back.jpg,15513,back,13,aedes,Aedes_triseriatus,female,Valid
trays/6416/specimens/agamotto-idt1-beta30_1516/front.jpg,agamotto-idt1-beta30_1516,front,7,aedes,Aedes_koreicus,female,Train
trays/9244/specimens/agamotto-idt1-beta28_1384/front.jpg,agamotto-idt1-beta28_1384,front,14,aedes,Aedes_vexans,female,Valid
trays/5908/specimens/5908_9/back.jpg,5908_9,back,31,culex,Culex_tritaeniorhynchus,female,Test
trays/5079/specimens/5079_5/back.jpg,5079_5,back,9,aedes,Aedes_mcintoshi,female,Train
trays/725/specimens/8700/back.jpg,8700,back,30,culex,Culex_tarsalis,female,Valid
trays/8161/specimens/agamotto-idt1-beta24_517/front.jpg,agamotto-idt1-beta24_517,front,4,aedes,Aedes_communis,female,Train
trays/525/specimens/6295/front.jpg,6295,front,21,anopheles,Anopheles_punctipennis,female,Train
trays/4210/specimens/50428/front.jpg,50428,front,20,anopheles,Anopheles_pharoensis,female,Test
trays/3579/specimens/42897/front.jpg,42897,front,28,culex,Culex_restuans,female,Train
trays/525/specimens/6293/front.jpg,6293,front,21,anopheles,Anopheles_punctipennis,female,Valid
trays/1293/specimens/15513/front.jpg,15513,front,13,aedes,Aedes_triseriatus,female,Valid
trays/2417/specimens/28990/front.jpg,28990,front,17,anopheles,Anopheles_freeborni,female,Valid
trays/3579/specimens/42895/front.jpg,42895,front,28,culex,Culex_restuans,female,Test
trays/575/specimens/6900/front.jpg,6900,front,3,aedes,Aedes_canadensis,female,Train
trays/4680/specimens/4680_9/back.jpg,4680_9,back,9,aedes,Aedes_mcintoshi,female,Train
trays/2928/specimens/35115/front.jpg,35115,front,14,aedes,Aedes_vexans,female,Valid
trays/14630/specimens/agamotto-idt1-beta28_3927/back.jpg,agamotto-idt1-beta28_3927,back,25,culex,Culex_nigripalpus,female,Test
trays/4137/specimens/49559/back.jpg,49559,back,18,anopheles,Anopheles_funestus_s.l,female,Test
trays/6123/specimens/agamotto-idt1-beta03_63/front.jpg,agamotto-idt1-beta03_63,front,11,aedes,Aedes_sierrensis,female,Train
trays/4203/specimens/50341/back.jpg,50341,back,28,culex,Culex_restuans,female,Train
trays/4151/specimens/49724/back.jpg,49724,back,18,anopheles,Anopheles_funestus_s.l,female,Test
trays/4253/specimens/50948/back.jpg,50948,back,6,aedes,Aedes_japonicus,female,Train
trays/3034/specimens/36373/front.jpg,36373,front,3,aedes,Aedes_canadensis,female,Valid
trays/551/specimens/6611/back.jpg,6611,back,25,culex,Culex_nigripalpus,male,Train
trays/3117/specimens/37357/back.jpg,37357,back,19,anopheles,Anopheles_gambiae_cdc-g3,male,Train
trays/676/specimens/8103/front.jpg,8103,front,28,culex,Culex_restuans,female,Train
trays/5731/specimens/5731_1/back.jpg,5731_1,back,8,aedes,Aedes_lineatopennis,female,Train
trays/6404/specimens/agamotto-idt1-beta30_1379/back.jpg,agamotto-idt1-beta30_1379,back,7,aedes,Aedes_koreicus,female,Test
trays/10423/specimens/agamotto-idt1-beta15_4876/front.jpg,agamotto-idt1-beta15_4876,front,9,aedes,Aedes_mcintoshi,female,Train
trays/3432/specimens/41125/front.jpg,41125,front,19,anopheles,Anopheles_gambiae_cdcg3,female,Valid
trays/6123/specimens/agamotto-idt1-beta03_69/front.jpg,agamotto-idt1-beta03_69,front,11,aedes,Aedes_sierrensis,female,Test
trays/21204/specimens/agamotto-idt1-beta40_18773/front.jpg,agamotto-idt1-beta40_18773,front,13,aedes,Aedes_triseriatus,,Test
trays/22760/specimens/agamotto-idt1-beta66_19794/front.jpg,agamotto-idt1-beta66_19794,front,1,aedes,Aedes_albopictus,female,Train
trays/5724/specimens/5724_4/front.jpg,5724_4,front,8,aedes,Aedes_lineatopennis,female,Test
trays/4725/specimens/4725_6/back.jpg,4725_6,back,15,anopheles,Anopheles_coustani,female,Train
trays/8161/specimens/agamotto-idt1-beta24_525/back.jpg,agamotto-idt1-beta24_525,back,4,aedes,Aedes_communis,female,Valid
trays/3438/specimens/41200/back.jpg,41200,back,19,anopheles,Anopheles_gambiae_cdcg3,male,Train
trays/8161/specimens/agamotto-idt1-beta24_519/front.jpg,agamotto-idt1-beta24_519,front,4,aedes,Aedes_communis,male,Valid
trays/7101/specimens/agamotto-idt1-beta15_2485/back.jpg,agamotto-idt1-beta15_2485,back,15,anopheles,Anopheles_coustani_s.l,female,Test
trays/3576/specimens/42859/back.jpg,42859,back,28,culex,Culex_restuans,female,Train
trays/3582/specimens/42936/back.jpg,42936,back,28,culex,Culex_restuans,male,Train
trays/8231/specimens/agamotto-idt1-beta24_678/back.jpg,agamotto-idt1-beta24_678,back,4,aedes,Aedes_communis,female,Train
trays/680/specimens/8154/back.jpg,8154,back,29,culex,Culex_salinarius,female,Train
trays/3059/specimens/36677/front.jpg,36677,front,23,anopheles,Anopheles_stephensi,male,Train
trays/3669/specimens/43973/front.jpg,43973,front,1,aedes,Aedes_albopictus,female,Train
trays/4709/specimens/4709_2/back.jpg,4709_2,back,20,anopheles,Anopheles_pharoensis,female,Train
trays/3034/specimens/36384/back.jpg,36384,back,3,aedes,Aedes_canadensis,female,Valid
trays/3028/specimens/36311/front.jpg,36311,front,3,aedes,Aedes_canadensis,female,Valid
trays/5909/specimens/5909_9/front.jpg,5909_9,front,31,culex,Culex_tritaeniorhynchus,female,Test
trays/2924/specimens/35070/back.jpg,35070,back,5,aedes,Aedes_dorsalis,female,Valid
trays/4328/specimens/4328_9/front.jpg,4328_9,front,18,anopheles,Anopheles_funestus,female,Train
trays/11043/specimens/agamotto-idt1-beta28_2438/back.jpg,agamotto-idt1-beta28_2438,back,5,aedes,Aedes_dorsalis,female,Valid
trays/3228/specimens/38688/back.jpg,38688,back,30,culex,Culex_tarsalis,female,Train
trays/3112/specimens/37299/back.jpg,37299,back,19,anopheles,Anopheles_gambiae_cdc-g3,female,Train
trays/3268/specimens/39158/front.jpg,39158,front,27,culex,Culex_pipiens_sl,female,Valid
trays/7296/specimens/agamotto-idt1-beta30_3598/front.jpg,agamotto-idt1-beta30_3598,front,26,culex,Culex_orientalis,female,Train
trays/2961/specimens/35507/front.jpg,35507,front,14,aedes,Aedes_vexans,female,Test
trays/5897/specimens/5897_2/front.jpg,5897_2,front,31,culex,Culex_tritaeniorhynchus,female,Valid
trays/1061/specimens/12723/back.jpg,12723,back,10,aedes,Aedes_melanimon,female,Train
trays/529/specimens/6346/back.jpg,6346,back,6,aedes,Aedes_japonicus,female,Test
trays/4356/specimens/4356_9/front.jpg,4356_9,front,15,anopheles,Anopheles_coustani,female,Train
trays/2419/specimens/29013/front.jpg,29013,front,17,anopheles,Anopheles_freeborni,female,Valid
trays/2863/specimens/34336/front.jpg,34336,front,5,aedes,Aedes_dorsalis,female,Test
trays/3282/specimens/39329/back.jpg,39329,back,11,aedes,Aedes_sierrensis,male,Train
trays/3034/specimens/36382/back.jpg,36382,back,3,aedes,Aedes_canadensis,female,Train
trays/4496/specimens/4496_2/front.jpg,4496_2,front,27,culex,Culex_quinquefasciatus,female,Valid
trays/4205/specimens/50371/front.jpg,50371,front,13,aedes,Aedes_triseriatus,female,Train
trays/3587/specimens/42996/front.jpg,42996,front,28,culex,Culex_restuans,female,Valid
trays/3232/specimens/38735/back.jpg,38735,back,30,culex,Culex_tarsalis,female,Test
trays/6492/specimens/agamotto-idt1-beta30_2028/back.jpg,agamotto-idt1-beta30_2028,back,7,aedes,Aedes_koreicus,female,Test
trays/3231/specimens/38723/back.jpg,38723,back,30,culex,Culex_tarsalis,female,Test
trays/3103/specimens/37198/front.jpg,37198,front,0,aedes,Aedes_aegypti,male,Train
trays/1247/specimens/14953/back.jpg,14953,back,13,aedes,Aedes_triseriatus,female,Test
trays/1146/specimens/13744/back.jpg,13744,back,10,aedes,Aedes_melanimon,female,Train
trays/4709/specimens/4709_7/front.jpg,4709_7,front,20,anopheles,Anopheles_pharoensis,female,Valid
trays/575/specimens/6897/back.jpg,6897,back,3,aedes,Aedes_canadensis,female,Valid
trays/1242/specimens/14904/front.jpg,14904,front,10,aedes,Aedes_melanimon,female,Valid
trays/3263/specimens/39105/back.jpg,39105,back,28,culex,Culex_restuans,female,Train
trays/4357/specimens/4357_3/front.jpg,4357_3,front,15,anopheles,Anopheles_coustani,female,Train
trays/577/specimens/6919/back.jpg,6919,back,3,aedes,Aedes_canadensis,female,Test
trays/1405/specimens/16851/front.jpg,16851,front,28,culex,Culex_restuans,male,Test
trays/3233/specimens/38745/front.jpg,38745,front,30,culex,Culex_tarsalis,female,Test
trays/682/specimens/8173/back.jpg,8173,back,29,culex,Culex_salinarius,female,Train
trays/6421/specimens/agamotto-idt1-beta30_1577/front.jpg,agamotto-idt1-beta30_1577,front,7,aedes,Aedes_koreicus,female,Test
trays/8065/specimens/agamotto-idt1-beta24_392/back.jpg,agamotto-idt1-beta24_392,back,4,aedes,Aedes_communis,male,Train
trays/4742/specimens/4742_3/back.jpg,4742_3,back,20,anopheles,Anopheles_pharoensis,female,Train
trays/533/specimens/6390/front.jpg,6390,front,6,aedes,Aedes_japonicus,female,Test
trays/1263/specimens/15153/back.jpg,15153,back,2,aedes,Aedes_atlanticus,female,Valid
trays/480/specimens/5754/back.jpg,5754,back,29,culex,Culex_salinarius,female,Train
trays/1163/specimens/13946/front.jpg,13946,front,16,anopheles,Anopheles_crucians,female,Test
trays/3112/specimens/37305/front.jpg,37305,front,19,anopheles,Anopheles_gambiae_cdc-g3,female,Test
trays/4129/specimens/49485/front.jpg,49485,front,18,anopheles,Anopheles_funestus,male,Train
trays/4202/specimens/50340/back.jpg,50340,back,13,aedes,Aedes_triseriatus,female,Test
trays/3032/specimens/36352/front.jpg,36352,front,3,aedes,Aedes_canadensis,female,Train
trays/1330/specimens/15958/back.jpg,15958,back,10,aedes,Aedes_melanimon,female,Test
trays/3032/specimens/36351/back.jpg,36351,back,3,aedes,Aedes_canadensis,female,Train
trays/1250/specimens/14993/front.jpg,14993,front,2,aedes,Aedes_atlanticus,female,Train
trays/5856/specimens/5856_4/back.jpg,5856_4,back,24,culex,Culex_bitaeniorhynchus,female,Valid
trays/3572/specimens/42807/back.jpg,42807,back,16,anopheles,Anopheles_crucians_sl,female,Test
trays/513/specimens/6148/front.jpg,6148,front,28,culex,Culex_restuans,female,Train
trays/7296/specimens/agamotto-idt1-beta30_3597/front.jpg,agamotto-idt1-beta30_3597,front,26,culex,Culex_orientalis,female,Test
trays/3763/specimens/45100/back.jpg,45100,back,13,aedes,Aedes_triseriatus,female,Test
trays/528/specimens/6326/front.jpg,6326,front,1,aedes,Aedes_albopictus,female,Train
trays/1190/specimens/14270/front.jpg,14270,front,25,culex,Culex_nigripalpus,female,Train
trays/3501/specimens/41954/front.jpg,41954,front,27,culex,Culex_quinqufasciatus_bamako,male,Train
trays/1180/specimens/14154/front.jpg,14154,front,12,aedes,Aedes_taeniorhynchus,female,Train
trays/3580/specimens/42903/front.jpg,42903,front,28,culex,Culex_restuans,male,Train
trays/3782/specimens/45330/front.jpg,45330,front,22,anopheles,Anopheles_quadrimaculatus,female,Valid
trays/515/specimens/6180/back.jpg,6180,back,12,aedes,Aedes_taeniorhynchus,female,Train
trays/26038/specimens/agamotto-idt1-beta13_778/back.jpg,agamotto-idt1-beta13_778,back,0,aedes,Aedes_aegypti,,Test
trays/1262/specimens/15140/front.jpg,15140,front,2,aedes,Aedes_atlanticus,female,Test
trays/3028/specimens/36305/back.jpg,36305,back,3,aedes,Aedes_canadensis,female,Valid
trays/556/specimens/6667/back.jpg,6667,back,25,culex,Culex_nigripalpus,male,Train
trays/1059/specimens/12707/front.jpg,12707,front,17,anopheles,Anopheles_freeborni,female,Test
trays/531/specimens/6361/front.jpg,6361,front,6,aedes,Aedes_japonicus,female,Train
trays/533/specimens/6387/front.jpg,6387,front,6,aedes,Aedes_japonicus,female,Test
trays/674/specimens/8081/back.jpg,8081,back,29,culex,Culex_salinarius,female,Train
trays/5724/specimens/5724_9/front.jpg,5724_9,front,8,aedes,Aedes_lineatopennis,female,Train
trays/3030/specimens/36326/back.jpg,36326,back,3,aedes,Aedes_canadensis,female,Test
trays/5634/specimens/5634_4/back.jpg,5634_4,back,9,aedes,Aedes_mcintoshi,female,Train
trays/5726/specimens/5726_5/back.jpg,5726_5,back,8,aedes,Aedes_lineatopennis,female,Train
trays/6124/specimens/agamotto-idt1-beta03_82/back.jpg,agamotto-idt1-beta03_82,back,11,aedes,Aedes_sierrensis,female,Train
trays/19780/specimens/agamotto-idt1-beta42_2080/front.jpg,agamotto-idt1-beta42_2080,front,0,aedes,Aedes_aegypti,female,Valid
trays/7297/specimens/agamotto-idt1-beta30_3610/back.jpg,agamotto-idt1-beta30_3610,back,26,culex,Culex_orientalis,female,Test
trays/4745/specimens/4745_0/back.jpg,4745_0,back,20,anopheles,Anopheles_pharoensis,female,Test
trays/5909/specimens/5909_8/front.jpg,5909_8,front,31,culex,Culex_tritaeniorhynchus,female,Test
trays/3398/specimens/40724/back.jpg,40724,back,18,anopheles,Anopheles_funestus_fumoz,male,Train
trays/7284/specimens/agamotto-idt1-beta30_3452/front.jpg,agamotto-idt1-beta30_3452,front,26,culex,Culex_orientalis,female,Valid
trays/3443/specimens/41267/back.jpg,41267,back,23,anopheles,Anopheles_stephensi_nijmegen,female,Valid
trays/16433/specimens/agamotto-idt1-beta84_334/front.jpg,agamotto-idt1-beta84_334,front,1,aedes,Aedes_albopictus,,Valid
trays/3806/specimens/45617/back.jpg,45617,back,21,anopheles,Anopheles_punctipennis,female,Valid
trays/530/specimens/6357/front.jpg,6357,front,6,aedes,Aedes_japonicus,female,Test
trays/10421/specimens/agamotto-idt1-beta15_4849/front.jpg,agamotto-idt1-beta15_4849,front,15,anopheles,Anopheles_coustani_s.l,female,Train
trays/4725/specimens/4725_8/back.jpg,4725_8,back,15,anopheles,Anopheles_coustani,female,Valid
trays/3782/specimens/45326/front.jpg,45326,front,22,anopheles,Anopheles_quadrimaculatus,female,Valid
trays/2151/specimens/25809/back.jpg,25809,back,21,anopheles,Anopheles_punctipennis,male,Valid
trays/3184/specimens/38151/back.jpg,38151,back,14,aedes,Aedes_vexans,female,Train
trays/5916/specimens/5916_9/front.jpg,5916_9,front,31,culex,Culex_tritaeniorhynchus,female,Test
trays/6778/specimens/agamotto-idt1-beta15_1153/front.jpg,agamotto-idt1-beta15_1153,front,19,anopheles,Anopheles_arabiensis,female,Test
trays/4516/specimens/4516_5/back.jpg,4516_5,back,27,culex,Culex_quinquefasciatus,male,Test
trays/3111/specimens/37289/front.jpg,37289,front,19,anopheles,Anopheles_gambiae_cdc-g3,female,Train
trays/554/specimens/6640/back.jpg,6640,back,25,culex,Culex_nigripalpus,female,Test
trays/2860/specimens/34298/front.jpg,34298,front,30,culex,Culex_tarsalis,female,Test
trays/10687/specimens/agamotto-idt1-beta24_2421/back.jpg,agamotto-idt1-beta24_2421,back,29,culex,Culex_salinarius,female,Train
trays/2950/specimens/35387/back.jpg,35387,back,14,aedes,Aedes_vexans,female,Train
trays/6402/specimens/agamotto-idt1-beta30_1354/front.jpg,agamotto-idt1-beta30_1354,front,7,aedes,Aedes_koreicus,female,Valid
trays/16433/specimens/agamotto-idt1-beta84_329/back.jpg,agamotto-idt1-beta84_329,back,1,aedes,Aedes_albopictus,,Test
trays/513/specimens/6147/front.jpg,6147,front,28,culex,Culex_restuans,female,Train
trays/3054/specimens/36614/back.jpg,36614,back,23,anopheles,Anopheles_stephensi,female,Test
trays/3958/specimens/47434/back.jpg,47434,back,15,anopheles,Anopheles_coustani,female,Train
trays/3760/specimens/45063/back.jpg,45063,back,13,aedes,Aedes_triseriatus,female,Train
trays/4223/specimens/50589/back.jpg,50589,back,13,aedes,Aedes_triseriatus,female,Test
trays/3442/specimens/41246/back.jpg,41246,back,23,anopheles,Anopheles_stephensi_nijmegen,female,Valid
trays/3398/specimens/40728/back.jpg,40728,back,18,anopheles,Anopheles_funestus_fumoz,male,Train
trays/7101/specimens/agamotto-idt1-beta15_2485/front.jpg,agamotto-idt1-beta15_2485,front,15,anopheles,Anopheles_coustani_s.l,female,Test
trays/2877/specimens/34510/front.jpg,34510,front,5,aedes,Aedes_dorsalis,female,Valid
trays/3028/specimens/36302/front.jpg,36302,front,3,aedes,Aedes_canadensis,female,Test
trays/4696/specimens/4696_2/back.jpg,4696_2,back,20,anopheles,Anopheles_pharoensis,female,Test
trays/2928/specimens/35121/back.jpg,35121,back,14,aedes,Aedes_vexans,female,Train
trays/5720/specimens/5720_11/back.jpg,5720_11,back,8,aedes,Aedes_lineatopennis,female,Test
trays/2861/specimens/34320/front.jpg,34320,front,5,aedes,Aedes_dorsalis,female,Valid
trays/3032/specimens/36359/front.jpg,36359,front,3,aedes,Aedes_canadensis,female,Train
trays/3786/specimens/45381/back.jpg,45381,back,22,anopheles,Anopheles_quadrimaculatus,female,Valid
trays/4730/specimens/4730_6/front.jpg,4730_6,front,15,anopheles,Anopheles_coustani,female,Test
trays/6487/specimens/agamotto-idt1-beta30_1967/back.jpg,agamotto-idt1-beta30_1967,back,7,aedes,Aedes_koreicus,female,Train
trays/3029/specimens/36313/front.jpg,36313,front,3,aedes,Aedes_canadensis,female,Train
trays/577/specimens/6914/front.jpg,6914,front,3,aedes,Aedes_canadensis,female,Train
trays/25489/specimens/agamotto-idt1-beta42_4360/front.jpg,agamotto-idt1-beta42_4360,front,0,aedes,Aedes_aegypti,female,Train
trays/556/specimens/6670/front.jpg,6670,front,25,culex,Culex_nigripalpus,female,Valid
trays/529/specimens/6342/front.jpg,6342,front,6,aedes,Aedes_japonicus,female,Train
trays/4304/specimens/4304_5/back.jpg,4304_5,back,0,aedes,Aedes_aegypti,female,Train
trays/11048/specimens/agamotto-idt1-beta28_2486/back.jpg,agamotto-idt1-beta28_2486,back,28,culex,Culex_restuans,male,Train
trays/8161/specimens/agamotto-idt1-beta24_524/back.jpg,agamotto-idt1-beta24_524,back,4,aedes,Aedes_communis,male,Test
trays/3049/specimens/36564/front.jpg,36564,front,23,anopheles,Anopheles_stephensi,male,Test
trays/2153/specimens/25826/back.jpg,25826,back,22,anopheles,Anopheles_quadrimaculatus,male,Valid
trays/6396/specimens/agamotto-idt1-beta30_1275/back.jpg,agamotto-idt1-beta30_1275,back,7,aedes,Aedes_koreicus,female,Train
trays/3030/specimens/36331/back.jpg,36331,back,3,aedes,Aedes_canadensis,female,Test
trays/481/specimens/5770/front.jpg,5770,front,29,culex,Culex_salinarius,female,Train
trays/1146/specimens/13749/back.jpg,13749,back,10,aedes,Aedes_melanimon,female,Test
trays/527/specimens/6323/front.jpg,6323,front,21,anopheles,Anopheles_punctipennis,female,Valid
trays/3782/specimens/45328/front.jpg,45328,front,22,anopheles,Anopheles_quadrimaculatus,female,Train
trays/6410/specimens/agamotto-idt1-beta30_1445/front.jpg,agamotto-idt1-beta30_1445,front,7,aedes,Aedes_koreicus,female,Test
trays/7299/specimens/agamotto-idt1-beta30_3636/back.jpg,agamotto-idt1-beta30_3636,back,26,culex,Culex_orientalis,female,Test
trays/6396/specimens/agamotto-idt1-beta30_1274/front.jpg,agamotto-idt1-beta30_1274,front,7,aedes,Aedes_koreicus,female,Test
trays/3048/specimens/36550/front.jpg,36550,front,23,anopheles,Anopheles_stephensi,female,Train
trays/3400/specimens/40746/front.jpg,40746,front,18,anopheles,Anopheles_funestus_fumoz,male,Valid
trays/2931/specimens/35149/front.jpg,35149,front,14,aedes,Aedes_vexans,female,Test
trays/4696/specimens/4696_10/front.jpg,4696_10,front,20,anopheles,Anopheles_pharoensis,female,Train
trays/3091/specimens/37048/back.jpg,37048,back,14,aedes,Aedes_vexans,female,Train
trays/573/specimens/6872/back.jpg,6872,back,13,aedes,Aedes_triseriatus,female,Valid
trays/4330/specimens/4330_11/front.jpg,4330_11,front,18,anopheles,Anopheles_funestus,male,Train
trays/3574/specimens/42836/back.jpg,42836,back,13,aedes,Aedes_triseriatus,male,Valid
trays/3784/specimens/45355/front.jpg,45355,front,22,anopheles,Anopheles_quadrimaculatus,female,Valid
trays/6394/specimens/agamotto-idt1-beta30_1253/front.jpg,agamotto-idt1-beta30_1253,front,7,aedes,Aedes_koreicus,female,Train
trays/531/specimens/6369/back.jpg,6369,back,6,aedes,Aedes_japonicus,female,Train
trays/2883/specimens/34584/back.jpg,34584,back,14,aedes,Aedes_vexans,female,Train
trays/1329/specimens/15944/back.jpg,15944,back,10,aedes,Aedes_melanimon,female,Valid
trays/4516/specimens/4516_11/back.jpg,4516_11,back,27,culex,Culex_quinquefasciatus,male,Test
trays/4725/specimens/4725_4/back.jpg,4725_4,back,15,anopheles,Anopheles_coustani_s.l,female,Valid
trays/4532/specimens/4532_9/back.jpg,4532_9,back,21,anopheles,Anopheles_punctipennis,female,Valid
trays/477/specimens/5715/back.jpg,5715,back,12,aedes,Aedes_taeniorhynchus,female,Train
trays/10413/specimens/agamotto-idt1-beta15_4759/front.jpg,agamotto-idt1-beta15_4759,front,9,aedes,Aedes_mcintoshi,female,Valid
trays/15773/specimens/agamotto-idt1-beta22_4885/back.jpg,agamotto-idt1-beta22_4885,back,0,aedes,Aedes_aegypti,male,Valid
trays/2806/specimens/33654/front.jpg,33654,front,5,aedes,Aedes_dorsalis,female,Test
trays/6448/specimens/agamotto-idt1-beta30_1903/back.jpg,agamotto-idt1-beta30_1903,back,7,aedes,Aedes_koreicus,female,Train
trays/1296/specimens/15542/front.jpg,15542,front,13,aedes,Aedes_triseriatus,female,Train
trays/3582/specimens/42935/front.jpg,42935,front,28,culex,Culex_restuans,male,Test
trays/3052/specimens/36589/back.jpg,36589,back,23,anopheles,Anopheles_stephensi,female,Valid
trays/4986/specimens/4986_0/front.jpg,4986_0,front,26,culex,Culex_orientalis,female,Test
trays/2948/specimens/35356/front.jpg,35356,front,14,aedes,Aedes_vexans,female,Train
trays/8161/specimens/agamotto-idt1-beta24_521/front.jpg,agamotto-idt1-beta24_521,front,4,aedes,Aedes_communis,female,Train
trays/522/specimens/6257/front.jpg,6257,front,12,aedes,Aedes_taeniorhynchus,female,Test
trays/22445/specimens/agamotto-idt1-beta66_17868/front.jpg,agamotto-idt1-beta66_17868,front,1,aedes,Aedes_albopictus,female,Test
trays/6777/specimens/agamotto-idt1-beta15_1147/front.jpg,agamotto-idt1-beta15_1147,front,19,anopheles,Anopheles_arabiensis,female,Valid
trays/4709/specimens/4709_0/back.jpg,4709_0,back,20,anopheles,Anopheles_pharoensis,female,Train
trays/3281/specimens/39324/back.jpg,39324,back,11,aedes,Aedes_sierrensis,male,Test
trays/7299/specimens/agamotto-idt1-beta30_3636/front.jpg,agamotto-idt1-beta30_3636,front,26,culex,Culex_orientalis,female,Test
trays/7286/specimens/agamotto-idt1-beta30_3480/front.jpg,agamotto-idt1-beta30_3480,front,26,culex,Culex_orientalis,female,Train
trays/5854/specimens/5854_8/front.jpg,5854_8,front,24,culex,Culex_bitaeniorhynchus,female,Train
trays/4360/specimens/4360_10/front.jpg,4360_10,front,14,aedes,Aedes_vexans,female,Train
trays/4741/specimens/4741_3/back.jpg,4741_3,back,15,anopheles,Anopheles_coustani_s.l,female,Valid
trays/4709/specimens/4709_5/front.jpg,4709_5,front,20,anopheles,Anopheles_pharoensis,female,Test
trays/3583/specimens/42945/front.jpg,42945,front,28,culex,Culex_restuans,male,Train
trays/1180/specimens/14159/back.jpg,14159,back,12,aedes,Aedes_taeniorhynchus,female,Test
trays/524/specimens/6285/back.jpg,6285,back,21,anopheles,Anopheles_punctipennis,female,Test
trays/3782/specimens/45331/back.jpg,45331,back,22,anopheles,Anopheles_quadrimaculatus,female,Test
trays/4156/specimens/49781/front.jpg,49781,front,18,anopheles,Anopheles_funestus_s.l,female,Train
trays/3959/specimens/47445/back.jpg,47445,back,15,anopheles,Anopheles_coustani,female,Train
trays/8066/specimens/agamotto-idt1-beta24_399/back.jpg,agamotto-idt1-beta24_399,back,4,aedes,Aedes_communis,male,Test
trays/3283/specimens/39347/front.jpg,39347,front,11,aedes,Aedes_sierrensis,female,Test
trays/3807/specimens/45632/back.jpg,45632,back,21,anopheles,Anopheles_punctipennis,female,Train
trays/3157/specimens/37840/front.jpg,37840,front,10,aedes,Aedes_melanimon,female,Valid
trays/5731/specimens/5731_11/back.jpg,5731_11,back,8,aedes,Aedes_lineatopennis,female,Train
trays/557/specimens/6683/front.jpg,6683,front,25,culex,Culex_nigripalpus,female,Test
trays/524/specimens/6282/front.jpg,6282,front,21,anopheles,Anopheles_punctipennis,female,Train
trays/3769/specimens/45170/front.jpg,45170,front,16,anopheles,Anopheles_crucians_sl,female,Train
trays/504/specimens/6042/back.jpg,6042,back,5,aedes,Aedes_dorsalis,female,Train
trays/7279/specimens/agamotto-idt1-beta30_3395/front.jpg,agamotto-idt1-beta30_3395,front,26,culex,Culex_orientalis,female,Valid
trays/10693/specimens/agamotto-idt1-beta24_2479/back.jpg,agamotto-idt1-beta24_2479,back,29,culex,Culex_salinarius,female,Train
trays/4742/specimens/4742_4/back.jpg,4742_4,back,20,anopheles,Anopheles_pharoensis,female,Train
trays/2708/specimens/32475/back.jpg,32475,back,22,anopheles,Anopheles_quadrimaculatus_sl,female,Train
trays/1225/specimens/14698/front.jpg,14698,front,10,aedes,Aedes_melanimon,female,Train
trays/1189/specimens/14257/front.jpg,14257,front,25,culex,Culex_nigripalpus,female,Train
trays/3871/specimens/46383/back.jpg,46383,back,16,anopheles,Anopheles_crucians_sl,female,Test
trays/3782/specimens/45331/front.jpg,45331,front,22,anopheles,Anopheles_quadrimaculatus,female,Test
trays/4514/specimens/4514_7/back.jpg,4514_7,back,27,culex,Culex_quinquefasciatus,male,Test
trays/514/specimens/6160/front.jpg,6160,front,12,aedes,Aedes_taeniorhynchus,female,Test
trays/4150/specimens/49707/back.jpg,49707,back,18,anopheles,Anopheles_funestus_s.l,female,Test
trays/4734/specimens/4734_4/back.jpg,4734_4,back,20,anopheles,Anopheles_pharoensis,female,Test
trays/23722/specimens/agamotto-idt1-beta66_22406/back.jpg,agamotto-idt1-beta66_22406,back,6,aedes,Aedes_japonicus,female,Train
trays/4734/specimens/4734_4/front.jpg,4734_4,front,20,anopheles,Anopheles_pharoensis,female,Test
trays/1166/specimens/13986/back.jpg,13986,back,16,anopheles,Anopheles_crucians,female,Train
trays/3771/specimens/45196/back.jpg,45196,back,6,aedes,Aedes_japonicus,female,Test
trays/523/specimens/6274/front.jpg,6274,front,12,aedes,Aedes_taeniorhynchus,female,Train
trays/4166/specimens/49900/back.jpg,49900,back,18,anopheles,Anopheles_funestus_s.l,female,Test
trays/3230/specimens/38711/front.jpg,38711,front,30,culex,Culex_tarsalis,female,Valid
trays/6411/specimens/agamotto-idt1-beta30_1453/back.jpg,agamotto-idt1-beta30_1453,back,7,aedes,Aedes_koreicus,female,Test
trays/4150/specimens/49711/front.jpg,49711,front,18,anopheles,Anopheles_funestus_s.l,female,Test
trays/1203/specimens/14434/front.jpg,14434,front,10,aedes,Aedes_melanimon,female,Train
trays/2515/specimens/30157/back.jpg,30157,back,19,anopheles,Anopheles_gambiae_s.l,female,Train
trays/5076/specimens/5076_2/back.jpg,5076_2,back,9,aedes,Aedes_mcintoshi,female,Valid
trays/25730/specimens/agamotto-idt1-beta13_353/back.jpg,agamotto-idt1-beta13_353,back,0,aedes,Aedes_aegypti,female,Test
trays/1329/specimens/15943/front.jpg,15943,front,10,aedes,Aedes_melanimon,female,Test
trays/1165/specimens/13977/front.jpg,13977,front,16,anopheles,Anopheles_crucians,female,Valid
trays/5721/specimens/5721_3/front.jpg,5721_3,front,8,aedes,Aedes_lineatopennis,female,Test
trays/21133/specimens/agamotto-idt1-beta102_6020/front.jpg,agamotto-idt1-beta102_6020,front,1,aedes,Aedes_albopictus,,Train
trays/24838/specimens/agamotto-idt1-beta59_2290/back.jpg,agamotto-idt1-beta59_2290,back,0,aedes,Aedes_aegypti,,Train
trays/5728/specimens/5728_7/back.jpg,5728_7,back,8,aedes,Aedes_lineatopennis,female,Valid
trays/8066/specimens/agamotto-idt1-beta24_407/back.jpg,agamotto-idt1-beta24_407,back,4,aedes,Aedes_communis,male,Train
trays/1184/specimens/14202/back.jpg,14202,back,12,aedes,Aedes_taeniorhynchus,female,Train
trays/2961/specimens/35498/front.jpg,35498,front,14,aedes,Aedes_vexans,female,Test
trays/673/specimens/8069/front.jpg,8069,front,29,culex,Culex_salinarius,female,Train
trays/3105/specimens/37224/back.jpg,37224,back,0,aedes,Aedes_aegypti,male,Valid
trays/532/specimens/6383/front.jpg,6383,front,6,aedes,Aedes_japonicus,female,Test
trays/2947/specimens/35348/back.jpg,35348,back,14,aedes,Aedes_vexans,female,Train
trays/20678/specimens/agamotto-idt1-beta40_17212/back.jpg,agamotto-idt1-beta40_17212,back,2,aedes,Aedes_atlanticus,,Test
trays/6398/specimens/agamotto-idt1-beta30_1297/back.jpg,agamotto-idt1-beta30_1297,back,7,aedes,Aedes_koreicus,female,Train
trays/3280/specimens/39309/front.jpg,39309,front,11,aedes,Aedes_sierrensis,male,Train
trays/4122/specimens/49400/front.jpg,49400,front,22,anopheles,Anopheles_quadrimaculatus,female,Test
trays/1164/specimens/13962/back.jpg,13962,back,16,anopheles,Anopheles_crucians,female,Train
trays/3053/specimens/36610/front.jpg,36610,front,23,anopheles,Anopheles_stephensi,female,Valid
trays/513/specimens/6152/front.jpg,6152,front,28,culex,Culex_restuans,female,Valid
trays/484/specimens/5805/front.jpg,5805,front,29,culex,Culex_salinarius,female,Valid
trays/3281/specimens/39324/front.jpg,39324,front,11,aedes,Aedes_sierrensis,male,Test
trays/5727/specimens/5727_10/front.jpg,5727_10,front,8,aedes,Aedes_lineatopennis,female,Valid
trays/523/specimens/6269/back.jpg,6269,back,12,aedes,Aedes_taeniorhynchus,female,Train
trays/3834/specimens/45959/back.jpg,45959,back,28,culex,Culex_restuans,female,Train
trays/3048/specimens/36541/front.jpg,36541,front,23,anopheles,Anopheles_stephensi,female,Test
trays/3281/specimens/39319/back.jpg,39319,back,11,aedes,Aedes_sierrensis,male,Train
trays/25757/specimens/agamotto-idt1-beta05_24513/front.jpg,agamotto-idt1-beta05_24513,front,0,aedes,Aedes_aegypti,,Test
trays/5079/specimens/5079_8/back.jpg,5079_8,back,9,aedes,Aedes_mcintoshi,female,Train
trays/5909/specimens/5909_4/front.jpg,5909_4,front,31,culex,Culex_tritaeniorhynchus,female,Test
trays/5857/specimens/5857_8/front.jpg,5857_8,front,24,culex,Culex_bitaeniorhynchus,female,Valid
trays/4986/specimens/4986_0/back.jpg,4986_0,back,26,culex,Culex_orientalis,female,Test
trays/3054/specimens/36614/front.jpg,36614,front,23,anopheles,Anopheles_stephensi,female,Test
trays/546/specimens/6542/back.jpg,6542,back,5,aedes,Aedes_dorsalis,female,Test
trays/478/specimens/5728/back.jpg,5728,back,12,aedes,Aedes_taeniorhynchus,female,Train
trays/3853/specimens/46176/back.jpg,46176,back,29,culex,Culex_salinarius,female,Test
trays/4251/specimens/50928/front.jpg,50928,front,16,anopheles,Anopheles_crucians_sl,female,Test
trays/6123/specimens/agamotto-idt1-beta03_66/front.jpg,agamotto-idt1-beta03_66,front,11,aedes,Aedes_sierrensis,female,Valid
trays/3434/specimens/41150/front.jpg,41150,front,19,anopheles,Anopheles_gambiae_cdcg3,female,Train
trays/5722/specimens/5722_1/front.jpg,5722_1,front,8,aedes,Aedes_lineatopennis,female,Valid
trays/1409/specimens/16900/front.jpg,16900,front,13,aedes,Aedes_triseriatus,female,Valid
trays/3449/specimens/41338/back.jpg,41338,back,23,anopheles,Anopheles_stephensi_nijmegen,male,Train
trays/13121/specimens/agamotto-idt1-beta22_1910/back.jpg,agamotto-idt1-beta22_1910,back,27,culex,Culex_quinquefasciatus,female,Valid
trays/529/specimens/6339/front.jpg,6339,front,6,aedes,Aedes_japonicus,female,Train
trays/3440/specimens/41228/front.jpg,41228,front,23,anopheles,Anopheles_stephensi_nijmegen,female,Test
trays/3853/specimens/46176/front.jpg,46176,front,29,culex,Culex_salinarius,female,Test
trays/4514/specimens/4514_5/front.jpg,4514_5,front,27,culex,Culex_quinquefasciatus,male,Train
trays/573/specimens/6876/back.jpg,6876,back,13,aedes,Aedes_triseriatus,female,Test
trays/1259/specimens/15106/back.jpg,15106,back,2,aedes,Aedes_atlanticus,female,Train
trays/6427/specimens/agamotto-idt1-beta30_1654/front.jpg,agamotto-idt1-beta30_1654,front,7,aedes,Aedes_koreicus,female,Train
trays/3035/specimens/36388/back.jpg,36388,back,3,aedes,Aedes_canadensis,female,Valid
trays/5852/specimens/5852_6/front.jpg,5852_6,front,24,culex,Culex_bitaeniorhynchus,female,Valid
trays/3440/specimens/41230/front.jpg,41230,front,23,anopheles,Anopheles_stephensi_nijmegen,female,Test
trays/1091/specimens/13088/back.jpg,13088,back,17,anopheles,Anopheles_freeborni,female,Train
trays/532/specimens/6382/back.jpg,6382,back,6,aedes,Aedes_japonicus,female,Train
trays/10563/specimens/agamotto-idt1-beta41_1035/back.jpg,agamotto-idt1-beta41_1035,back,11,aedes,Aedes_sierrensis,female,Test
trays/4345/specimens/4345_6/front.jpg,4345_6,front,15,anopheles,Anopheles_coustani,female,Train
trays/676/specimens/8102/back.jpg,8102,back,29,culex,Culex_salinarius,female,Train
trays/2703/specimens/32423/front.jpg,32423,front,22,anopheles,Anopheles_quadrimaculatus_sl,female,Train
trays/4136/specimens/49537/front.jpg,49537,front,18,anopheles,Anopheles_funestus,female,Train
trays/3281/specimens/39323/front.jpg,39323,front,11,aedes,Aedes_sierrensis,male,Valid
trays/4204/specimens/50361/front.jpg,50361,front,13,aedes,Aedes_triseriatus,female,Test
trays/3273/specimens/39221/front.jpg,39221,front,27,culex,Culex_pipiens_sl,female,Train
trays/10822/specimens/agamotto-idt1-beta41_1320/back.jpg,agamotto-idt1-beta41_1320,back,11,aedes,Aedes_sierrensis,female,Train
trays/4344/specimens/4344_6/back.jpg,4344_6,back,15,anopheles,Anopheles_coustani,female,Test
trays/3228/specimens/38678/back.jpg,38678,back,30,culex,Culex_tarsalis,female,Valid
trays/1091/specimens/13082/back.jpg,13082,back,17,anopheles,Anopheles_freeborni,female,Train
trays/25682/specimens/agamotto-idt1-beta13_249/back.jpg,agamotto-idt1-beta13_249,back,0,aedes,Aedes_aegypti,female,Test
trays/5850/specimens/5850_10/back.jpg,5850_10,back,24,culex,Culex_bitaeniorhynchus,female,Test
trays/9256/specimens/agamotto-idt1-beta24_1879/front.jpg,agamotto-idt1-beta24_1879,front,2,aedes,Aedes_atlanticus,male,Train
trays/5076/specimens/5076_10/back.jpg,5076_10,back,9,aedes,Aedes_mcintoshi,female,Valid
trays/3282/specimens/39333/front.jpg,39333,front,11,aedes,Aedes_sierrensis,male,Test
trays/3227/specimens/38676/front.jpg,38676,front,30,culex,Culex_tarsalis,female,Train
trays/3030/specimens/36328/front.jpg,36328,front,3,aedes,Aedes_canadensis,female,Test
trays/5730/specimens/5730_3/back.jpg,5730_3,back,8,aedes,Aedes_lineatopennis,female,Train
trays/5437/specimens/5437_3/front.jpg,5437_3,front,11,aedes,Aedes_sierrensis,female,Train
trays/3581/specimens/42918/back.jpg,42918,back,28,culex,Culex_restuans,female,Test
trays/2916/specimens/34980/back.jpg,34980,back,14,aedes,Aedes_vexans,female,Test
trays/5729/specimens/5729_6/back.jpg,5729_6,back,8,aedes,Aedes_lineatopennis,female,Train
trays/7275/specimens/agamotto-idt1-beta30_3348/front.jpg,agamotto-idt1-beta30_3348,front,26,culex,Culex_orientalis,female,Test
trays/7277/specimens/agamotto-idt1-beta30_3365/back.jpg,agamotto-idt1-beta30_3365,back,26,culex,Culex_orientalis,female,Valid
trays/3108/specimens/37256/back.jpg,37256,back,19,anopheles,Anopheles_gambiae_cdc-g3,female,Train
trays/19478/specimens/agamotto-idt1-beta42_1635/front.jpg,agamotto-idt1-beta42_1635,front,0,aedes,Aedes_aegypti,female,Train
trays/3806/specimens/45620/front.jpg,45620,front,21,anopheles,Anopheles_punctipennis,female,Test
trays/532/specimens/6383/back.jpg,6383,back,6,aedes,Aedes_japonicus,female,Test
trays/2704/specimens/32431/back.jpg,32431,back,22,anopheles,Anopheles_quadrimaculatus_sl,female,Train
trays/525/specimens/6292/back.jpg,6292,back,21,anopheles,Anopheles_punctipennis,female,Train
trays/5922/specimens/5922_8/back.jpg,5922_8,back,31,culex,Culex_tritaeniorhynchus,female,Valid
trays/398/specimens/4776/back.jpg,4776,back,17,anopheles,Anopheles_freeborni,female,Test
trays/1876/specimens/22508/front.jpg,22508,front,2,aedes,Aedes_atlanticus,female,Test
trays/7290/specimens/agamotto-idt1-beta30_3519/back.jpg,agamotto-idt1-beta30_3519,back,26,culex,Culex_orientalis,female,Test
trays/4121/specimens/49390/back.jpg,49390,back,28,culex,Culex_restuans,female,Train
trays/7125/specimens/agamotto-idt1-beta15_2780/back.jpg,agamotto-idt1-beta15_2780,back,9,aedes,Aedes_mcintoshi,female,Train
trays/7281/specimens/agamotto-idt1-beta30_3418/back.jpg,agamotto-idt1-beta30_3418,back,26,culex,Culex_orientalis,female,Train
trays/4614/specimens/4614_0/front.jpg,4614_0,front,20,anopheles,Anopheles_pharoensis,female,Train
trays/22434/specimens/agamotto-idt1-beta02_5359/front.jpg,agamotto-idt1-beta02_5359,front,1,aedes,Aedes_albopictus,female,Test
trays/4497/specimens/4497_9/front.jpg,4497_9,front,27,culex,Culex_quinquefasciatus,female,Train
trays/6492/specimens/agamotto-idt1-beta30_2028/front.jpg,agamotto-idt1-beta30_2028,front,7,aedes,Aedes_koreicus,female,Test
trays/2878/specimens/34517/back.jpg,34517,back,5,aedes,Aedes_dorsalis,female,Train
trays/4352/specimens/4352_8/front.jpg,4352_8,front,15,anopheles,Anopheles_coustani,female,Train
trays/573/specimens/6874/back.jpg,6874,back,13,aedes,Aedes_triseriatus,female,Test
trays/2418/specimens/29000/front.jpg,29000,front,17,anopheles,Anopheles_freeborni,female,Train
trays/3793/specimens/45457/back.jpg,45457,back,21,anopheles,Anopheles_punctipennis,female,Valid
trays/3033/specimens/36372/back.jpg,36372,back,3,aedes,Aedes_canadensis,female,Test
trays/529/specimens/6347/back.jpg,6347,back,6,aedes,Aedes_japonicus,female,Valid
trays/3085/specimens/36982/back.jpg,36982,back,0,aedes,Aedes_aegypti,male,Test
trays/533/specimens/6390/back.jpg,6390,back,6,aedes,Aedes_japonicus,female,Test
trays/3577/specimens/42868/back.jpg,42868,back,28,culex,Culex_restuans,female,Test
trays/4948/specimens/4948_5/front.jpg,4948_5,front,31,culicidae,culex,0,Train
trays/3437/specimens/41193/back.jpg,41193,back,19,anopheles,Anopheles_gambiae_cdcg3,female,Test
trays/3237/specimens/38795/front.jpg,38795,front,30,culex,Culex_tarsalis,female,Train
trays/7281/specimens/agamotto-idt1-beta30_3413/back.jpg,agamotto-idt1-beta30_3413,back,26,culex,Culex_orientalis,female,Test
trays/1183/specimens/14188/front.jpg,14188,front,12,aedes,Aedes_taeniorhynchus,female,Test
trays/5720/specimens/5720_3/back.jpg,5720_3,back,8,aedes,Aedes_lineatopennis,female,Train
trays/2892/specimens/34688/front.jpg,34688,front,2,aedes,Aedes_atlanticus,female,Valid
trays/1431/specimens/17169/front.jpg,17169,front,10,aedes,Aedes_melanimon,female,Train
trays/3236/specimens/38780/front.jpg,38780,front,30,culex,Culex_tarsalis,female,Train
trays/3786/specimens/45383/front.jpg,45383,front,22,anopheles,Anopheles_quadrimaculatus,female,Test
trays/1208/specimens/14486/back.jpg,14486,back,10,aedes,Aedes_melanimon,female,Test
trays/2210/specimens/26520/back.jpg,26520,back,17,anopheles,Anopheles_freeborni,female,Test
trays/3806/specimens/45620/back.jpg,45620,back,21,anopheles,Anopheles_punctipennis,female,Test
trays/4725/specimens/4725_5/front.jpg,4725_5,front,15,anopheles,Anopheles_coustani,female,Train
trays/2885/specimens/34603/back.jpg,34603,back,14,aedes,Aedes_vexans,female,Train
trays/8067/specimens/agamotto-idt1-beta24_419/back.jpg,agamotto-idt1-beta24_419,back,4,aedes,Aedes_communis,male,Train
trays/5721/specimens/5721_8/front.jpg,5721_8,front,8,aedes,Aedes_lineatopennis,female,Test
trays/1335/specimens/16020/front.jpg,16020,front,17,anopheles,Anopheles_freeborni,female,Train
trays/3231/specimens/38718/back.jpg,38718,back,30,culex,Culex_tarsalis,female,Test
trays/1252/specimens/15017/front.jpg,15017,front,2,aedes,Aedes_atlanticus,female,Valid
trays/5722/specimens/5722_3/front.jpg,5722_3,front,8,aedes,Aedes_lineatopennis,female,Train
trays/525/specimens/6291/back.jpg,6291,back,21,anopheles,Anopheles_punctipennis,female,Valid
trays/7282/specimens/agamotto-idt1-beta30_3429/back.jpg,agamotto-idt1-beta30_3429,back,26,culex,Culex_orientalis,female,Train
trays/3441/specimens/41243/front.jpg,41243,front,23,anopheles,Anopheles_stephensi_nijmegen,female,Test
trays/5076/specimens/5076_4/back.jpg,5076_4,back,9,aedes,Aedes_mcintoshi,female,Train
trays/484/specimens/5799/front.jpg,5799,front,29,culex,Culex_salinarius,female,Test
trays/1268/specimens/15216/back.jpg,15216,back,2,aedes,Aedes_atlanticus,female,Train
trays/7796/specimens/agamotto-idt1-beta30_7401/back.jpg,agamotto-idt1-beta30_7401,back,7,aedes,Aedes_koreicus,male,Valid
trays/3030/specimens/36328/back.jpg,36328,back,3,aedes,Aedes_canadensis,female,Test
trays/3769/specimens/45174/front.jpg,45174,front,16,anopheles,Anopheles_crucians_sl,female,Valid
trays/6394/specimens/agamotto-idt1-beta30_1249/back.jpg,agamotto-idt1-beta30_1249,back,7,aedes,Aedes_koreicus,female,Train
trays/1249/specimens/14981/front.jpg,14981,front,2,aedes,Aedes_atlanticus,female,Train
trays/3807/specimens/45633/back.jpg,45633,back,21,anopheles,Anopheles_punctipennis,female,Test
trays/546/specimens/6547/back.jpg,6547,back,5,aedes,Aedes_dorsalis,female,Train
trays/5077/specimens/5077_11/front.jpg,5077_11,front,9,aedes,Aedes_mcintoshi,female,Train
trays/2419/specimens/29005/front.jpg,29005,front,17,anopheles,Anopheles_freeborni,female,Train
trays/524/specimens/6283/front.jpg,6283,front,21,anopheles,Anopheles_punctipennis,female,Train
trays/529/specimens/6337/back.jpg,6337,back,6,aedes,Aedes_japonicus,female,Test
trays/26080/specimens/agamotto-idt1-beta13_898/front.jpg,agamotto-idt1-beta13_898,front,0,aedes,Aedes_aegypti,female,Train
trays/4706/specimens/4706_4/front.jpg,4706_4,front,20,anopheles,Anopheles_pharoensis,female,Train
trays/8066/specimens/agamotto-idt1-beta24_401/front.jpg,agamotto-idt1-beta24_401,front,4,aedes,Aedes_communis,male,Train
trays/2705/specimens/32442/front.jpg,32442,front,22,anopheles,Anopheles_quadrimaculatus_sl,female,Train
trays/7101/specimens/agamotto-idt1-beta15_2489/front.jpg,agamotto-idt1-beta15_2489,front,15,anopheles,Anopheles_coustani_s.l,female,Train
trays/4707/specimens/4707_5/front.jpg,4707_5,front,20,anopheles,Anopheles_pharoensis,female,Test
trays/4205/specimens/50376/back.jpg,50376,back,13,aedes,Aedes_triseriatus,female,Test
trays/552/specimens/6619/back.jpg,6619,back,25,culex,Culex_nigripalpus,male,Train
trays/525/specimens/6294/front.jpg,6294,front,21,anopheles,Anopheles_punctipennis,female,Train
trays/3581/specimens/42914/back.jpg,42914,back,28,culex,Culex_restuans,female,Valid
trays/1253/specimens/15029/back.jpg,15029,back,2,aedes,Aedes_atlanticus,female,Valid
trays/2868/specimens/34396/front.jpg,34396,front,14,aedes,Aedes_vexans,female,Test
trays/3500/specimens/41951/back.jpg,41951,back,27,culex,Culex_quinqufasciatus_bamako,male,Test
trays/4742/specimens/4742_0/front.jpg,4742_0,front,20,anopheles,Anopheles_pharoensis,female,Train
trays/10778/specimens/agamotto-idt1-beta41_1283/back.jpg,agamotto-idt1-beta41_1283,back,11,aedes,Aedes_sierrensis,male,Train
trays/5863/specimens/5863_10/front.jpg,5863_10,front,24,culex,Culex_bitaeniorhynchus,female,Test
trays/10688/specimens/agamotto-idt1-beta24_2433/back.jpg,agamotto-idt1-beta24_2433,back,29,culex,Culex_salinarius,female,Test
trays/3237/specimens/38785/back.jpg,38785,back,30,culex,Culex_tarsalis,female,Test
trays/527/specimens/6318/back.jpg,6318,back,21,anopheles,Anopheles_punctipennis,female,Test
trays/3439/specimens/41217/back.jpg,41217,back,19,anopheles,Anopheles_gambiae_cdcg3,male,Train
trays/5727/specimens/5727_1/front.jpg,5727_1,front,8,aedes,Aedes_lineatopennis,female,Valid
trays/6403/specimens/agamotto-idt1-beta30_1360/back.jpg,agamotto-idt1-beta30_1360,back,7,aedes,Aedes_koreicus,female,Train
trays/5853/specimens/5853_4/back.jpg,5853_4,back,24,culex,Culex_bitaeniorhynchus,female,Test
trays/554/specimens/6640/front.jpg,6640,front,25,culex,Culex_nigripalpus,female,Test
trays/3855/specimens/46189/back.jpg,46189,back,16,anopheles,Anopheles_crucians_sl,female,Test
trays/2882/specimens/34567/front.jpg,34567,front,14,aedes,Aedes_vexans,female,Valid
trays/4352/specimens/4352_1/back.jpg,4352_1,back,15,anopheles,Anopheles_coustani,female,Train
trays/2153/specimens/25832/back.jpg,25832,back,22,anopheles,Anopheles_quadrimaculatus,male,Test
trays/6393/specimens/agamotto-idt1-beta30_1246/front.jpg,agamotto-idt1-beta30_1246,front,7,aedes,Aedes_koreicus,female,Valid
trays/3111/specimens/37293/back.jpg,37293,back,19,anopheles,Anopheles_gambiae_cdc-g3,female,Train
trays/3248/specimens/38920/front.jpg,38920,front,30,culex,Culex_tarsalis,female,Valid
trays/5850/specimens/5850_3/front.jpg,5850_3,front,24,culex,Culex_bitaeniorhynchus,female,Test
trays/7296/specimens/agamotto-idt1-beta30_3595/front.jpg,agamotto-idt1-beta30_3595,front,26,culex,Culex_orientalis,female,Train
trays/2210/specimens/26509/back.jpg,26509,back,17,anopheles,Anopheles_freeborni,female,Train
trays/2419/specimens/29015/back.jpg,29015,back,17,anopheles,Anopheles_freeborni,female,Train
trays/552/specimens/6617/front.jpg,6617,front,25,culex,Culex_nigripalpus,male,Train
trays/12866/specimens/agamotto-idt1-beta53_1373/front.jpg,agamotto-idt1-beta53_1373,front,12,aedes,Aedes_taeniorhynchus,female,Test
trays/3053/specimens/36609/back.jpg,36609,back,23,anopheles,Anopheles_stephensi,female,Test
trays/15769/specimens/agamotto-idt1-beta22_4842/front.jpg,agamotto-idt1-beta22_4842,front,0,aedes,Aedes_aegypti,female,Test
trays/3495/specimens/41890/front.jpg,41890,front,27,culex,Culex_quinqufasciatus_bamako,female,Train
trays/1254/specimens/15041/front.jpg,15041,front,2,aedes,Aedes_atlanticus,female,Train
trays/2862/specimens/34325/back.jpg,34325,back,5,aedes,Aedes_dorsalis,female,Train
trays/3279/specimens/39290/front.jpg,39290,front,3,aedes,Aedes_canadensis,female,Test
trays/3445/specimens/41290/front.jpg,41290,front,23,anopheles,Anopheles_stephensi_nijmegen,female,Train
trays/3582/specimens/42935/back.jpg,42935,back,28,culex,Culex_restuans,male,Test
trays/3586/specimens/42983/back.jpg,42983,back,28,culex,Culex_restuans,female,Test
trays/7125/specimens/agamotto-idt1-beta15_2782/front.jpg,agamotto-idt1-beta15_2782,front,9,aedes,Aedes_mcintoshi,female,Train
trays/3446/specimens/41303/front.jpg,41303,front,23,anopheles,Anopheles_stephensi_nijmegen,female,Test
trays/1208/specimens/14492/front.jpg,14492,front,10,aedes,Aedes_melanimon,female,Train
trays/3028/specimens/36311/back.jpg,36311,back,3,aedes,Aedes_canadensis,female,Valid
trays/6768/specimens/agamotto-idt1-beta15_1035/back.jpg,agamotto-idt1-beta15_1035,back,19,anopheles,Anopheles_arabiensis,female,Train
trays/13982/specimens/agamotto-idt1-beta02_652/back.jpg,agamotto-idt1-beta02_652,back,16,anopheles,Anopheles_crucians,female,Test
trays/2928/specimens/35117/back.jpg,35117,back,14,aedes,Aedes_vexans,female,Test
trays/4170/specimens/49956/front.jpg,49956,front,18,anopheles,Anopheles_funestus,female,Train
trays/5725/specimens/5725_1/front.jpg,5725_1,front,8,aedes,Aedes_lineatopennis,female,Train
trays/3776/specimens/45263/front.jpg,45263,front,1,aedes,Aedes_albopictus,female,Valid
trays/4327/specimens/4327_10/back.jpg,4327_10,back,18,anopheles,Anopheles_funestus,female,Test
trays/2419/specimens/29008/front.jpg,29008,front,17,anopheles,Anopheles_freeborni,female,Test
trays/539/specimens/6457/back.jpg,6457,back,0,aedes,Aedes_aegypti,female,Test
trays/10777/specimens/agamotto-idt1-beta41_1269/front.jpg,agamotto-idt1-beta41_1269,front,11,aedes,Aedes_sierrensis,female,Test
trays/8421/specimens/agamotto-idt1-beta28_914/front.jpg,agamotto-idt1-beta28_914,front,27,culex,Culex_quinquefasciatus,female,Valid
trays/1298/specimens/15575/back.jpg,15575,back,13,aedes,Aedes_triseriatus,female,Train
trays/7275/specimens/agamotto-idt1-beta30_3346/back.jpg,agamotto-idt1-beta30_3346,back,26,culex,Culex_orientalis,female,Valid
trays/576/specimens/6902/front.jpg,6902,front,3,aedes,Aedes_canadensis,female,Test
trays/479/specimens/5741/front.jpg,5741,front,29,culex,Culex_salinarius,female,Test
trays/1094/specimens/13119/back.jpg,13119,back,17,anopheles,Anopheles_freeborni,female,Valid
trays/5899/specimens/5899_3/front.jpg,5899_3,front,31,culex,Culex_tritaeniorhynchus,female,Test
trays/3596/specimens/43096/front.jpg,43096,front,28,culex,Culex_restuans,female,Test
trays/1187/specimens/14239/front.jpg,14239,front,25,culex,Culex_nigripalpus,female,Train
trays/3769/specimens/45169/front.jpg,45169,front,16,anopheles,Anopheles_crucians_sl,female,Train
trays/4344/specimens/4344_0/back.jpg,4344_0,back,15,anopheles,Anopheles_coustani,female,Train
trays/9098/specimens/agamotto-idt1-beta03_975/front.jpg,agamotto-idt1-beta03_975,front,11,aedes,Aedes_sierrensis,male,Test
trays/3712/specimens/44490/back.jpg,44490,back,27,culex,Culex_quinquefasciatus_bcs,female,Train
trays/3029/specimens/36314/front.jpg,36314,front,3,aedes,Aedes_canadensis,female,Train
trays/1267/specimens/15198/back.jpg,15198,back,2,aedes,Aedes_atlanticus,female,Train
trays/7297/specimens/agamotto-idt1-beta30_3607/back.jpg,agamotto-idt1-beta30_3607,back,26,culex,Culex_orientalis,female,Train
trays/10909/specimens/agamotto-idt1-beta66_3184/back.jpg,agamotto-idt1-beta66_3184,back,1,aedes,Aedes_albopictus,female,Valid
trays/22089/specimens/agamotto-idt1-beta42_3340/front.jpg,agamotto-idt1-beta42_3340,front,0,aedes,Aedes_aegypti,female,Train
trays/5859/specimens/5859_2/back.jpg,5859_2,back,24,culex,Culex_bitaeniorhynchus,female,Test
trays/4859/specimens/4859_11/back.jpg,4859_11,back,23,anopheles,Anopheles_stephensi,female,Train
trays/5858/specimens/5858_0/front.jpg,5858_0,front,24,culex,Culex_bitaeniorhynchus,female,Test
trays/507/specimens/6081/back.jpg,6081,back,5,aedes,Aedes_dorsalis,female,Train
trays/11178/specimens/agamotto-idt1-beta28_3026/back.jpg,agamotto-idt1-beta28_3026,back,17,anopheles,Anopheles_freeborni,female,Train
trays/480/specimens/5757/back.jpg,5757,back,29,culex,Culex_salinarius,female,Valid
trays/10909/specimens/agamotto-idt1-beta66_3186/back.jpg,agamotto-idt1-beta66_3186,back,1,aedes,Aedes_albopictus,female,Valid
trays/5730/specimens/5730_8/front.jpg,5730_8,front,8,aedes,Aedes_lineatopennis,female,Test
trays/5909/specimens/5909_8/back.jpg,5909_8,back,31,culex,Culex_tritaeniorhynchus,female,Test
trays/26076/specimens/agamotto-idt1-beta13_854/back.jpg,agamotto-idt1-beta13_854,back,0,aedes,Aedes_aegypti,,Test
trays/3435/specimens/41162/front.jpg,41162,front,19,anopheles,Anopheles_gambiae_cdcg3,female,Test
trays/21664/specimens/agamotto-idt1-beta59_565/back.jpg,agamotto-idt1-beta59_565,back,1,aedes,Aedes_albopictus,,Train
trays/6393/specimens/agamotto-idt1-beta30_1242/back.jpg,agamotto-idt1-beta30_1242,back,7,aedes,Aedes_koreicus,female,Test
trays/3873/specimens/46411/front.jpg,46411,front,21,anopheles,Anopheles_punctipennis,female,Train
trays/480/specimens/5751/back.jpg,5751,back,29,culex,Culex_salinarius,female,Train
trays/1161/specimens/13925/back.jpg,13925,back,16,anopheles,Anopheles_crucians,female,Train
trays/5862/specimens/5862_4/front.jpg,5862_4,front,24,culex,Culex_bitaeniorhynchus,female,Valid
trays/1262/specimens/15141/back.jpg,15141,back,2,aedes,Aedes_atlanticus,female,Valid
trays/4743/specimens/4743_0/front.jpg,4743_0,front,15,anopheles,Anopheles_coustani_s.l,female,Train
trays/550/specimens/6597/front.jpg,6597,front,25,culex,Culex_nigripalpus,female,Test
trays/1257/specimens/15076/back.jpg,15076,back,2,aedes,Aedes_atlanticus,female,Test
trays/1247/specimens/14959/front.jpg,14959,front,6,aedes,Aedes_japonicus,female,Train
trays/11063/specimens/agamotto-idt1-beta28_2667/front.jpg,agamotto-idt1-beta28_2667,front,17,anopheles,Anopheles_freeborni,female,Test
trays/3580/specimens/42910/front.jpg,42910,front,28,culex,Culex_restuans,male,Train
trays/1162/specimens/13934/front.jpg,13934,front,16,anopheles,Anopheles_crucians,female,Train
trays/3573/specimens/42819/back.jpg,42819,back,16,anopheles,Anopheles_crucians_sl,female,Test
trays/1226/specimens/14711/back.jpg,14711,back,10,aedes,Aedes_melanimon,female,Valid
trays/4518/specimens/4518_11/back.jpg,4518_11,back,27,culex,Culex_quinquefasciatus,male,Train
trays/556/specimens/6669/back.jpg,6669,back,25,culex,Culex_nigripalpus,male,Test
trays/3034/specimens/36373/back.jpg,36373,back,3,aedes,Aedes_canadensis,female,Valid
trays/461/specimens/5525/back.jpg,5525,back,11,aedes,Aedes_sierrensis,male,Train
trays/407/specimens/4883/back.jpg,4883,back,10,aedes,Aedes_melanimon,female,Valid
trays/526/specimens/6303/front.jpg,6303,front,21,anopheles,Anopheles_punctipennis,female,Train
trays/6448/specimens/agamotto-idt1-beta30_1900/front.jpg,agamotto-idt1-beta30_1900,front,7,aedes,Aedes_koreicus,female,Train
trays/4202/specimens/50340/front.jpg,50340,front,13,aedes,Aedes_triseriatus,female,Test
trays/1183/specimens/14188/back.jpg,14188,back,12,aedes,Aedes_taeniorhynchus,female,Test
trays/9290/specimens/agamotto-idt1-beta29_2698/back.jpg,agamotto-idt1-beta29_2698,back,23,anopheles,Anopheles_stephensi,female,Valid
trays/4331/specimens/4331_8/back.jpg,4331_8,back,18,anopheles,Anopheles_funestus,female,Train
trays/2974/specimens/35663/back.jpg,35663,back,14,aedes,Aedes_vexans,female,Valid
trays/4613/specimens/4613_2/front.jpg,4613_2,front,20,anopheles,Anopheles_pharoensis,female,Valid
trays/8068/specimens/agamotto-idt1-beta24_425/front.jpg,agamotto-idt1-beta24_425,front,4,aedes,Aedes_communis,male,Test
trays/3033/specimens/36370/back.jpg,36370,back,3,aedes,Aedes_canadensis,female,Train
trays/10765/specimens/agamotto-idt1-beta41_1120/back.jpg,agamotto-idt1-beta41_1120,back,30,culex,Culex_tarsalis,female,Train
trays/5851/specimens/5851_8/back.jpg,5851_8,back,24,culex,Culex_bitaeniorhynchus,female,Train
trays/2211/specimens/26523/back.jpg,26523,back,17,anopheles,Anopheles_freeborni,female,Train
trays/7124/specimens/agamotto-idt1-beta15_2762/front.jpg,agamotto-idt1-beta15_2762,front,9,aedes,Aedes_mcintoshi,female,Train
trays/8162/specimens/agamotto-idt1-beta24_535/front.jpg,agamotto-idt1-beta24_535,front,4,aedes,Aedes_communis,male,Train
trays/3435/specimens/41165/back.jpg,41165,back,19,anopheles,Anopheles_gambiae_cdcg3,female,Train
trays/4170/specimens/49948/front.jpg,49948,front,18,anopheles,Anopheles_funestus_s.l,female,Train
trays/4738/specimens/4738_2/back.jpg,4738_2,back,20,anopheles,Anopheles_pharoensis,female,Valid
trays/6491/specimens/agamotto-idt1-beta30_2016/back.jpg,agamotto-idt1-beta30_2016,back,7,aedes,Aedes_koreicus,female,Test
trays/3960/specimens/47450/front.jpg,47450,front,15,anopheles,Anopheles_coustani,female,Test
trays/26074/specimens/agamotto-idt1-beta13_824/back.jpg,agamotto-idt1-beta13_824,back,0,aedes,Aedes_aegypti,female,Test
trays/5853/specimens/5853_6/back.jpg,5853_6,back,24,culex,Culex_bitaeniorhynchus,female,Train
trays/544/specimens/6526/front.jpg,6526,front,0,aedes,Aedes_aegypti,female,Test
trays/5080/specimens/5080_0/back.jpg,5080_0,back,9,aedes,Aedes_mcintoshi,female,Train
trays/1298/specimens/15565/front.jpg,15565,front,13,aedes,Aedes_triseriatus,female,Train
trays/3855/specimens/46191/front.jpg,46191,front,6,aedes,Aedes_japonicus,female,Valid
trays/22205/specimens/agamotto-idt1-beta22_7492/back.jpg,agamotto-idt1-beta22_7492,back,0,aedes,Aedes_aegypti,,Train
trays/2703/specimens/32421/back.jpg,32421,back,22,anopheles,Anopheles_quadrimaculatus_sl,female,Valid
trays/2210/specimens/26511/front.jpg,26511,front,17,anopheles,Anopheles_freeborni,female,Valid
trays/11394/specimens/agamotto-idt1-beta24_2887/back.jpg,agamotto-idt1-beta24_2887,back,1,aedes,Aedes_albopictus,female,Test
trays/5857/specimens/5857_11/back.jpg,5857_11,back,24,culex,Culex_bitaeniorhynchus,female,Train
trays/6499/specimens/agamotto-idt1-beta30_2112/front.jpg,agamotto-idt1-beta30_2112,front,7,aedes,Aedes_koreicus,female,Valid
trays/2921/specimens/35032/back.jpg,35032,back,5,aedes,Aedes_dorsalis,female,Train
trays/1222/specimens/14660/back.jpg,14660,back,10,aedes,Aedes_melanimon,female,Train
trays/1165/specimens/13970/back.jpg,13970,back,16,anopheles,Anopheles_crucians,female,Test
trays/5863/specimens/5863_8/back.jpg,5863_8,back,24,culex,Culex_bitaeniorhynchus,female,Train
trays/504/specimens/6043/front.jpg,6043,front,5,aedes,Aedes_dorsalis,female,Test
trays/504/specimens/6048/front.jpg,6048,front,5,aedes,Aedes_dorsalis,female,Valid
trays/3035/specimens/36385/back.jpg,36385,back,3,aedes,Aedes_canadensis,female,Train
trays/478/specimens/5726/front.jpg,5726,front,12,aedes,Aedes_taeniorhynchus,female,Train
trays/10599/specimens/agamotto-idt1-beta66_2050/back.jpg,agamotto-idt1-beta66_2050,back,1,aedes,Aedes_albopictus,female,Train
trays/7297/specimens/agamotto-idt1-beta30_3610/front.jpg,agamotto-idt1-beta30_3610,front,26,culex,Culex_orientalis,female,Test
trays/3760/specimens/45064/back.jpg,45064,back,13,aedes,Aedes_triseriatus,female,Train
trays/2419/specimens/29012/back.jpg,29012,back,17,anopheles,Anopheles_freeborni,female,Valid
trays/14365/specimens/agamotto-idt1-beta22_2612/front.jpg,agamotto-idt1-beta22_2612,front,0,aedes,Aedes_aegypti,female,Train
trays/3583/specimens/42937/back.jpg,42937,back,28,culex,Culex_restuans,male,Valid
trays/5858/specimens/5858_0/back.jpg,5858_0,back,24,culex,Culex_bitaeniorhynchus,female,Test
trays/3769/specimens/45171/front.jpg,45171,front,16,anopheles,Anopheles_crucians_sl,female,Train
trays/3448/specimens/41325/back.jpg,41325,back,23,anopheles,Anopheles_stephensi_nijmegen,male,Train
trays/3578/specimens/42877/back.jpg,42877,back,28,culex,Culex_restuans,male,Test
trays/2702/specimens/32412/back.jpg,32412,back,22,anopheles,Anopheles_quadrimaculatus_sl,female,Test
trays/5723/specimens/5723_3/front.jpg,5723_3,front,8,aedes,Aedes_lineatopennis,female,Valid
trays/1263/specimens/15147/front.jpg,15147,front,2,aedes,Aedes_atlanticus,female,Test
trays/5105/specimens/5105_4/back.jpg,5105_4,back,15,anopheles,Anopheles_coustani_s.l,female,Train
trays/1060/specimens/12714/back.jpg,12714,back,17,anopheles,Anopheles_freeborni,female,Train
trays/3049/specimens/36562/back.jpg,36562,back,23,anopheles,Anopheles_stephensi,male,Train
trays/3776/specimens/45253/front.jpg,45253,front,1,aedes,Aedes_albopictus,female,Train
trays/3495/specimens/41891/back.jpg,41891,back,27,culex,Culex_quinqufasciatus_bamako,female,Test
trays/5869/specimens/5869_4/back.jpg,5869_4,back,24,culex,Culex_bitaeniorhynchus,female,Test
trays/4744/specimens/4744_5/back.jpg,4744_5,back,20,anopheles,Anopheles_pharoensis,female,Test
trays/558/specimens/6695/back.jpg,6695,back,25,culex,Culex_nigripalpus,female,Train
trays/485/specimens/5814/back.jpg,5814,back,29,culex,Culex_salinarius,female,Test
trays/4516/specimens/4516_5/front.jpg,4516_5,front,27,culex,Culex_quinquefasciatus,male,Test
trays/2961/specimens/35505/back.jpg,35505,back,5,aedes,Aedes_dorsalis,female,Train
trays/3449/specimens/41330/back.jpg,41330,back,23,anopheles,Anopheles_stephensi_nijmegen,male,Test
trays/1187/specimens/14242/front.jpg,14242,front,25,culex,Culex_nigripalpus,female,Test
trays/2919/specimens/35008/back.jpg,35008,back,14,aedes,Aedes_vexans,female,Train
trays/20678/specimens/agamotto-idt1-beta40_17212/front.jpg,agamotto-idt1-beta40_17212,front,2,aedes,Aedes_atlanticus,,Test
trays/3577/specimens/42869/front.jpg,42869,front,28,culex,Culex_restuans,male,Test
trays/4353/specimens/4353_7/back.jpg,4353_7,back,20,anopheles,Anopheles_pharoensis,female,Train
trays/3061/specimens/36708/front.jpg,36708,front,23,anopheles,Anopheles_stephensi,male,Test
trays/5085/specimens/5085_1/front.jpg,5085_1,front,9,aedes,Aedes_mcintoshi,female,Train
trays/3033/specimens/36363/back.jpg,36363,back,3,aedes,Aedes_canadensis,female,Train
trays/3080/specimens/36918/front.jpg,36918,front,0,aedes,Aedes_aegypti,female,Train
trays/505/specimens/6049/front.jpg,6049,front,5,aedes,Aedes_dorsalis,female,Train
trays/3283/specimens/39348/front.jpg,39348,front,11,aedes,Aedes_sierrensis,male,Train
trays/23950/specimens/agamotto-idt1-beta41_3694/front.jpg,agamotto-idt1-beta41_3694,front,0,aedes,Aedes_aegypti,female,Train
trays/4332/specimens/4332_4/front.jpg,4332_4,front,18,anopheles,Anopheles_funestus,male,Train
trays/505/specimens/6053/front.jpg,6053,front,5,aedes,Aedes_dorsalis,female,Test
trays/2921/specimens/35039/front.jpg,35039,front,5,aedes,Aedes_dorsalis,female,Train
trays/5849/specimens/5849_9/front.jpg,5849_9,front,24,culex,Culex_bitaeniorhynchus,female,Train
trays/1186/specimens/14230/front.jpg,14230,front,25,culex,Culex_nigripalpus,female,Valid
trays/5725/specimens/5725_0/front.jpg,5725_0,front,8,aedes,Aedes_lineatopennis,female,Test
trays/1266/specimens/15191/front.jpg,15191,front,2,aedes,Aedes_atlanticus,female,Train
trays/3446/specimens/41293/back.jpg,41293,back,23,anopheles,Anopheles_stephensi_nijmegen,female,Train
trays/2151/specimens/25809/front.jpg,25809,front,21,anopheles,Anopheles_punctipennis,male,Valid
trays/4730/specimens/4730_6/back.jpg,4730_6,back,15,anopheles,Anopheles_coustani,female,Test
trays/2685/specimens/32198/front.jpg,32198,front,25,culex,Culex_nigripalpus,female,Test
trays/7124/specimens/agamotto-idt1-beta15_2766/front.jpg,agamotto-idt1-beta15_2766,front,9,aedes,Aedes_mcintoshi,female,Train
trays/529/specimens/6341/back.jpg,6341,back,6,aedes,Aedes_japonicus,female,Valid
trays/4613/specimens/4613_10/front.jpg,4613_10,front,20,anopheles,Anopheles_pharoensis,female,Valid
trays/4745/specimens/4745_1/front.jpg,4745_1,front,20,anopheles,Anopheles_pharoensis,female,Train
trays/2700/specimens/32378/back.jpg,32378,back,22,anopheles,Anopheles_quadrimaculatus_sl,female,Test
trays/7276/specimens/agamotto-idt1-beta30_3359/front.jpg,agamotto-idt1-beta30_3359,front,26,culex,Culex_orientalis,female,Train
trays/10777/specimens/agamotto-idt1-beta41_1269/back.jpg,agamotto-idt1-beta41_1269,back,11,aedes,Aedes_sierrensis,female,Test
trays/6129/specimens/agamotto-idt1-beta03_141/front.jpg,agamotto-idt1-beta03_141,front,11,aedes,Aedes_sierrensis,female,Train
trays/4223/specimens/50588/back.jpg,50588,back,13,aedes,Aedes_triseriatus,female,Train
trays/6489/specimens/agamotto-idt1-beta30_1991/front.jpg,agamotto-idt1-beta30_1991,front,7,aedes,Aedes_koreicus,female,Test
trays/6772/specimens/agamotto-idt1-beta15_1087/back.jpg,agamotto-idt1-beta15_1087,back,19,anopheles,Anopheles_arabiensis,female,Train
trays/3871/specimens/46383/front.jpg,46383,front,16,anopheles,Anopheles_crucians_sl,female,Test
trays/5726/specimens/5726_1/back.jpg,5726_1,back,8,aedes,Aedes_lineatopennis,female,Test
trays/685/specimens/8215/front.jpg,8215,front,29,culex,Culex_salinarius,female,Valid
trays/4154/specimens/49758/back.jpg,49758,back,18,anopheles,Anopheles_funestus_s.l,female,Train
trays/1146/specimens/13749/front.jpg,13749,front,10,aedes,Aedes_melanimon,female,Test
trays/3959/specimens/47440/front.jpg,47440,front,15,anopheles,Anopheles_coustani,female,Train
trays/1261/specimens/15132/back.jpg,15132,back,2,aedes,Aedes_atlanticus,female,Test
trays/1091/specimens/13084/back.jpg,13084,back,17,anopheles,Anopheles_freeborni,female,Test
trays/6774/specimens/agamotto-idt1-beta15_1112/front.jpg,agamotto-idt1-beta15_1112,front,19,anopheles,Anopheles_arabiensis,female,Train
trays/5726/specimens/5726_2/back.jpg,5726_2,back,8,aedes,Aedes_lineatopennis,female,Train
trays/7300/specimens/agamotto-idt1-beta30_3648/front.jpg,agamotto-idt1-beta30_3648,front,26,culex,Culex_orientalis,female,Train
trays/484/specimens/5807/back.jpg,5807,back,29,culex,Culex_salinarius,female,Train
trays/3782/specimens/45327/back.jpg,45327,back,22,anopheles,Anopheles_quadrimaculatus,female,Test
trays/17001/specimens/agamotto-idt1-beta02_2875/front.jpg,agamotto-idt1-beta02_2875,front,1,aedes,Aedes_albopictus,female,Test
trays/7277/specimens/agamotto-idt1-beta30_3370/back.jpg,agamotto-idt1-beta30_3370,back,26,culex,Culex_orientalis,female,Train
trays/3055/specimens/36635/front.jpg,36635,front,23,anopheles,Anopheles_stephensi,female,Train
trays/4161/specimens/49842/front.jpg,49842,front,18,anopheles,Anopheles_funestus_s.l,female,Test
trays/7101/specimens/agamotto-idt1-beta15_2486/front.jpg,agamotto-idt1-beta15_2486,front,15,anopheles,Anopheles_coustani_s.l,female,Test
trays/2700/specimens/32379/back.jpg,32379,back,22,anopheles,Anopheles_quadrimaculatus_sl,female,Train
trays/8161/specimens/agamotto-idt1-beta24_519/back.jpg,agamotto-idt1-beta24_519,back,4,aedes,Aedes_communis,male,Valid
trays/8068/specimens/agamotto-idt1-beta24_432/back.jpg,agamotto-idt1-beta24_432,back,4,aedes,Aedes_communis,male,Test
trays/526/specimens/6312/back.jpg,6312,back,21,anopheles,Anopheles_punctipennis,female,Test
trays/3871/specimens/46384/front.jpg,46384,front,22,anopheles,Anopheles_quadrimaculatus,female,Train
trays/6450/specimens/agamotto-idt1-beta30_1928/front.jpg,agamotto-idt1-beta30_1928,front,7,aedes,Aedes_koreicus,female,Test
trays/5724/specimens/5724_8/back.jpg,5724_8,back,8,aedes,Aedes_lineatopennis,female,Train
trays/1264/specimens/15164/front.jpg,15164,front,2,aedes,Aedes_atlanticus,female,Test
trays/3580/specimens/42909/front.jpg,42909,front,28,culex,Culex_restuans,male,Valid
trays/21013/specimens/agamotto-idt1-beta40_18149/back.jpg,agamotto-idt1-beta40_18149,back,2,aedes,Aedes_atlanticus,,Test
trays/507/specimens/6084/front.jpg,6084,front,5,aedes,Aedes_dorsalis,female,Valid
trays/24751/specimens/agamotto-idt1-beta66_24135/front.jpg,agamotto-idt1-beta66_24135,front,1,aedes,Aedes_albopictus,female,Test
trays/550/specimens/6598/front.jpg,6598,front,25,culex,Culex_nigripalpus,male,Train
trays/530/specimens/6353/back.jpg,6353,back,6,aedes,Aedes_japonicus,female,Test
trays/1182/specimens/14182/front.jpg,14182,front,12,aedes,Aedes_taeniorhynchus,female,Train
trays/1261/specimens/15132/front.jpg,15132,front,2,aedes,Aedes_atlanticus,female,Test
trays/15767/specimens/agamotto-idt1-beta22_4817/front.jpg,agamotto-idt1-beta22_4817,front,0,aedes,Aedes_aegypti,female,Train
trays/3443/specimens/41267/front.jpg,41267,front,23,anopheles,Anopheles_stephensi_nijmegen,female,Valid
trays/1183/specimens/14189/front.jpg,14189,front,12,aedes,Aedes_taeniorhynchus,female,Test
trays/4741/specimens/4741_11/front.jpg,4741_11,front,15,anopheles,Anopheles_coustani_s.l,female,Train
trays/4327/specimens/4327_10/front.jpg,4327_10,front,18,anopheles,Anopheles_funestus,female,Test
trays/3580/specimens/42904/front.jpg,42904,front,28,culex,Culex_restuans,male,Test
trays/4701/specimens/4701_10/front.jpg,4701_10,front,20,anopheles,Anopheles_pharoensis,female,Test
trays/18273/specimens/agamotto-idt1-beta02_3737/back.jpg,agamotto-idt1-beta02_3737,back,1,aedes,Aedes_albopictus,female,Test
trays/3033/specimens/36361/back.jpg,36361,back,3,aedes,Aedes_canadensis,female,Test
trays/1059/specimens/12705/front.jpg,12705,front,17,anopheles,Anopheles_freeborni,female,Test
trays/3572/specimens/42808/back.jpg,42808,back,16,anopheles,Anopheles_crucians_sl,female,Test
trays/3051/specimens/36586/back.jpg,36586,back,23,anopheles,Anopheles_stephensi,female,Valid
trays/556/specimens/6669/front.jpg,6669,front,25,culex,Culex_nigripalpus,male,Test
trays/4946/specimens/4946_10/front.jpg,4946_10,front,31,culex,Culex_tritaeniorhynchus,female,Valid
trays/3050/specimens/36568/back.jpg,36568,back,23,anopheles,Anopheles_stephensi,female,Test
trays/3624/specimens/43435/back.jpg,43435,back,14,aedes,Aedes_vexans,female,Test
trays/25682/specimens/agamotto-idt1-beta13_249/front.jpg,agamotto-idt1-beta13_249,front,0,aedes,Aedes_aegypti,female,Test
trays/3056/specimens/36644/back.jpg,36644,back,23,anopheles,Anopheles_stephensi,male,Train
trays/483/specimens/5792/front.jpg,5792,front,29,culex,Culex_salinarius,female,Test
trays/4680/specimens/4680_8/back.jpg,4680_8,back,9,aedes,Aedes_mcintoshi,female,Train
trays/3960/specimens/47455/front.jpg,47455,front,20,anopheles,Anopheles_pharoensis,female,Train
trays/22725/specimens/agamotto-idt1-beta66_19691/front.jpg,agamotto-idt1-beta66_19691,front,1,aedes,Aedes_albopictus,,Valid
trays/4170/specimens/49954/front.jpg,49954,front,18,anopheles,Anopheles_funestus_s.l,female,Train
trays/3579/specimens/42890/back.jpg,42890,back,28,culex,Culex_restuans,female,Train
trays/2928/specimens/35117/front.jpg,35117,front,14,aedes,Aedes_vexans,female,Test
trays/3234/specimens/38756/back.jpg,38756,back,30,culex,Culex_tarsalis,female,Train
trays/8163/specimens/agamotto-idt1-beta24_544/back.jpg,agamotto-idt1-beta24_544,back,4,aedes,Aedes_communis,male,Train
trays/2704/specimens/32435/front.jpg,32435,front,22,anopheles,Anopheles_quadrimaculatus_sl,female,Valid
trays/4734/specimens/4734_9/back.jpg,4734_9,back,20,anopheles,Anopheles_pharoensis,female,Test
trays/7301/specimens/agamotto-idt1-beta30_3657/back.jpg,agamotto-idt1-beta30_3657,back,26,culex,Culex_orientalis,female,Train
trays/3260/specimens/39062/back.jpg,39062,back,28,culex,Culex_restuans,female,Valid
trays/3439/specimens/41212/front.jpg,41212,front,19,anopheles,Anopheles_gambiae_cdcg3,female,Test
trays/8006/specimens/agamotto-idt1-beta26_259/front.jpg,agamotto-idt1-beta26_259,front,14,aedes,Aedes_vexans,female,Valid
trays/3434/specimens/41154/back.jpg,41154,back,19,anopheles,Anopheles_gambiae_cdcg3,female,Train
trays/7035/specimens/agamotto-idt1-beta30_2203/back.jpg,agamotto-idt1-beta30_2203,back,24,culex,Culex_bitaeniorhynchus,female,Valid
trays/3279/specimens/39290/back.jpg,39290,back,3,aedes,Aedes_canadensis,female,Test
trays/5721/specimens/5721_7/front.jpg,5721_7,front,8,aedes,Aedes_lineatopennis,female,Test
trays/4513/specimens/4513_1/front.jpg,4513_1,front,27,culex,Culex_quinquefasciatus,male,Train
trays/2211/specimens/26521/front.jpg,26521,front,17,anopheles,Anopheles_freeborni,female,Valid
trays/3578/specimens/42877/front.jpg,42877,front,28,culex,Culex_restuans,male,Test
trays/11395/specimens/agamotto-idt1-beta24_2902/front.jpg,agamotto-idt1-beta24_2902,front,6,aedes,Aedes_japonicus,male,Valid
trays/673/specimens/8065/front.jpg,8065,front,29,culex,Culex_salinarius,female,Valid
trays/4121/specimens/49381/back.jpg,49381,back,22,anopheles,Anopheles_quadrimaculatus,female,Valid
trays/4708/specimens/4708_4/back.jpg,4708_4,back,20,anopheles,Anopheles_pharoensis,female,Train
trays/3579/specimens/42896/back.jpg,42896,back,28,culex,Culex_restuans,female,Test
trays/5727/specimens/5727_6/back.jpg,5727_6,back,8,aedes,Aedes_lineatopennis,female,Train
trays/1091/specimens/13084/front.jpg,13084,front,17,anopheles,Anopheles_freeborni,female,Test
trays/531/specimens/6365/back.jpg,6365,back,6,aedes,Aedes_japonicus,female,Train
trays/4193/specimens/50226/back.jpg,50226,back,15,anopheles,Anopheles_coustani,female,Valid
trays/4336/specimens/4336_1/back.jpg,4336_1,back,2,aedes,Aedes_atlanticus,female,Test
trays/23950/specimens/agamotto-idt1-beta41_3691/back.jpg,agamotto-idt1-beta41_3691,back,0,aedes,Aedes_aegypti,female,Valid
trays/1297/specimens/15562/front.jpg,15562,front,13,aedes,Aedes_triseriatus,female,Valid
trays/6415/specimens/agamotto-idt1-beta30_1501/back.jpg,agamotto-idt1-beta30_1501,back,7,aedes,Aedes_koreicus,female,Train
trays/3708/specimens/44447/front.jpg,44447,front,27,culex,Culex_quinquefasciatus_bcs,male,Test
trays/577/specimens/6918/front.jpg,6918,front,3,aedes,Aedes_canadensis,female,Train
trays/8163/specimens/agamotto-idt1-beta24_543/back.jpg,agamotto-idt1-beta24_543,back,4,aedes,Aedes_communis,male,Train
trays/1404/specimens/16845/front.jpg,16845,front,29,culex,Culex_salinarius,female,Test
trays/680/specimens/8158/back.jpg,8158,back,29,culex,Culex_salinarius,female,Train
trays/551/specimens/6608/front.jpg,6608,front,25,culex,Culex_nigripalpus,male,Test
trays/3030/specimens/36336/front.jpg,36336,front,3,aedes,Aedes_canadensis,female,Train
trays/1180/specimens/14159/front.jpg,14159,front,12,aedes,Aedes_taeniorhynchus,female,Test
trays/1059/specimens/12699/front.jpg,12699,front,17,anopheles,Anopheles_freeborni,female,Test
trays/3578/specimens/42880/front.jpg,42880,front,28,culex,Culex_restuans,male,Train
trays/576/specimens/6904/front.jpg,6904,front,3,aedes,Aedes_canadensis,female,Train
trays/6441/specimens/agamotto-idt1-beta30_1821/back.jpg,agamotto-idt1-beta30_1821,back,7,aedes,Aedes_koreicus,female,Test
trays/5855/specimens/5855_7/front.jpg,5855_7,front,24,culex,Culex_bitaeniorhynchus,female,Valid
trays/8444/specimens/agamotto-idt1-beta28_1162/back.jpg,agamotto-idt1-beta28_1162,back,27,culex,Culex_quinquefasciatus,female,Valid
trays/4496/specimens/4496_2/back.jpg,4496_2,back,27,culex,Culex_quinquefasciatus,female,Valid
trays/11372/specimens/agamotto-idt1-beta39_1586/back.jpg,agamotto-idt1-beta39_1586,back,10,aedes,Aedes_melanimon,female,Test
trays/4223/specimens/50589/front.jpg,50589,front,13,aedes,Aedes_triseriatus,female,Test
trays/1253/specimens/15030/front.jpg,15030,front,2,aedes,Aedes_atlanticus,female,Test
trays/22725/specimens/agamotto-idt1-beta66_19687/back.jpg,agamotto-idt1-beta66_19687,back,1,aedes,Aedes_albopictus,,Train
trays/3050/specimens/36576/front.jpg,36576,front,23,anopheles,Anopheles_stephensi,female,Train
trays/6770/specimens/agamotto-idt1-beta15_1062/back.jpg,agamotto-idt1-beta15_1062,back,19,anopheles,Anopheles_arabiensis,female,Test
trays/2703/specimens/32418/front.jpg,32418,front,22,anopheles,Anopheles_quadrimaculatus_sl,female,Test
trays/5078/specimens/5078_10/front.jpg,5078_10,front,9,aedes,Aedes_mcintoshi,female,Train
trays/14228/specimens/agamotto-idt1-beta42_412/front.jpg,agamotto-idt1-beta42_412,front,0,aedes,Aedes_aegypti,,Test
trays/5079/specimens/5079_10/front.jpg,5079_10,front,9,aedes,Aedes_mcintoshi,female,Valid
trays/8162/specimens/agamotto-idt1-beta24_532/back.jpg,agamotto-idt1-beta24_532,back,4,aedes,Aedes_communis,female,Train
trays/2682/specimens/32170/back.jpg,32170,back,25,culex,Culex_nigripalpus,female,Train
trays/4947/specimens/4947_5/back.jpg,4947_5,back,31,culicidae,culex,0,Valid
trays/3230/specimens/38701/back.jpg,38701,back,30,culex,Culex_tarsalis,female,Valid
trays/3227/specimens/38667/front.jpg,38667,front,30,culex,Culex_tarsalis,female,Valid
trays/522/specimens/6261/back.jpg,6261,back,12,aedes,Aedes_taeniorhynchus,female,Train
trays/2842/specimens/34085/front.jpg,34085,front,5,aedes,Aedes_dorsalis,female,Train
trays/1187/specimens/14240/front.jpg,14240,front,25,culex,Culex_nigripalpus,female,Valid
trays/1000/specimens/11990/back.jpg,11990,back,1,aedes,Aedes_albopictus,female,Test
trays/2210/specimens/26514/back.jpg,26514,back,17,anopheles,Anopheles_freeborni,female,Train
trays/2806/specimens/33654/back.jpg,33654,back,5,aedes,Aedes_dorsalis,female,Test
trays/3577/specimens/42874/back.jpg,42874,back,28,culex,Culex_restuans,male,Test
trays/8231/specimens/agamotto-idt1-beta24_682/back.jpg,agamotto-idt1-beta24_682,back,4,aedes,Aedes_communis,female,Train
trays/4703/specimens/4703_5/back.jpg,4703_5,back,20,anopheles,Anopheles_pharoensis,female,Train
trays/486/specimens/5831/back.jpg,5831,back,29,culex,Culex_salinarius,female,Valid
trays/515/specimens/6172/front.jpg,6172,front,12,aedes,Aedes_taeniorhynchus,female,Train
trays/3022/specimens/36235/back.jpg,36235,back,14,aedes,Aedes_vexans,female,Train
trays/4344/specimens/4344_8/back.jpg,4344_8,back,15,anopheles,Anopheles_coustani,female,Train
trays/10820/specimens/agamotto-idt1-beta41_1288/back.jpg,agamotto-idt1-beta41_1288,back,11,aedes,Aedes_sierrensis,female,Test
trays/3238/specimens/38808/front.jpg,38808,front,30,culex,Culex_tarsalis,female,Test
trays/4505/specimens/4505_1/front.jpg,4505_1,front,27,culex,Culex_quinquefasciatus,male,Test
trays/1183/specimens/14191/back.jpg,14191,back,12,aedes,Aedes_taeniorhynchus,female,Train
trays/3027/specimens/36293/front.jpg,36293,front,3,aedes,Aedes_canadensis,female,Train
trays/11034/specimens/agamotto-idt1-beta66_3632/back.jpg,agamotto-idt1-beta66_3632,back,6,aedes,Aedes_japonicus,male,Train
trays/3786/specimens/45379/back.jpg,45379,back,22,anopheles,Anopheles_quadrimaculatus,female,Train
trays/482/specimens/5783/back.jpg,5783,back,29,culex,Culex_salinarius,female,Train
trays/3228/specimens/38681/back.jpg,38681,back,30,culex,Culex_tarsalis,female,Test
trays/4331/specimens/4331_4/back.jpg,4331_4,back,18,anopheles,Anopheles_funestus,female,Test
trays/5909/specimens/5909_4/back.jpg,5909_4,back,31,culex,Culex_tritaeniorhynchus,female,Test
trays/482/specimens/5780/back.jpg,5780,back,29,culex,Culex_salinarius,female,Test
trays/3233/specimens/38748/front.jpg,38748,front,30,culex,Culex_tarsalis,female,Valid
trays/478/specimens/5731/back.jpg,5731,back,12,aedes,Aedes_taeniorhynchus,female,Train
trays/1251/specimens/15012/back.jpg,15012,back,2,aedes,Aedes_atlanticus,female,Train
trays/4332/specimens/4332_10/front.jpg,4332_10,front,18,anopheles,Anopheles_funestus,male,Train
trays/4330/specimens/4330_7/back.jpg,4330_7,back,18,anopheles,Anopheles_funestus,male,Test
trays/557/specimens/6673/back.jpg,6673,back,25,culex,Culex_nigripalpus,female,Test
trays/6123/specimens/agamotto-idt1-beta03_69/back.jpg,agamotto-idt1-beta03_69,back,11,aedes,Aedes_sierrensis,female,Test
trays/3769/specimens/45179/front.jpg,45179,front,16,anopheles,Anopheles_crucians_sl,female,Train
trays/5897/specimens/5897_3/back.jpg,5897_3,back,31,culex,Culex_tritaeniorhynchus,female,Valid
trays/527/specimens/6313/front.jpg,6313,front,21,anopheles,Anopheles_punctipennis,female,Train
trays/3500/specimens/41948/back.jpg,41948,back,27,culex,Culex_quinqufasciatus_bamako,male,Train
trays/483/specimens/5792/back.jpg,5792,back,29,culex,Culex_salinarius,female,Test
trays/1166/specimens/13982/front.jpg,13982,front,16,anopheles,Anopheles_crucians,female,Valid
trays/3028/specimens/36309/front.jpg,36309,front,3,aedes,Aedes_canadensis,female,Train
trays/3033/specimens/36367/back.jpg,36367,back,3,aedes,Aedes_canadensis,female,Test
trays/3030/specimens/36327/back.jpg,36327,back,3,aedes,Aedes_canadensis,female,Train
trays/5916/specimens/5916_9/back.jpg,5916_9,back,31,culex,Culex_tritaeniorhynchus,female,Test
trays/26074/specimens/agamotto-idt1-beta13_824/front.jpg,agamotto-idt1-beta13_824,front,0,aedes,Aedes_aegypti,female,Test
trays/8065/specimens/agamotto-idt1-beta24_394/back.jpg,agamotto-idt1-beta24_394,back,4,aedes,Aedes_communis,male,Train
trays/2947/specimens/35342/back.jpg,35342,back,14,aedes,Aedes_vexans,female,Train
trays/532/specimens/6376/front.jpg,6376,front,6,aedes,Aedes_japonicus,female,Train
trays/7287/specimens/agamotto-idt1-beta30_3492/front.jpg,agamotto-idt1-beta30_3492,front,26,culex,Culex_orientalis,female,Test
trays/1094/specimens/13128/front.jpg,13128,front,17,anopheles,Anopheles_freeborni,male,Train
trays/6400/specimens/agamotto-idt1-beta30_1322/front.jpg,agamotto-idt1-beta30_1322,front,7,aedes,Aedes_koreicus,female,Test
trays/3579/specimens/42892/front.jpg,42892,front,28,culex,Culex_restuans,male,Valid
trays/3028/specimens/36306/front.jpg,36306,front,3,aedes,Aedes_canadensis,female,Valid
trays/1256/specimens/15065/front.jpg,15065,front,2,aedes,Aedes_atlanticus,female,Train
trays/4725/specimens/4725_10/back.jpg,4725_10,back,15,anopheles,Anopheles_coustani,female,Test
trays/676/specimens/8105/front.jpg,8105,front,29,culex,Culex_salinarius,female,Test
trays/2806/specimens/33652/back.jpg,33652,back,5,aedes,Aedes_dorsalis,female,Test
trays/533/specimens/6391/front.jpg,6391,front,6,aedes,Aedes_japonicus,female,Train
trays/413/specimens/4950/front.jpg,4950,front,10,aedes,Aedes_melanimon,female,Train
trays/4357/specimens/4357_4/back.jpg,4357_4,back,15,anopheles,Anopheles_coustani,female,Train
trays/3447/specimens/41309/back.jpg,41309,back,23,anopheles,Anopheles_stephensi_nijmegen,female,Valid
trays/10685/specimens/agamotto-idt1-beta24_2390/back.jpg,agamotto-idt1-beta24_2390,back,29,culex,Culex_salinarius,female,Test
trays/558/specimens/6686/back.jpg,6686,back,25,culex,Culex_nigripalpus,male,Train
trays/2417/specimens/28985/front.jpg,28985,front,17,anopheles,Anopheles_freeborni,female,Train
trays/4505/specimens/4505_8/front.jpg,4505_8,front,27,culex,Culex_quinquefasciatus,male,Train
trays/5907/specimens/5907_3/back.jpg,5907_3,back,31,culex,Culex_tritaeniorhynchus,female,Train
trays/12870/specimens/agamotto-idt1-beta53_1421/front.jpg,agamotto-idt1-beta53_1421,front,12,aedes,Aedes_taeniorhynchus,female,Train
trays/4514/specimens/4514_7/front.jpg,4514_7,front,27,culex,Culex_quinquefasciatus,male,Test
trays/2153/specimens/25832/front.jpg,25832,front,22,anopheles,Anopheles_quadrimaculatus,male,Test
trays/4741/specimens/4741_8/back.jpg,4741_8,back,15,anopheles,Anopheles_coustani_s.l,female,Train
trays/8066/specimens/agamotto-idt1-beta24_403/front.jpg,agamotto-idt1-beta24_403,front,4,aedes,Aedes_communis,male,Train
trays/8163/specimens/agamotto-idt1-beta24_551/back.jpg,agamotto-idt1-beta24_551,back,4,aedes,Aedes_communis,female,Train
trays/25758/specimens/agamotto-idt1-beta05_24525/front.jpg,agamotto-idt1-beta05_24525,front,0,aedes,Aedes_aegypti,,Test
trays/2928/specimens/35120/front.jpg,35120,front,14,aedes,Aedes_vexans,female,Test
trays/3236/specimens/38778/back.jpg,38778,back,30,culex,Culex_tarsalis,female,Test
trays/4709/specimens/4709_9/front.jpg,4709_9,front,20,anopheles,Anopheles_pharoensis,female,Train
trays/3579/specimens/42896/front.jpg,42896,front,28,culex,Culex_restuans,female,Test
trays/6411/specimens/agamotto-idt1-beta30_1462/front.jpg,agamotto-idt1-beta30_1462,front,7,aedes,Aedes_koreicus,female,Train
trays/3228/specimens/38686/back.jpg,38686,back,30,culex,Culex_tarsalis,female,Test
trays/530/specimens/6356/front.jpg,6356,front,6,aedes,Aedes_japonicus,female,Test
trays/5727/specimens/5727_7/back.jpg,5727_7,back,8,aedes,Aedes_lineatopennis,female,Test
trays/484/specimens/5808/front.jpg,5808,front,29,culex,Culex_salinarius,female,Train
trays/2666/specimens/31973/front.jpg,31973,front,1,aedes,Aedes_albopictus,female,Train
trays/3395/specimens/40692/front.jpg,40692,front,18,anopheles,Anopheles_funestus_fumoz,female,Test
trays/448/specimens/5373/back.jpg,5373,back,10,aedes,Aedes_melanimon,female,Train
trays/3495/specimens/41884/back.jpg,41884,back,27,culex,Culex_quinqufasciatus_bamako,female,Train
trays/4173/specimens/49982/back.jpg,49982,back,18,anopheles,Anopheles_funestus_s.l,female,Train
trays/4742/specimens/4742_10/front.jpg,4742_10,front,9,aedes,Aedes_mcintoshi,female,Test
trays/7280/specimens/agamotto-idt1-beta30_3401/front.jpg,agamotto-idt1-beta30_3401,front,26,culex,Culex_orientalis,female,Test
trays/407/specimens/4882/back.jpg,4882,back,10,aedes,Aedes_melanimon,female,Test
trays/8066/specimens/agamotto-idt1-beta24_405/front.jpg,agamotto-idt1-beta24_405,front,4,aedes,Aedes_communis,male,Test
trays/3871/specimens/46382/front.jpg,46382,front,16,anopheles,Anopheles_crucians_sl,female,Valid
trays/11063/specimens/agamotto-idt1-beta28_2667/back.jpg,agamotto-idt1-beta28_2667,back,17,anopheles,Anopheles_freeborni,female,Test
trays/1254/specimens/15043/back.jpg,15043,back,2,aedes,Aedes_atlanticus,female,Test
trays/10438/specimens/agamotto-idt1-beta49_839/back.jpg,agamotto-idt1-beta49_839,back,13,aedes,Aedes_triseriatus,female,Train
trays/3231/specimens/38714/back.jpg,38714,back,17,anopheles,Anopheles_freeborni,female,Train
trays/2863/specimens/34336/back.jpg,34336,back,5,aedes,Aedes_dorsalis,female,Test
trays/2703/specimens/32413/front.jpg,32413,front,22,anopheles,Anopheles_quadrimaculatus_sl,female,Train
trays/681/specimens/8172/back.jpg,8172,back,29,culex,Culex_salinarius,female,Train
trays/505/specimens/6057/front.jpg,6057,front,5,aedes,Aedes_dorsalis,female,Train
trays/2210/specimens/26520/front.jpg,26520,front,17,anopheles,Anopheles_freeborni,female,Test
trays/4167/specimens/49916/front.jpg,49916,front,18,anopheles,Anopheles_funestus_s.l,female,Train
trays/414/specimens/4958/back.jpg,4958,back,10,aedes,Aedes_melanimon,female,Train
trays/4738/specimens/4738_6/front.jpg,4738_6,front,20,anopheles,Anopheles_pharoensis,female,Train
trays/5910/specimens/5910_0/back.jpg,5910_0,back,31,culex,Culex_tritaeniorhynchus,female,Train
trays/4330/specimens/4330_7/front.jpg,4330_7,front,18,anopheles,Anopheles_funestus,male,Test
trays/1161/specimens/13923/back.jpg,13923,back,16,anopheles,Anopheles_crucians,female,Train
trays/3572/specimens/42808/front.jpg,42808,front,16,anopheles,Anopheles_crucians_sl,female,Test
trays/1165/specimens/13974/back.jpg,13974,back,16,anopheles,Anopheles_crucians,female,Train
trays/1334/specimens/16002/front.jpg,16002,front,10,aedes,Aedes_melanimon,female,Train
trays/3227/specimens/38675/back.jpg,38675,back,30,culex,Culex_tarsalis,female,Train
trays/4166/specimens/49908/front.jpg,49908,front,18,anopheles,Anopheles_funestus_s.l,female,Test
trays/1165/specimens/13980/back.jpg,13980,back,16,anopheles,Anopheles_crucians,female,Train
trays/5864/specimens/5864_4/back.jpg,5864_4,back,24,culex,Culex_bitaeniorhynchus,female,Train
trays/4150/specimens/49711/back.jpg,49711,back,18,anopheles,Anopheles_funestus_s.l,female,Test
trays/5723/specimens/5723_11/front.jpg,5723_11,front,8,aedes,Aedes_lineatopennis,female,Train
trays/10685/specimens/agamotto-idt1-beta24_2396/front.jpg,agamotto-idt1-beta24_2396,front,29,culex,Culex_salinarius,female,Train
trays/3792/specimens/45447/back.jpg,45447,back,3,aedes,Aedes_canadensis,female,Valid
trays/3806/specimens/45618/back.jpg,45618,back,21,anopheles,Anopheles_punctipennis,female,Test
trays/7124/specimens/agamotto-idt1-beta15_2761/back.jpg,agamotto-idt1-beta15_2761,back,9,aedes,Aedes_mcintoshi,female,Valid
trays/4174/specimens/50002/front.jpg,50002,front,18,anopheles,Anopheles_funestus,female,Train
trays/4174/specimens/50004/back.jpg,50004,back,18,anopheles,Anopheles_funestus,female,Train
trays/6411/specimens/agamotto-idt1-beta30_1453/front.jpg,agamotto-idt1-beta30_1453,front,7,aedes,Aedes_koreicus,female,Test
trays/4166/specimens/49900/front.jpg,49900,front,18,anopheles,Anopheles_funestus_s.l,female,Test
trays/6441/specimens/agamotto-idt1-beta30_1821/front.jpg,agamotto-idt1-beta30_1821,front,7,aedes,Aedes_koreicus,female,Test
trays/3601/specimens/43154/front.jpg,43154,front,14,aedes,Aedes_vexans,female,Valid
trays/3783/specimens/45342/front.jpg,45342,front,22,anopheles,Anopheles_quadrimaculatus,female,Valid
trays/5078/specimens/5078_8/front.jpg,5078_8,front,9,aedes,Aedes_mcintoshi,female,Train
trays/526/specimens/6310/front.jpg,6310,front,21,anopheles,Anopheles_punctipennis,female,Test
trays/4344/specimens/4344_10/back.jpg,4344_10,back,15,anopheles,Anopheles_coustani,female,Train
trays/3031/specimens/36337/front.jpg,36337,front,3,aedes,Aedes_canadensis,female,Train
trays/5910/specimens/5910_7/back.jpg,5910_7,back,31,culex,Culex_tritaeniorhynchus,female,Test
trays/4204/specimens/50361/back.jpg,50361,back,13,aedes,Aedes_triseriatus,female,Test
trays/3028/specimens/36302/back.jpg,36302,back,3,aedes,Aedes_canadensis,female,Test
trays/676/specimens/8107/front.jpg,8107,front,29,culex,Culex_salinarius,female,Valid
trays/6448/specimens/agamotto-idt1-beta30_1899/back.jpg,agamotto-idt1-beta30_1899,back,7,aedes,Aedes_koreicus,female,Valid
trays/1202/specimens/14417/front.jpg,14417,front,10,aedes,Aedes_melanimon,female,Train
trays/3770/specimens/45186/front.jpg,45186,front,16,anopheles,Anopheles_crucians_sl,female,Train
trays/5850/specimens/5850_3/back.jpg,5850_3,back,24,culex,Culex_bitaeniorhynchus,female,Test
trays/2865/specimens/34365/front.jpg,34365,front,5,aedes,Aedes_dorsalis,female,Valid
trays/3583/specimens/42941/front.jpg,42941,front,28,culex,Culex_restuans,male,Test
trays/15640/specimens/agamotto-idt1-beta02_1655/front.jpg,agamotto-idt1-beta02_1655,front,13,aedes,Aedes_triseriatus,female,Valid
trays/4201/specimens/50325/back.jpg,50325,back,29,culex,Culex_salinarius,female,Train
trays/3458/specimens/41444/back.jpg,41444,back,5,aedes,Aedes_dorsalis,female,Test
trays/4137/specimens/49555/back.jpg,49555,back,18,anopheles,Anopheles_funestus_s.l,female,Train
trays/2868/specimens/34396/back.jpg,34396,back,14,aedes,Aedes_vexans,female,Test
trays/3577/specimens/42874/front.jpg,42874,front,28,culex,Culex_restuans,male,Test
trays/3282/specimens/39336/back.jpg,39336,back,11,aedes,Aedes_sierrensis,male,Valid
trays/3032/specimens/36357/back.jpg,36357,back,3,aedes,Aedes_canadensis,female,Train
trays/575/specimens/6890/back.jpg,6890,back,3,aedes,Aedes_canadensis,female,Train
trays/3784/specimens/45359/front.jpg,45359,front,22,anopheles,Anopheles_quadrimaculatus,female,Train
trays/8199/specimens/agamotto-idt1-beta24_644/back.jpg,agamotto-idt1-beta24_644,back,4,aedes,Aedes_communis,female,Valid
trays/6129/specimens/agamotto-idt1-beta03_142/front.jpg,agamotto-idt1-beta03_142,front,11,aedes,Aedes_sierrensis,female,Train
trays/3030/specimens/36329/back.jpg,36329,back,3,aedes,Aedes_canadensis,female,Valid
trays/7832/specimens/agamotto-idt1-beta03_461/front.jpg,agamotto-idt1-beta03_461,front,11,aedes,Aedes_sierrensis,female,Test
trays/530/specimens/6357/back.jpg,6357,back,6,aedes,Aedes_japonicus,female,Test
trays/1334/specimens/16008/back.jpg,16008,back,10,aedes,Aedes_melanimon,female,Train
trays/2419/specimens/29008/back.jpg,29008,back,17,anopheles,Anopheles_freeborni,female,Test
trays/6127/specimens/agamotto-idt1-beta03_111/back.jpg,agamotto-idt1-beta03_111,back,11,aedes,Aedes_sierrensis,female,Train
trays/9686/specimens/agamotto-idt1-beta01_566/front.jpg,agamotto-idt1-beta01_566,front,1,aedes,Aedes_albopictus,female,Valid
trays/4745/specimens/4745_3/back.jpg,4745_3,back,20,anopheles,Anopheles_pharoensis,female,Test
trays/3272/specimens/39207/front.jpg,39207,front,27,culex,Culex_pipiens_sl,female,Test
trays/4947/specimens/4947_1/back.jpg,4947_1,back,31,culicidae,culex,0,Valid
trays/6769/specimens/agamotto-idt1-beta15_1050/front.jpg,agamotto-idt1-beta15_1050,front,19,anopheles,Anopheles_arabiensis,male,Valid
trays/2685/specimens/32198/back.jpg,32198,back,25,culex,Culex_nigripalpus,female,Test
trays/5860/specimens/5860_4/front.jpg,5860_4,front,24,culex,Culex_bitaeniorhynchus,female,Valid
trays/477/specimens/5721/back.jpg,5721,back,12,aedes,Aedes_taeniorhynchus,female,Test
trays/3707/specimens/44431/front.jpg,44431,front,27,culex,Culex_quinquefasciatus_bcs,female,Train
trays/3873/specimens/46410/back.jpg,46410,back,21,anopheles,Anopheles_punctipennis,female,Valid
trays/2879/specimens/34529/back.jpg,34529,back,5,aedes,Aedes_dorsalis,female,Test
trays/11047/specimens/agamotto-idt1-beta28_2479/front.jpg,agamotto-idt1-beta28_2479,front,17,anopheles,Anopheles_freeborni,female,Valid
trays/4504/specimens/4504_3/front.jpg,4504_3,front,27,culex,Culex_quinquefasciatus,male,Train
trays/1249/specimens/14985/back.jpg,14985,back,2,aedes,Aedes_atlanticus,female,Train
trays/3577/specimens/42869/back.jpg,42869,back,28,culex,Culex_restuans,male,Test
trays/4734/specimens/4734_6/back.jpg,4734_6,back,20,anopheles,Anopheles_pharoensis,female,Valid
trays/2865/specimens/34363/back.jpg,34363,back,14,aedes,Aedes_vexans,female,Valid
trays/1250/specimens/14992/front.jpg,14992,front,2,aedes,Aedes_atlanticus,female,Train
trays/4783/specimens/4783_2/back.jpg,4783_2,back,27,culex,Culex_pipiens_sl,female,Valid
trays/7346/specimens/agamotto-idt1-beta15_3915/front.jpg,agamotto-idt1-beta15_3915,front,15,anopheles,Anopheles_coustani,female,Train
trays/5850/specimens/5850_5/back.jpg,5850_5,back,24,culex,Culex_bitaeniorhynchus,female,Train
trays/3960/specimens/47452/back.jpg,47452,back,15,anopheles,Anopheles_coustani,female,Test
trays/530/specimens/6353/front.jpg,6353,front,6,aedes,Aedes_japonicus,female,Test
trays/25757/specimens/agamotto-idt1-beta05_24513/back.jpg,agamotto-idt1-beta05_24513,back,0,aedes,Aedes_aegypti,,Test
trays/3439/specimens/41212/back.jpg,41212,back,19,anopheles,Anopheles_gambiae_cdcg3,female,Test
trays/8068/specimens/agamotto-idt1-beta24_427/back.jpg,agamotto-idt1-beta24_427,back,4,aedes,Aedes_communis,male,Test
trays/1162/specimens/13940/back.jpg,13940,back,16,anopheles,Anopheles_crucians,female,Test
trays/2154/specimens/25847/front.jpg,25847,front,22,anopheles,Anopheles_quadrimaculatus,male,Test
trays/2865/specimens/34360/back.jpg,34360,back,14,aedes,Aedes_vexans,female,Test
trays/1945/specimens/23336/front.jpg,23336,front,25,culex,Culex_nigripalpus,female,Train
trays/1247/specimens/14953/front.jpg,14953,front,13,aedes,Aedes_triseriatus,female,Test
trays/6393/specimens/agamotto-idt1-beta30_1243/front.jpg,agamotto-idt1-beta30_1243,front,7,aedes,Aedes_koreicus,female,Valid
trays/2702/specimens/32412/front.jpg,32412,front,22,anopheles,Anopheles_quadrimaculatus_sl,female,Test
trays/7276/specimens/agamotto-idt1-beta30_3360/back.jpg,agamotto-idt1-beta30_3360,back,26,culex,Culex_orientalis,female,Test
trays/6778/specimens/agamotto-idt1-beta15_1159/front.jpg,agamotto-idt1-beta15_1159,front,19,anopheles,Anopheles_arabiensis,male,Valid
trays/8065/specimens/agamotto-idt1-beta24_391/back.jpg,agamotto-idt1-beta24_391,back,4,aedes,Aedes_communis,male,Valid
trays/524/specimens/6280/back.jpg,6280,back,21,anopheles,Anopheles_punctipennis,female,Train
trays/680/specimens/8155/back.jpg,8155,back,29,culex,Culex_salinarius,female,Train
trays/3961/specimens/47461/front.jpg,47461,front,20,anopheles,Anopheles_pharoensis,female,Train
trays/5080/specimens/5080_8/front.jpg,5080_8,front,9,aedes,Aedes_mcintoshi,female,Train
trays/5080/specimens/5080_3/back.jpg,5080_3,back,9,aedes,Aedes_mcintoshi,female,Test
trays/11329/specimens/agamotto-idt1-beta66_4390/back.jpg,agamotto-idt1-beta66_4390,back,28,culex,Culex_restuans,female,Valid
trays/8161/specimens/agamotto-idt1-beta24_527/back.jpg,agamotto-idt1-beta24_527,back,4,aedes,Aedes_communis,female,Train
trays/3805/specimens/45606/front.jpg,45606,front,21,anopheles,Anopheles_punctipennis,female,Train
trays/3959/specimens/47443/front.jpg,47443,front,15,anopheles,Anopheles_coustani,female,Train
trays/3662/specimens/43893/back.jpg,43893,back,1,aedes,Aedes_albopictus,female,Test
trays/3442/specimens/41252/front.jpg,41252,front,23,anopheles,Anopheles_stephensi_nijmegen,female,Train
trays/513/specimens/6146/back.jpg,6146,back,28,culex,Culex_restuans,female,Valid
trays/523/specimens/6265/back.jpg,6265,back,12,aedes,Aedes_taeniorhynchus,female,Valid
trays/3233/specimens/38741/back.jpg,38741,back,30,culex,Culex_tarsalis,female,Test
trays/1254/specimens/15037/back.jpg,15037,back,2,aedes,Aedes_atlanticus,female,Valid
trays/8233/specimens/agamotto-idt1-beta24_696/front.jpg,agamotto-idt1-beta24_696,front,4,aedes,Aedes_communis,female,Train
trays/4703/specimens/4703_1/front.jpg,4703_1,front,20,anopheles,Anopheles_pharoensis,female,Train
trays/408/specimens/4891/front.jpg,4891,front,10,aedes,Aedes_melanimon,female,Train
trays/16422/specimens/agamotto-idt1-beta02_2185/front.jpg,agamotto-idt1-beta02_2185,front,14,aedes,Aedes_vexans,female,Test
trays/10823/specimens/agamotto-idt1-beta41_1331/back.jpg,agamotto-idt1-beta41_1331,back,11,aedes,Aedes_sierrensis,female,Train
trays/3494/specimens/41872/front.jpg,41872,front,27,culex,Culex_quinqufasciatus_bamako,female,Valid
trays/8161/specimens/agamotto-idt1-beta24_524/front.jpg,agamotto-idt1-beta24_524,front,4,aedes,Aedes_communis,male,Test
trays/3027/specimens/36299/back.jpg,36299,back,3,aedes,Aedes_canadensis,female,Valid
trays/4356/specimens/4356_10/back.jpg,4356_10,back,15,anopheles,Anopheles_coustani,female,Train
trays/2862/specimens/34328/front.jpg,34328,front,5,aedes,Aedes_dorsalis,female,Train
trays/3116/specimens/37349/front.jpg,37349,front,19,anopheles,Anopheles_gambiae_cdc-g3,male,Valid
trays/3053/specimens/36609/front.jpg,36609,front,23,anopheles,Anopheles_stephensi,female,Test
trays/8068/specimens/agamotto-idt1-beta24_432/front.jpg,agamotto-idt1-beta24_432,front,4,aedes,Aedes_communis,male,Test
trays/26082/specimens/agamotto-idt1-beta13_926/back.jpg,agamotto-idt1-beta13_926,back,0,aedes,Aedes_aegypti,female,Train
trays/3107/specimens/37245/front.jpg,37245,front,19,anopheles,Anopheles_gambiae_cdc-g3,female,Test
trays/3583/specimens/42941/back.jpg,42941,back,28,culex,Culex_restuans,male,Test
trays/552/specimens/6614/front.jpg,6614,front,25,culex,Culex_nigripalpus,female,Train
trays/5858/specimens/5858_3/back.jpg,5858_3,back,24,culex,Culex_bitaeniorhynchus,female,Test
trays/506/specimens/6062/back.jpg,6062,back,5,aedes,Aedes_dorsalis,female,Train
trays/522/specimens/6255/front.jpg,6255,front,12,aedes,Aedes_taeniorhynchus,female,Train
trays/1251/specimens/15003/front.jpg,15003,front,2,aedes,Aedes_atlanticus,female,Test
trays/10823/specimens/agamotto-idt1-beta41_1328/front.jpg,agamotto-idt1-beta41_1328,front,11,aedes,Aedes_sierrensis,female,Train
trays/5720/specimens/5720_11/front.jpg,5720_11,front,8,aedes,Aedes_lineatopennis,female,Test
trays/10685/specimens/agamotto-idt1-beta24_2389/front.jpg,agamotto-idt1-beta24_2389,front,29,culex,Culex_salinarius,female,Test
trays/2867/specimens/34389/front.jpg,34389,front,14,aedes,Aedes_vexans,female,Train
trays/4204/specimens/50364/front.jpg,50364,front,13,aedes,Aedes_triseriatus,female,Valid
trays/4510/specimens/4510_0/back.jpg,4510_0,back,27,culex,Culex_quinquefasciatus,male,Test
trays/3034/specimens/36381/back.jpg,36381,back,3,aedes,Aedes_canadensis,female,Train
trays/522/specimens/6254/front.jpg,6254,front,12,aedes,Aedes_taeniorhynchus,female,Test
trays/3579/specimens/42893/back.jpg,42893,back,28,culex,Culex_restuans,male,Train
trays/3032/specimens/36354/front.jpg,36354,front,3,aedes,Aedes_canadensis,female,Train
trays/515/specimens/6170/front.jpg,6170,front,12,aedes,Aedes_taeniorhynchus,female,Train
trays/4971/specimens/4971_0/back.jpg,4971_0,back,28,culex,Culex_resutans,female,Train
trays/2931/specimens/35149/back.jpg,35149,back,14,aedes,Aedes_vexans,female,Test
trays/555/specimens/6649/front.jpg,6649,front,25,culex,Culex_nigripalpus,male,Train
trays/437/specimens/5238/front.jpg,5238,front,30,culex,Culex_tarsalis,female,Train
trays/6770/specimens/agamotto-idt1-beta15_1062/front.jpg,agamotto-idt1-beta15_1062,front,19,anopheles,Anopheles_arabiensis,female,Test
trays/2915/specimens/34961/back.jpg,34961,back,14,aedes,Aedes_vexans,female,Train
trays/4356/specimens/4356_8/back.jpg,4356_8,back,15,anopheles,Anopheles_coustani,female,Train
trays/3062/specimens/36713/front.jpg,36713,front,23,anopheles,Anopheles_stephensi,male,Train
trays/5854/specimens/5854_3/back.jpg,5854_3,back,24,culex,Culex_bitaeniorhynchus,female,Test
trays/1257/specimens/15082/front.jpg,15082,front,2,aedes,Aedes_atlanticus,female,Train
trays/524/specimens/6284/front.jpg,6284,front,21,anopheles,Anopheles_punctipennis,female,Train
trays/3770/specimens/45190/front.jpg,45190,front,16,anopheles,Anopheles_crucians_sl,female,Valid
trays/3437/specimens/41193/front.jpg,41193,front,19,anopheles,Anopheles_gambiae_cdcg3,female,Test
trays/5729/specimens/5729_2/back.jpg,5729_2,back,8,aedes,Aedes_lineatopennis,female,Train
trays/3577/specimens/42868/front.jpg,42868,front,28,culex,Culex_restuans,female,Test
trays/4202/specimens/50338/front.jpg,50338,front,13,aedes,Aedes_triseriatus,female,Test
trays/514/specimens/6163/back.jpg,6163,back,12,aedes,Aedes_taeniorhynchus,female,Test
trays/7300/specimens/agamotto-idt1-beta30_3645/front.jpg,agamotto-idt1-beta30_3645,front,26,culex,Culex_orientalis,female,Test
trays/2806/specimens/33658/back.jpg,33658,back,5,aedes,Aedes_dorsalis,female,Test
trays/1852/specimens/22214/back.jpg,22214,back,25,culex,Culex_nigripalpus,female,Test
trays/3400/specimens/40751/back.jpg,40751,back,18,anopheles,Anopheles_funestus_fumoz,male,Train
trays/482/specimens/5778/front.jpg,5778,front,29,culex,Culex_salinarius,female,Train
trays/1410/specimens/16911/back.jpg,16911,back,6,aedes,Aedes_japonicus,female,Valid
trays/3112/specimens/37308/front.jpg,37308,front,19,anopheles,Anopheles_gambiae_cdc-g3,female,Valid
trays/480/specimens/5755/back.jpg,5755,back,29,culex,Culex_salinarius,female,Train
trays/3783/specimens/45343/front.jpg,45343,front,22,anopheles,Anopheles_quadrimaculatus,female,Train
trays/3054/specimens/36623/front.jpg,36623,front,23,anopheles,Anopheles_stephensi,female,Train
trays/4154/specimens/49757/back.jpg,49757,back,18,anopheles,Anopheles_funestus,female,Test
trays/12866/specimens/agamotto-idt1-beta53_1373/back.jpg,agamotto-idt1-beta53_1373,back,12,aedes,Aedes_taeniorhynchus,female,Test
trays/3496/specimens/41897/back.jpg,41897,back,27,culex,Culex_quinqufasciatus_bamako,female,Train
trays/4708/specimens/4708_6/back.jpg,4708_6,back,20,anopheles,Anopheles_pharoensis,female,Train
trays/3572/specimens/42816/back.jpg,42816,back,16,anopheles,Anopheles_crucians_sl,female,Train
trays/675/specimens/8099/front.jpg,8099,front,29,culex,Culex_salinarius,female,Train
trays/3280/specimens/39301/back.jpg,39301,back,11,aedes,Aedes_sierrensis,male,Train
trays/1251/specimens/15009/front.jpg,15009,front,2,aedes,Aedes_atlanticus,female,Train
trays/5720/specimens/5720_5/back.jpg,5720_5,back,8,aedes,Aedes_lineatopennis,female,Test
trays/16262/specimens/agamotto-idt1-beta42_1224/front.jpg,agamotto-idt1-beta42_1224,front,0,aedes,Aedes_aegypti,female,Train
trays/4510/specimens/4510_0/front.jpg,4510_0,front,27,culex,Culex_quinquefasciatus,male,Test
trays/1161/specimens/13931/front.jpg,13931,front,16,anopheles,Anopheles_crucians,female,Train
trays/8231/specimens/agamotto-idt1-beta24_680/front.jpg,agamotto-idt1-beta24_680,front,4,aedes,Aedes_communis,female,Valid
trays/5728/specimens/5728_9/back.jpg,5728_9,back,8,aedes,Aedes_lineatopennis,female,Train
trays/16235/specimens/agamotto-idt1-beta42_1141/front.jpg,agamotto-idt1-beta42_1141,front,0,aedes,Aedes_aegypti,female,Train
trays/20029/specimens/agamotto-idt1-beta40_14392/back.jpg,agamotto-idt1-beta40_14392,back,2,aedes,Aedes_atlanticus,,Valid
trays/550/specimens/6590/back.jpg,6590,back,25,culex,Culex_nigripalpus,male,Valid
trays/4203/specimens/50346/front.jpg,50346,front,28,culex,Culex_restuans,female,Valid
trays/3577/specimens/42876/back.jpg,42876,back,28,culex,Culex_restuans,male,Train
trays/4137/specimens/49552/back.jpg,49552,back,18,anopheles,Anopheles_funestus,female,Train
trays/1094/specimens/13118/back.jpg,13118,back,17,anopheles,Anopheles_freeborni,female,Test
trays/3058/specimens/36668/front.jpg,36668,front,23,anopheles,Anopheles_stephensi,male,Train
trays/529/specimens/6345/front.jpg,6345,front,6,aedes,Aedes_japonicus,female,Test
trays/3444/specimens/41271/back.jpg,41271,back,23,anopheles,Anopheles_stephensi_nijmegen,female,Test
trays/573/specimens/6875/back.jpg,6875,back,13,aedes,Aedes_triseriatus,female,Valid
trays/3782/specimens/45330/back.jpg,45330,back,22,anopheles,Anopheles_quadrimaculatus,female,Valid
trays/4270/specimens/4270_0/back.jpg,4270_0,back,20,anopheles,Anopheles_pharoensis,female,Train
trays/22335/specimens/agamotto-idt1-beta66_17670/front.jpg,agamotto-idt1-beta66_17670,front,1,aedes,Aedes_albopictus,female,Test
trays/3239/specimens/38811/front.jpg,38811,front,30,culex,Culex_tarsalis,female,Train
trays/1226/specimens/14702/front.jpg,14702,front,10,aedes,Aedes_melanimon,female,Test
trays/3228/specimens/38683/front.jpg,38683,front,30,culex,Culex_tarsalis,female,Train
trays/5854/specimens/5854_5/front.jpg,5854_5,front,24,culex,Culex_bitaeniorhynchus,female,Train
trays/677/specimens/8122/front.jpg,8122,front,29,culex,Culex_salinarius,female,Train
trays/1182/specimens/14179/front.jpg,14179,front,12,aedes,Aedes_taeniorhynchus,female,Valid
trays/6129/specimens/agamotto-idt1-beta03_138/back.jpg,agamotto-idt1-beta03_138,back,11,aedes,Aedes_sierrensis,female,Train
trays/3436/specimens/41178/back.jpg,41178,back,19,anopheles,Anopheles_gambiae_cdcg3,female,Valid
trays/4168/specimens/49923/back.jpg,49923,back,18,anopheles,Anopheles_funestus_s.l,female,Valid
trays/6781/specimens/agamotto-idt1-beta15_1197/back.jpg,agamotto-idt1-beta15_1197,back,19,anopheles,Anopheles_arabiensis,female,Valid
trays/9744/specimens/agamotto-idt1-beta28_1736/front.jpg,agamotto-idt1-beta28_1736,front,20,anopheles,Anopheles_pharoensis,female,Valid
trays/5086/specimens/5086_11/back.jpg,5086_11,back,9,aedes,Aedes_mcintoshi,female,Train
trays/5086/specimens/5086_0/front.jpg,5086_0,front,9,aedes,Aedes_mcintoshi,female,Train
trays/1059/specimens/12707/back.jpg,12707,back,17,anopheles,Anopheles_freeborni,female,Test
trays/3110/specimens/37275/front.jpg,37275,front,19,anopheles,Anopheles_gambiae_cdc-g3,female,Train
trays/5852/specimens/5852_0/front.jpg,5852_0,front,24,culex,Culex_bitaeniorhynchus,female,Train
trays/1257/specimens/15077/back.jpg,15077,back,2,aedes,Aedes_atlanticus,female,Valid
trays/4361/specimens/4361_10/back.jpg,4361_10,back,14,aedes,Aedes_vexans,female,Valid
trays/8066/specimens/agamotto-idt1-beta24_402/back.jpg,agamotto-idt1-beta24_402,back,4,aedes,Aedes_communis,male,Test
trays/3925/specimens/47033/back.jpg,47033,back,18,anopheles,Anopheles_funestus_s.l,female,Train
trays/10563/specimens/agamotto-idt1-beta41_1035/front.jpg,agamotto-idt1-beta41_1035,front,11,aedes,Aedes_sierrensis,female,Test
trays/478/specimens/5725/back.jpg,5725,back,12,aedes,Aedes_taeniorhynchus,female,Train
trays/3030/specimens/36331/front.jpg,36331,front,3,aedes,Aedes_canadensis,female,Test
trays/11058/specimens/agamotto-idt1-beta28_2615/front.jpg,agamotto-idt1-beta28_2615,front,17,anopheles,Anopheles_freeborni,female,Train
trays/409/specimens/4901/back.jpg,4901,back,10,aedes,Aedes_melanimon,female,Valid
trays/11106/specimens/agamotto-idt1-beta66_3732/front.jpg,agamotto-idt1-beta66_3732,front,25,culex,Culex_nigripalpus,female,Train
trays/4251/specimens/50925/back.jpg,50925,back,16,anopheles,Anopheles_crucians_sl,female,Valid
trays/6397/specimens/agamotto-idt1-beta30_1288/back.jpg,agamotto-idt1-beta30_1288,back,7,aedes,Aedes_koreicus,female,Test
trays/1162/specimens/13936/back.jpg,13936,back,16,anopheles,Anopheles_crucians,female,Train
trays/6446/specimens/agamotto-idt1-beta30_1880/back.jpg,agamotto-idt1-beta30_1880,back,7,aedes,Aedes_koreicus,female,Valid
trays/2418/specimens/28996/back.jpg,28996,back,17,anopheles,Anopheles_freeborni,female,Train
trays/2863/specimens/34340/back.jpg,34340,back,5,aedes,Aedes_dorsalis,female,Train
trays/1165/specimens/13971/back.jpg,13971,back,16,anopheles,Anopheles_crucians,female,Train
trays/7280/specimens/agamotto-idt1-beta30_3406/front.jpg,agamotto-idt1-beta30_3406,front,26,culex,Culex_orientalis,female,Train
trays/3771/specimens/45198/back.jpg,45198,back,6,aedes,Aedes_japonicus,female,Valid
trays/5862/specimens/5862_7/front.jpg,5862_7,front,24,culex,Culex_bitaeniorhynchus,female,Train
trays/551/specimens/6608/back.jpg,6608,back,25,culex,Culex_nigripalpus,male,Test
trays/2798/specimens/33560/back.jpg,33560,back,5,aedes,Aedes_dorsalis,female,Test
trays/554/specimens/6643/front.jpg,6643,front,25,culex,Culex_nigripalpus,female,Test
trays/3708/specimens/44447/back.jpg,44447,back,27,culex,Culex_quinquefasciatus_bcs,male,Test
trays/1161/specimens/13926/back.jpg,13926,back,16,anopheles,Anopheles_crucians,female,Train
trays/5723/specimens/5723_7/back.jpg,5723_7,back,8,aedes,Aedes_lineatopennis,female,Train
trays/2932/specimens/35166/back.jpg,35166,back,5,aedes,Aedes_dorsalis,female,Train
trays/4343/specimens/4343_0/front.jpg,4343_0,front,15,anopheles,Anopheles_coustani,female,Train
trays/6410/specimens/agamotto-idt1-beta30_1445/back.jpg,agamotto-idt1-beta30_1445,back,7,aedes,Aedes_koreicus,female,Test
trays/4167/specimens/49909/back.jpg,49909,back,18,anopheles,Anopheles_funestus,male,Train
trays/14778/specimens/agamotto-idt1-beta28_4346/front.jpg,agamotto-idt1-beta28_4346,front,24,culex,Culex_bitaeniorhynchus,female,Test
trays/3237/specimens/38790/back.jpg,38790,back,30,culex,Culex_tarsalis,female,Train
trays/3057/specimens/36660/front.jpg,36660,front,23,anopheles,Anopheles_stephensi,male,Valid
trays/14180/specimens/agamotto-idt1-beta22_2413/back.jpg,agamotto-idt1-beta22_2413,back,0,aedes,Aedes_aegypti,male,Train
trays/3501/specimens/41955/front.jpg,41955,front,27,culex,Culex_quinqufasciatus_bamako,male,Test
trays/3427/specimens/41067/back.jpg,41067,back,19,anopheles,Anopheles_gambiae_cdcg3,female,Test
trays/5080/specimens/5080_4/front.jpg,5080_4,front,9,aedes,Aedes_mcintoshi,female,Train
trays/6114/specimens/agamotto-idt1-beta15_59/front.jpg,agamotto-idt1-beta15_59,front,9,aedes,Aedes_mcintoshi,female,Valid
trays/4699/specimens/4699_0/back.jpg,4699_0,back,20,anopheles,Anopheles_pharoensis,female,Test
trays/15837/specimens/agamotto-idt1-beta02_1927/front.jpg,agamotto-idt1-beta02_1927,front,1,aedes,Aedes_albopictus,female,Test
trays/5902/specimens/5902_0/back.jpg,5902_0,back,31,culex,Culex_tritaeniorhynchus,female,Valid
trays/4352/specimens/4352_10/back.jpg,4352_10,back,15,anopheles,Anopheles_coustani,female,Train
trays/3582/specimens/42927/back.jpg,42927,back,28,culex,Culex_restuans,male,Train
trays/2154/specimens/25845/front.jpg,25845,front,22,anopheles,Anopheles_quadrimaculatus,male,Train
trays/3112/specimens/37298/front.jpg,37298,front,19,anopheles,Anopheles_gambiae_cdc-g3,female,Train
trays/4695/specimens/4695_8/back.jpg,4695_8,back,20,anopheles,Anopheles_pharoensis,female,Valid
trays/5864/specimens/5864_1/front.jpg,5864_1,front,24,culex,Culex_bitaeniorhynchus,female,Train
trays/15769/specimens/agamotto-idt1-beta22_4842/back.jpg,agamotto-idt1-beta22_4842,back,0,aedes,Aedes_aegypti,female,Test
trays/20710/specimens/agamotto-idt1-beta02_4648/back.jpg,agamotto-idt1-beta02_4648,back,1,aedes,Aedes_albopictus,female,Train
trays/1091/specimens/13085/front.jpg,13085,front,17,anopheles,Anopheles_freeborni,female,Train
trays/4252/specimens/50929/back.jpg,50929,back,21,anopheles,Anopheles_punctipennis,female,Train
trays/1404/specimens/16845/back.jpg,16845,back,29,culex,Culex_salinarius,female,Test
trays/8161/specimens/agamotto-idt1-beta24_518/back.jpg,agamotto-idt1-beta24_518,back,4,aedes,Aedes_communis,male,Test
trays/8067/specimens/agamotto-idt1-beta24_409/front.jpg,agamotto-idt1-beta24_409,front,4,aedes,Aedes_communis,male,Train
trays/1944/specimens/23328/front.jpg,23328,front,25,culex,Culex_nigripalpus,female,Train
trays/6395/specimens/agamotto-idt1-beta30_1267/back.jpg,agamotto-idt1-beta30_1267,back,7,aedes,Aedes_koreicus,female,Valid
trays/10688/specimens/agamotto-idt1-beta24_2433/front.jpg,agamotto-idt1-beta24_2433,front,29,culex,Culex_salinarius,female,Test
trays/8199/specimens/agamotto-idt1-beta24_647/front.jpg,agamotto-idt1-beta24_647,front,4,aedes,Aedes_communis,female,Train
trays/2413/specimens/28936/front.jpg,28936,front,21,anopheles,Anopheles_punctipennis,male,Valid
trays/5857/specimens/5857_1/front.jpg,5857_1,front,24,culex,Culex_bitaeniorhynchus,female,Valid
trays/3581/specimens/42918/front.jpg,42918,front,28,culex,Culex_restuans,female,Test
trays/507/specimens/6080/front.jpg,6080,front,5,aedes,Aedes_dorsalis,female,Valid
trays/4357/specimens/4357_10/back.jpg,4357_10,back,15,anopheles,Anopheles_coustani,female,Train
trays/531/specimens/6370/back.jpg,6370,back,6,aedes,Aedes_japonicus,female,Train
trays/3231/specimens/38721/back.jpg,38721,back,30,culex,Culex_tarsalis,female,Train
trays/3235/specimens/38768/front.jpg,38768,front,30,culex,Culex_tarsalis,female,Train
trays/4223/specimens/50583/back.jpg,50583,back,13,aedes,Aedes_triseriatus,female,Test
trays/4330/specimens/4330_3/front.jpg,4330_3,front,18,anopheles,Anopheles_funestus,male,Valid
trays/3786/specimens/45377/back.jpg,45377,back,22,anopheles,Anopheles_quadrimaculatus,female,Test
trays/3769/specimens/45173/back.jpg,45173,back,16,anopheles,Anopheles_crucians_sl,female,Test
trays/479/specimens/5742/front.jpg,5742,front,29,culex,Culex_salinarius,female,Test
trays/3053/specimens/36607/front.jpg,36607,front,23,anopheles,Anopheles_stephensi,female,Train
trays/1191/specimens/14286/back.jpg,14286,back,25,culex,Culex_nigripalpus,female,Train
trays/5858/specimens/5858_5/back.jpg,5858_5,back,24,culex,Culex_bitaeniorhynchus,female,Train
trays/2703/specimens/32418/back.jpg,32418,back,22,anopheles,Anopheles_quadrimaculatus_sl,female,Test
trays/577/specimens/6915/front.jpg,6915,front,3,aedes,Aedes_canadensis,female,Train
trays/6127/specimens/agamotto-idt1-beta03_114/front.jpg,agamotto-idt1-beta03_114,front,11,aedes,Aedes_sierrensis,female,Valid
trays/3052/specimens/36598/front.jpg,36598,front,23,anopheles,Anopheles_stephensi,female,Train
trays/407/specimens/4881/front.jpg,4881,front,10,aedes,Aedes_melanimon,female,Test
trays/5854/specimens/5854_6/back.jpg,5854_6,back,24,culex,Culex_bitaeniorhynchus,female,Train
trays/6117/specimens/agamotto-idt1-beta03_13/front.jpg,agamotto-idt1-beta03_13,front,11,aedes,Aedes_sierrensis,male,Valid
trays/551/specimens/6603/back.jpg,6603,back,25,culex,Culex_nigripalpus,female,Train
trays/7282/specimens/agamotto-idt1-beta30_3427/front.jpg,agamotto-idt1-beta30_3427,front,26,culex,Culex_orientalis,female,Train
trays/5852/specimens/5852_7/front.jpg,5852_7,front,24,culex,Culex_bitaeniorhynchus,female,Train
trays/2868/specimens/34394/front.jpg,34394,front,14,aedes,Aedes_vexans,female,Test
trays/5914/specimens/5914_5/front.jpg,5914_5,front,31,culex,Culex_tritaeniorhynchus,female,Valid
trays/2706/specimens/32449/back.jpg,32449,back,22,anopheles,Anopheles_quadrimaculatus_sl,female,Train
trays/4146/specimens/49661/back.jpg,49661,back,18,anopheles,Anopheles_funestus,male,Train
trays/506/specimens/6071/back.jpg,6071,back,5,aedes,Aedes_dorsalis,female,Test
trays/678/specimens/8136/back.jpg,8136,back,29,culex,Culex_salinarius,female,Valid
trays/11181/specimens/agamotto-idt1-beta66_4001/front.jpg,agamotto-idt1-beta66_4001,front,6,aedes,Aedes_japonicus,female,Train
trays/5085/specimens/5085_10/back.jpg,5085_10,back,9,aedes,Aedes_mcintoshi,female,Test
trays/6781/specimens/agamotto-idt1-beta15_1196/front.jpg,agamotto-idt1-beta15_1196,front,19,anopheles,Anopheles_arabiensis,male,Valid
trays/1188/specimens/14247/front.jpg,14247,front,25,culex,Culex_nigripalpus,female,Train
trays/3807/specimens/45636/back.jpg,45636,back,21,anopheles,Anopheles_punctipennis,female,Test
trays/8066/specimens/agamotto-idt1-beta24_406/front.jpg,agamotto-idt1-beta24_406,front,4,aedes,Aedes_communis,male,Test
trays/1283/specimens/15385/front.jpg,15385,front,6,aedes,Aedes_japonicus,female,Train
trays/3901/specimens/46742/back.jpg,46742,back,13,aedes,Aedes_triseriatus,female,Valid
trays/6394/specimens/agamotto-idt1-beta30_1257/back.jpg,agamotto-idt1-beta30_1257,back,7,aedes,Aedes_koreicus,female,Valid
trays/3289/specimens/39414/front.jpg,39414,front,22,anopheles,Anopheles_quadrimaculatus,female,Test
trays/3769/specimens/45176/back.jpg,45176,back,16,anopheles,Anopheles_crucians_sl,female,Train
trays/3032/specimens/36358/back.jpg,36358,back,3,aedes,Aedes_canadensis,female,Test
trays/1165/specimens/13972/back.jpg,13972,back,16,anopheles,Anopheles_crucians,female,Valid
trays/3596/specimens/43096/back.jpg,43096,back,28,culex,Culex_restuans,female,Test
trays/3055/specimens/36628/front.jpg,36628,front,23,anopheles,Anopheles_stephensi,female,Train
trays/2885/specimens/34597/back.jpg,34597,back,14,aedes,Aedes_vexans,female,Train
trays/7832/specimens/agamotto-idt1-beta03_461/back.jpg,agamotto-idt1-beta03_461,back,11,aedes,Aedes_sierrensis,female,Test
trays/2702/specimens/32410/front.jpg,32410,front,22,anopheles,Anopheles_quadrimaculatus_sl,female,Valid
trays/3760/specimens/45071/back.jpg,45071,back,13,aedes,Aedes_triseriatus,female,Train
trays/1330/specimens/15954/front.jpg,15954,front,10,aedes,Aedes_melanimon,female,Train
trays/2959/specimens/35474/back.jpg,35474,back,14,aedes,Aedes_vexans,female,Train
trays/3116/specimens/37355/back.jpg,37355,back,19,anopheles,Anopheles_gambiae_cdc-g3,male,Test
trays/13955/specimens/agamotto-idt1-beta02_493/back.jpg,agamotto-idt1-beta02_493,back,1,aedes,Aedes_albopictus,female,Train
trays/4151/specimens/49724/front.jpg,49724,front,18,anopheles,Anopheles_funestus_s.l,female,Test
trays/8066/specimens/agamotto-idt1-beta24_399/front.jpg,agamotto-idt1-beta24_399,front,4,aedes,Aedes_communis,male,Test
trays/5722/specimens/5722_5/front.jpg,5722_5,front,8,aedes,Aedes_lineatopennis,female,Valid
trays/3579/specimens/42895/back.jpg,42895,back,28,culex,Culex_restuans,female,Test
trays/11179/specimens/agamotto-idt1-beta28_3048/back.jpg,agamotto-idt1-beta28_3048,back,17,anopheles,Anopheles_freeborni,male,Train
trays/4707/specimens/4707_11/front.jpg,4707_11,front,20,anopheles,Anopheles_pharoensis,female,Test
trays/2432/specimens/29161/back.jpg,29161,back,15,anopheles,Anopheles_coustani,female,Test
trays/3427/specimens/41073/front.jpg,41073,front,19,anopheles,Anopheles_gambiae_cdcg3,female,Valid
trays/2884/specimens/34585/front.jpg,34585,front,14,aedes,Aedes_vexans,female,Train
trays/5905/specimens/5905_11/front.jpg,5905_11,front,31,culex,Culex_tritaeniorhynchus,female,Valid
trays/23872/specimens/agamotto-idt1-beta66_22916/back.jpg,agamotto-idt1-beta66_22916,back,6,aedes,Aedes_japonicus,male,Test
trays/3784/specimens/45352/back.jpg,45352,back,22,anopheles,Anopheles_quadrimaculatus,female,Train
trays/8231/specimens/agamotto-idt1-beta24_683/back.jpg,agamotto-idt1-beta24_683,back,4,aedes,Aedes_communis,female,Train
trays/3806/specimens/45615/back.jpg,45615,back,21,anopheles,Anopheles_punctipennis,female,Train
trays/25758/specimens/agamotto-idt1-beta05_24525/back.jpg,agamotto-idt1-beta05_24525,back,0,aedes,Aedes_aegypti,,Test
trays/6428/specimens/agamotto-idt1-beta30_1660/front.jpg,agamotto-idt1-beta30_1660,front,7,aedes,Aedes_koreicus,female,Train
trays/5907/specimens/5907_11/back.jpg,5907_11,back,31,culex,Culex_tritaeniorhynchus,female,Train
trays/5851/specimens/5851_7/front.jpg,5851_7,front,24,culex,Culex_bitaeniorhynchus,female,Train
trays/7124/specimens/agamotto-idt1-beta15_2770/front.jpg,agamotto-idt1-beta15_2770,front,9,aedes,Aedes_mcintoshi,female,Test
trays/4515/specimens/4515_11/front.jpg,4515_11,front,27,culex,Culex_quinquefasciatus,male,Train
trays/1299/specimens/15588/front.jpg,15588,front,13,aedes,Aedes_triseriatus,female,Valid
trays/5863/specimens/5863_1/back.jpg,5863_1,back,24,culex,Culex_bitaeniorhynchus,female,Valid
trays/4701/specimens/4701_10/back.jpg,4701_10,back,20,anopheles,Anopheles_pharoensis,female,Test
trays/7832/specimens/agamotto-idt1-beta03_458/back.jpg,agamotto-idt1-beta03_458,back,11,aedes,Aedes_sierrensis,female,Valid
trays/3806/specimens/45614/front.jpg,45614,front,21,anopheles,Anopheles_punctipennis,female,Train
trays/504/specimens/6039/back.jpg,6039,back,5,aedes,Aedes_dorsalis,female,Train
trays/3054/specimens/36621/front.jpg,36621,front,23,anopheles,Anopheles_stephensi,female,Train
trays/533/specimens/6388/back.jpg,6388,back,6,aedes,Aedes_japonicus,female,Train
trays/1257/specimens/15076/front.jpg,15076,front,2,aedes,Aedes_atlanticus,female,Test
trays/4948/specimens/4948_11/back.jpg,4948_11,back,31,culicidae,culex,0,Train
trays/1296/specimens/15545/front.jpg,15545,front,13,aedes,Aedes_triseriatus,female,Train
trays/3445/specimens/41284/front.jpg,41284,front,23,anopheles,Anopheles_stephensi_nijmegen,female,Valid
trays/4700/specimens/4700_0/back.jpg,4700_0,back,20,anopheles,Anopheles_pharoensis,female,Train
trays/4251/specimens/50924/front.jpg,50924,front,16,anopheles,Anopheles_crucians_sl,female,Train
trays/6773/specimens/agamotto-idt1-beta15_1097/back.jpg,agamotto-idt1-beta15_1097,back,19,anopheles,Anopheles_arabiensis,female,Train
trays/4356/specimens/4356_1/front.jpg,4356_1,front,15,anopheles,Anopheles_coustani,female,Valid
trays/4205/specimens/50368/back.jpg,50368,back,13,aedes,Aedes_triseriatus,female,Valid
trays/525/specimens/6289/back.jpg,6289,back,21,anopheles,Anopheles_punctipennis,female,Test
trays/5903/specimens/5903_1/front.jpg,5903_1,front,31,culex,Culex_tritaeniorhynchus,female,Test
trays/10440/specimens/agamotto-idt1-beta49_860/back.jpg,agamotto-idt1-beta49_860,back,6,aedes,Aedes_japonicus,female,Train
trays/4743/specimens/4743_6/front.jpg,4743_6,front,20,anopheles,Anopheles_pharoensis,female,Train
trays/1292/specimens/15503/front.jpg,15503,front,13,aedes,Aedes_triseriatus,female,Train
trays/4166/specimens/49908/back.jpg,49908,back,18,anopheles,Anopheles_funestus_s.l,female,Test
trays/5724/specimens/5724_4/back.jpg,5724_4,back,8,aedes,Aedes_lineatopennis,female,Test
trays/4352/specimens/4352_2/front.jpg,4352_2,front,15,anopheles,Anopheles_coustani,female,Train
trays/1257/specimens/15074/front.jpg,15074,front,2,aedes,Aedes_atlanticus,female,Train
trays/4680/specimens/4680_1/front.jpg,4680_1,front,9,aedes,Aedes_mcintoshi,female,Test
trays/514/specimens/6160/back.jpg,6160,back,12,aedes,Aedes_taeniorhynchus,female,Test
trays/484/specimens/5799/back.jpg,5799,back,29,culex,Culex_salinarius,female,Test
trays/1189/specimens/14258/front.jpg,14258,front,25,culex,Culex_nigripalpus,female,Test
trays/506/specimens/6070/back.jpg,6070,back,5,aedes,Aedes_dorsalis,female,Train
trays/5085/specimens/5085_4/front.jpg,5085_4,front,9,aedes,Aedes_mcintoshi,female,Test
trays/8163/specimens/agamotto-idt1-beta24_546/front.jpg,agamotto-idt1-beta24_546,front,4,aedes,Aedes_communis,male,Test
trays/522/specimens/6263/back.jpg,6263,back,12,aedes,Aedes_taeniorhynchus,female,Train
trays/530/specimens/6358/back.jpg,6358,back,6,aedes,Aedes_japonicus,female,Valid
trays/2703/specimens/32424/back.jpg,32424,back,22,anopheles,Anopheles_quadrimaculatus_sl,female,Test
trays/1095/specimens/13136/back.jpg,13136,back,10,aedes,Aedes_melanimon,female,Train
trays/8162/specimens/agamotto-idt1-beta24_538/front.jpg,agamotto-idt1-beta24_538,front,4,aedes,Aedes_communis,male,Train
trays/3586/specimens/42983/front.jpg,42983,front,28,culex,Culex_restuans,female,Test
trays/6120/specimens/agamotto-idt1-beta03_45/front.jpg,agamotto-idt1-beta03_45,front,11,aedes,Aedes_sierrensis,female,Test
trays/398/specimens/4776/front.jpg,4776,front,17,anopheles,Anopheles_freeborni,female,Test
trays/15841/specimens/agamotto-idt1-beta02_1973/front.jpg,agamotto-idt1-beta02_1973,front,6,aedes,Aedes_japonicus,female,Test
trays/3111/specimens/37287/front.jpg,37287,front,19,anopheles,Anopheles_gambiae_cdc-g3,female,Train
trays/5909/specimens/5909_9/back.jpg,5909_9,back,31,culex,Culex_tritaeniorhynchus,female,Test
trays/3035/specimens/36389/back.jpg,36389,back,3,aedes,Aedes_canadensis,female,Test
trays/2416/specimens/28973/front.jpg,28973,front,17,anopheles,Anopheles_freeborni,female,Test
trays/3495/specimens/41889/front.jpg,41889,front,27,culex,Culex_quinqufasciatus_bamako,female,Train
trays/3237/specimens/38793/front.jpg,38793,front,30,culex,Culex_tarsalis,female,Valid
trays/8163/specimens/agamotto-idt1-beta24_546/back.jpg,agamotto-idt1-beta24_546,back,4,aedes,Aedes_communis,male,Test
trays/3060/specimens/36689/front.jpg,36689,front,23,anopheles,Anopheles_stephensi,male,Train
trays/7796/specimens/agamotto-idt1-beta30_7400/front.jpg,agamotto-idt1-beta30_7400,front,7,aedes,Aedes_koreicus,male,Train
trays/2800/specimens/33585/back.jpg,33585,back,5,aedes,Aedes_dorsalis,female,Test
trays/5857/specimens/5857_4/back.jpg,5857_4,back,24,culex,Culex_bitaeniorhynchus,female,Train
trays/554/specimens/6639/front.jpg,6639,front,25,culex,Culex_nigripalpus,female,Test
trays/6410/specimens/agamotto-idt1-beta30_1450/front.jpg,agamotto-idt1-beta30_1450,front,7,aedes,Aedes_koreicus,female,Test
trays/477/specimens/5716/back.jpg,5716,back,12,aedes,Aedes_taeniorhynchus,female,Valid
trays/2707/specimens/32467/back.jpg,32467,back,22,anopheles,Anopheles_quadrimaculatus_sl,female,Test
trays/3232/specimens/38732/front.jpg,38732,front,30,culex,Culex_tarsalis,female,Train
trays/4193/specimens/50221/back.jpg,50221,back,15,anopheles,Anopheles_coustani,female,Train
trays/720/specimens/8630/front.jpg,8630,front,30,culex,Culex_tarsalis,female,Test
trays/2932/specimens/35162/back.jpg,35162,back,5,aedes,Aedes_dorsalis,female,Valid
trays/4725/specimens/4725_10/front.jpg,4725_10,front,15,anopheles,Anopheles_coustani,female,Test
trays/3443/specimens/41258/back.jpg,41258,back,23,anopheles,Anopheles_stephensi_nijmegen,female,Test
trays/409/specimens/4906/back.jpg,4906,back,10,aedes,Aedes_melanimon,female,Train
trays/3662/specimens/43893/front.jpg,43893,front,1,aedes,Aedes_albopictus,female,Test
trays/3033/specimens/36367/front.jpg,36367,front,3,aedes,Aedes_canadensis,female,Test
trays/5859/specimens/5859_2/front.jpg,5859_2,front,24,culex,Culex_bitaeniorhynchus,female,Test
trays/1179/specimens/14147/back.jpg,14147,back,10,aedes,Aedes_melanimon,female,Test
trays/6769/specimens/agamotto-idt1-beta15_1048/back.jpg,agamotto-idt1-beta15_1048,back,19,anopheles,Anopheles_arabiensis,female,Train
trays/8065/specimens/agamotto-idt1-beta24_388/front.jpg,agamotto-idt1-beta24_388,front,4,aedes,Aedes_communis,male,Test
trays/26076/specimens/agamotto-idt1-beta13_844/back.jpg,agamotto-idt1-beta13_844,back,0,aedes,Aedes_aegypti,,Test
trays/3282/specimens/39333/back.jpg,39333,back,11,aedes,Aedes_sierrensis,male,Test
trays/1296/specimens/15543/front.jpg,15543,front,13,aedes,Aedes_triseriatus,female,Train
trays/7276/specimens/agamotto-idt1-beta30_3360/front.jpg,agamotto-idt1-beta30_3360,front,26,culex,Culex_orientalis,female,Test
trays/5721/specimens/5721_7/back.jpg,5721_7,back,8,aedes,Aedes_lineatopennis,female,Test
trays/3873/specimens/46412/front.jpg,46412,front,21,anopheles,Anopheles_punctipennis,female,Train
trays/1091/specimens/13090/front.jpg,13090,front,17,anopheles,Anopheles_freeborni,female,Test
trays/5634/specimens/5634_6/front.jpg,5634_6,front,9,aedes,Aedes_mcintoshi,female,Test
trays/3031/specimens/36348/front.jpg,36348,front,3,aedes,Aedes_canadensis,female,Train
trays/3283/specimens/39347/back.jpg,39347,back,11,aedes,Aedes_sierrensis,female,Test
trays/5862/specimens/5862_2/front.jpg,5862_2,front,24,culex,Culex_bitaeniorhynchus,female,Train
trays/1094/specimens/13118/front.jpg,13118,front,17,anopheles,Anopheles_freeborni,female,Test
trays/1164/specimens/13968/back.jpg,13968,back,16,anopheles,Anopheles_crucians,female,Train
trays/22758/specimens/agamotto-idt1-beta66_19789/front.jpg,agamotto-idt1-beta66_19789,front,1,aedes,Aedes_albopictus,male,Train
trays/4919/specimens/4919_2/front.jpg,4919_2,front,31,culicidae,culex,0,Train
trays/3396/specimens/40703/front.jpg,40703,front,18,anopheles,Anopheles_funestus_fumoz,female,Train
trays/3807/specimens/45631/back.jpg,45631,back,21,anopheles,Anopheles_punctipennis,female,Test
trays/7124/specimens/agamotto-idt1-beta15_2768/front.jpg,agamotto-idt1-beta15_2768,front,9,aedes,Aedes_mcintoshi,female,Train
trays/3104/specimens/37209/front.jpg,37209,front,0,aedes,Aedes_aegypti,male,Test
trays/4357/specimens/4357_8/back.jpg,4357_8,back,15,anopheles,Anopheles_coustani,female,Train
trays/1248/specimens/14970/front.jpg,14970,front,2,aedes,Aedes_atlanticus,female,Valid
trays/8164/specimens/agamotto-idt1-beta24_560/front.jpg,agamotto-idt1-beta24_560,front,4,aedes,Aedes_communis,male,Train
trays/2867/specimens/34383/back.jpg,34383,back,14,aedes,Aedes_vexans,female,Train
trays/3807/specimens/45633/front.jpg,45633,front,21,anopheles,Anopheles_punctipennis,female,Test
trays/3437/specimens/41192/back.jpg,41192,back,19,anopheles,Anopheles_gambiae_cdcg3,female,Test
trays/22245/specimens/agamotto-idt1-beta42_3507/front.jpg,agamotto-idt1-beta42_3507,front,0,aedes,Aedes_aegypti,female,Train
trays/7281/specimens/agamotto-idt1-beta30_3420/front.jpg,agamotto-idt1-beta30_3420,front,26,culex,Culex_orientalis,female,Train
trays/3436/specimens/41175/back.jpg,41175,back,19,anopheles,Anopheles_gambiae_cdcg3,female,Valid
trays/8067/specimens/agamotto-idt1-beta24_412/back.jpg,agamotto-idt1-beta24_412,back,4,aedes,Aedes_communis,male,Valid
trays/6422/specimens/agamotto-idt1-beta30_1588/front.jpg,agamotto-idt1-beta30_1588,front,7,aedes,Aedes_koreicus,female,Valid
trays/15839/specimens/agamotto-idt1-beta02_1956/back.jpg,agamotto-idt1-beta02_1956,back,1,aedes,Aedes_albopictus,female,Test
trays/953/specimens/11429/back.jpg,11429,back,6,aedes,Aedes_japonicus,female,Train
trays/3786/specimens/45384/back.jpg,45384,back,22,anopheles,Anopheles_quadrimaculatus,female,Train
trays/2878/specimens/34524/front.jpg,34524,front,5,aedes,Aedes_dorsalis,female,Test
trays/5910/specimens/5910_7/front.jpg,5910_7,front,31,culex,Culex_tritaeniorhynchus,female,Test
trays/3051/specimens/36584/front.jpg,36584,front,23,anopheles,Anopheles_stephensi,female,Train
trays/5902/specimens/5902_9/back.jpg,5902_9,back,31,culex,Culex_tritaeniorhynchus,female,Test
trays/2867/specimens/34392/front.jpg,34392,front,14,aedes,Aedes_vexans,female,Train
trays/539/specimens/6457/front.jpg,6457,front,0,aedes,Aedes_aegypti,female,Test
trays/3807/specimens/45627/back.jpg,45627,back,21,anopheles,Anopheles_punctipennis,female,Test
trays/4356/specimens/4356_0/front.jpg,4356_0,front,15,anopheles,Anopheles_coustani,female,Valid
trays/5638/specimens/5638_1/back.jpg,5638_1,back,6,aedes,Aedes_japonicus,male,Test
trays/6779/specimens/agamotto-idt1-beta15_1176/back.jpg,agamotto-idt1-beta15_1176,back,19,anopheles,Anopheles_arabiensis,male,Train
trays/3958/specimens/47433/front.jpg,47433,front,15,anopheles,Anopheles_coustani,female,Valid
trays/4715/specimens/4715_4/back.jpg,4715_4,back,20,anopheles,Anopheles_pharoensis,female,Valid
trays/3396/specimens/40699/front.jpg,40699,front,18,anopheles,Anopheles_funestus_fumoz,female,Test
trays/10775/specimens/agamotto-idt1-beta41_1246/back.jpg,agamotto-idt1-beta41_1246,back,11,aedes,Aedes_sierrensis,female,Train
trays/2417/specimens/28983/front.jpg,28983,front,17,anopheles,Anopheles_freeborni,female,Train
trays/10687/specimens/agamotto-idt1-beta24_2413/front.jpg,agamotto-idt1-beta24_2413,front,29,culex,Culex_salinarius,female,Test
trays/5638/specimens/5638_0/back.jpg,5638_0,back,6,aedes,Aedes_japonicus,male,Valid
trays/506/specimens/6071/front.jpg,6071,front,5,aedes,Aedes_dorsalis,female,Test
trays/5859/specimens/5859_11/front.jpg,5859_11,front,24,culex,Culex_bitaeniorhynchus,female,Train
trays/3395/specimens/40692/back.jpg,40692,back,18,anopheles,Anopheles_funestus_fumoz,female,Test
trays/3449/specimens/41330/front.jpg,41330,front,23,anopheles,Anopheles_stephensi_nijmegen,male,Test
trays/1144/specimens/13717/back.jpg,13717,back,17,anopheles,Anopheles_freeborni,female,Train
trays/2864/specimens/34356/front.jpg,34356,front,5,aedes,Aedes_dorsalis,female,Train
trays/573/specimens/6867/front.jpg,6867,front,13,aedes,Aedes_triseriatus,female,Train
trays/2706/specimens/32453/front.jpg,32453,front,22,anopheles,Anopheles_quadrimaculatus_sl,female,Train
trays/22232/specimens/agamotto-idt1-beta42_3468/front.jpg,agamotto-idt1-beta42_3468,front,0,aedes,Aedes_aegypti,male,Test
trays/8163/specimens/agamotto-idt1-beta24_541/back.jpg,agamotto-idt1-beta24_541,back,4,aedes,Aedes_communis,male,Valid
trays/3495/specimens/41891/front.jpg,41891,front,27,culex,Culex_quinqufasciatus_bamako,female,Test
trays/3239/specimens/38815/front.jpg,38815,front,30,culex,Culex_tarsalis,female,Test
trays/514/specimens/6163/front.jpg,6163,front,12,aedes,Aedes_taeniorhynchus,female,Test
trays/2863/specimens/34335/back.jpg,34335,back,5,aedes,Aedes_dorsalis,female,Valid
trays/531/specimens/6367/front.jpg,6367,front,6,aedes,Aedes_japonicus,female,Test
trays/554/specimens/6645/front.jpg,6645,front,25,culex,Culex_nigripalpus,male,Test
trays/5869/specimens/5869_8/back.jpg,5869_8,back,24,culex,Culex_bitaeniorhynchus,female,Valid
trays/3435/specimens/41162/back.jpg,41162,back,19,anopheles,Anopheles_gambiae_cdcg3,female,Test
trays/4730/specimens/4730_3/front.jpg,4730_3,front,15,anopheles,Anopheles_coustani,female,Train
trays/4734/specimens/4734_9/front.jpg,4734_9,front,20,anopheles,Anopheles_pharoensis,female,Test
trays/5863/specimens/5863_10/back.jpg,5863_10,back,24,culex,Culex_bitaeniorhynchus,female,Test
trays/481/specimens/5772/back.jpg,5772,back,29,culex,Culex_salinarius,female,Valid
trays/9258/specimens/agamotto-idt1-beta24_1903/front.jpg,agamotto-idt1-beta24_1903,front,2,aedes,Aedes_atlanticus,male,Test
trays/2154/specimens/25847/back.jpg,25847,back,22,anopheles,Anopheles_quadrimaculatus,male,Test
trays/1408/specimens/16890/front.jpg,16890,front,13,aedes,Aedes_triseriatus,female,Valid
trays/526/specimens/6312/front.jpg,6312,front,21,anopheles,Anopheles_punctipennis,female,Test
trays/3029/specimens/36324/back.jpg,36324,back,3,aedes,Aedes_canadensis,female,Train
trays/4745/specimens/4745_9/back.jpg,4745_9,back,20,anopheles,Anopheles_pharoensis,female,Train
trays/5857/specimens/5857_7/front.jpg,5857_7,front,24,culex,Culex_bitaeniorhynchus,female,Train
trays/3572/specimens/42814/back.jpg,42814,back,16,anopheles,Anopheles_crucians_sl,female,Train
trays/4518/specimens/4518_1/front.jpg,4518_1,front,27,culex,Culex_quinquefasciatus,female,Train
trays/1182/specimens/14180/back.jpg,14180,back,12,aedes,Aedes_taeniorhynchus,female,Train
trays/5897/specimens/5897_9/front.jpg,5897_9,front,31,culex,Culex_tritaeniorhynchus,female,Train
trays/5078/specimens/5078_0/front.jpg,5078_0,front,9,aedes,Aedes_mcintoshi,female,Test
trays/3324/specimens/39829/back.jpg,39829,back,14,aedes,Aedes_vexans,female,Valid
trays/3494/specimens/41878/back.jpg,41878,back,27,culex,Culex_quinqufasciatus_bamako,female,Valid
trays/8199/specimens/agamotto-idt1-beta24_643/front.jpg,agamotto-idt1-beta24_643,front,4,aedes,Aedes_communis,female,Train
trays/3587/specimens/42989/back.jpg,42989,back,28,culex,Culex_restuans,female,Train
trays/3268/specimens/39158/back.jpg,39158,back,27,culex,Culex_pipiens_sl,female,Valid
trays/5728/specimens/5728_4/back.jpg,5728_4,back,8,aedes,Aedes_lineatopennis,female,Train
trays/2863/specimens/34344/front.jpg,34344,front,5,aedes,Aedes_dorsalis,female,Train
trays/1162/specimens/13940/front.jpg,13940,front,16,anopheles,Anopheles_crucians,female,Test
trays/3669/specimens/43977/front.jpg,43977,front,1,aedes,Aedes_albopictus,female,Valid
trays/23068/specimens/agamotto-idt1-beta66_20706/back.jpg,agamotto-idt1-beta66_20706,back,1,aedes,Aedes_albopictus,female,Valid
trays/2930/specimens/35139/back.jpg,35139,back,14,aedes,Aedes_vexans,female,Test
trays/5899/specimens/5899_3/back.jpg,5899_3,back,31,culex,Culex_tritaeniorhynchus,female,Test
trays/3031/specimens/36340/front.jpg,36340,front,3,aedes,Aedes_canadensis,female,Train
trays/408/specimens/4894/back.jpg,4894,back,10,aedes,Aedes_melanimon,female,Train
trays/4699/specimens/4699_0/front.jpg,4699_0,front,20,anopheles,Anopheles_pharoensis,female,Test
trays/676/specimens/8105/back.jpg,8105,back,29,culex,Culex_salinarius,female,Test
trays/2865/specimens/34360/front.jpg,34360,front,14,aedes,Aedes_vexans,female,Test
trays/5727/specimens/5727_9/back.jpg,5727_9,back,8,aedes,Aedes_lineatopennis,female,Train
trays/2702/specimens/32401/front.jpg,32401,front,22,anopheles,Anopheles_quadrimaculatus_sl,female,Train
trays/25427/specimens/agamotto-idt1-beta42_4335/back.jpg,agamotto-idt1-beta42_4335,back,0,aedes,Aedes_aegypti,male,Train
trays/2877/specimens/34511/front.jpg,34511,front,5,aedes,Aedes_dorsalis,female,Train
trays/3034/specimens/36374/back.jpg,36374,back,3,aedes,Aedes_canadensis,female,Valid
trays/3450/specimens/41342/front.jpg,41342,front,23,anopheles,Anopheles_stephensi_nijmegen,male,Train
trays/7371/specimens/agamotto-idt1-beta15_4204/back.jpg,agamotto-idt1-beta15_4204,back,15,anopheles,Anopheles_coustani_s.l,female,Train
trays/2915/specimens/34959/front.jpg,34959,front,14,aedes,Aedes_vexans,female,Train
trays/485/specimens/5814/front.jpg,5814,front,29,culex,Culex_salinarius,female,Test
trays/3807/specimens/45627/front.jpg,45627,front,21,anopheles,Anopheles_punctipennis,female,Test
trays/6390/specimens/agamotto-idt1-beta30_1207/front.jpg,agamotto-idt1-beta30_1207,front,7,aedes,Aedes_koreicus,female,Train
trays/5078/specimens/5078_0/back.jpg,5078_0,back,9,aedes,Aedes_mcintoshi,female,Test
trays/1335/specimens/16010/front.jpg,16010,front,10,aedes,Aedes_melanimon,female,Test
trays/7278/specimens/agamotto-idt1-beta30_3377/front.jpg,agamotto-idt1-beta30_3377,front,26,culex,Culex_orientalis,female,Train
trays/7278/specimens/agamotto-idt1-beta30_3383/back.jpg,agamotto-idt1-beta30_3383,back,26,culex,Culex_orientalis,female,Train
trays/677/specimens/8113/back.jpg,8113,back,29,culex,Culex_salinarius,female,Train
trays/4703/specimens/4703_2/front.jpg,4703_2,front,20,anopheles,Anopheles_pharoensis,female,Test
trays/5860/specimens/5860_9/back.jpg,5860_9,back,24,culex,Culex_bitaeniorhynchus,female,Valid
trays/5860/specimens/5860_10/front.jpg,5860_10,front,24,culex,Culex_bitaeniorhynchus,female,Train
trays/1266/specimens/15186/back.jpg,15186,back,2,aedes,Aedes_atlanticus,female,Valid
trays/5861/specimens/5861_8/front.jpg,5861_8,front,24,culex,Culex_bitaeniorhynchus,female,Train
trays/1091/specimens/13089/front.jpg,13089,front,17,anopheles,Anopheles_freeborni,female,Train
trays/7278/specimens/agamotto-idt1-beta30_3376/back.jpg,agamotto-idt1-beta30_3376,back,26,culex,Culex_orientalis,female,Train
trays/4738/specimens/4738_0/front.jpg,4738_0,front,20,anopheles,Anopheles_pharoensis,female,Valid
trays/522/specimens/6254/back.jpg,6254,back,12,aedes,Aedes_taeniorhynchus,female,Test
trays/8161/specimens/agamotto-idt1-beta24_528/front.jpg,agamotto-idt1-beta24_528,front,4,aedes,Aedes_communis,female,Train
trays/4681/specimens/4681_3/front.jpg,4681_3,front,9,aedes,Aedes_mcintoshi,female,Train
trays/7101/specimens/agamotto-idt1-beta15_2487/front.jpg,agamotto-idt1-beta15_2487,front,15,anopheles,Anopheles_coustani_s.l,female,Test
trays/3028/specimens/36303/back.jpg,36303,back,3,aedes,Aedes_canadensis,female,Train
trays/8068/specimens/agamotto-idt1-beta24_430/back.jpg,agamotto-idt1-beta24_430,back,4,aedes,Aedes_communis,male,Test
trays/3444/specimens/41271/front.jpg,41271,front,23,anopheles,Anopheles_stephensi_nijmegen,female,Test
trays/1406/specimens/16863/front.jpg,16863,front,28,culex,Culex_restuans,female,Train
trays/523/specimens/6273/front.jpg,6273,front,12,aedes,Aedes_taeniorhynchus,female,Train
trays/3503/specimens/41987/front.jpg,41987,front,27,culex,Culex_quinqufasciatus_bamako,male,Train
trays/2806/specimens/33652/front.jpg,33652,front,5,aedes,Aedes_dorsalis,female,Test
trays/678/specimens/8129/back.jpg,8129,back,29,culex,Culex_salinarius,female,Train
trays/8163/specimens/agamotto-idt1-beta24_542/back.jpg,agamotto-idt1-beta24_542,back,4,aedes,Aedes_communis,male,Test
trays/3581/specimens/42916/front.jpg,42916,front,28,culex,Culex_restuans,female,Train
trays/4204/specimens/50363/back.jpg,50363,back,13,aedes,Aedes_triseriatus,female,Valid
trays/2930/specimens/35139/front.jpg,35139,front,14,aedes,Aedes_vexans,female,Test
trays/1186/specimens/14224/back.jpg,14224,back,25,culex,Culex_nigripalpus,female,Valid
trays/15463/specimens/agamotto-idt1-beta84_205/front.jpg,agamotto-idt1-beta84_205,front,14,aedes,Aedes_vexans,female,Train
trays/5723/specimens/5723_2/front.jpg,5723_2,front,8,aedes,Aedes_lineatopennis,female,Test
trays/10440/specimens/agamotto-idt1-beta49_857/front.jpg,agamotto-idt1-beta49_857,front,6,aedes,Aedes_japonicus,female,Train
trays/7298/specimens/agamotto-idt1-beta30_3621/front.jpg,agamotto-idt1-beta30_3621,front,26,culex,Culex_orientalis,female,Valid
trays/3925/specimens/47035/back.jpg,47035,back,15,anopheles,Anopheles_coustani,female,Train
trays/1179/specimens/14145/front.jpg,14145,front,10,aedes,Aedes_melanimon,female,Test
trays/2152/specimens/25817/front.jpg,25817,front,21,anopheles,Anopheles_punctipennis,male,Train
trays/1249/specimens/14977/front.jpg,14977,front,2,aedes,Aedes_atlanticus,female,Train
trays/3901/specimens/46744/back.jpg,46744,back,29,culex,Culex_salinarius,female,Train
trays/8162/specimens/agamotto-idt1-beta24_529/back.jpg,agamotto-idt1-beta24_529,back,4,aedes,Aedes_communis,female,Train
trays/3427/specimens/41066/front.jpg,41066,front,19,anopheles,Anopheles_gambiae_cdcg3,female,Train
trays/2863/specimens/34341/back.jpg,34341,back,5,aedes,Aedes_dorsalis,female,Test
trays/22727/specimens/agamotto-idt1-beta66_19705/back.jpg,agamotto-idt1-beta66_19705,back,1,aedes,Aedes_albopictus,female,Test
trays/8163/specimens/agamotto-idt1-beta24_547/back.jpg,agamotto-idt1-beta24_547,back,4,aedes,Aedes_communis,male,Train
trays/4707/specimens/4707_7/back.jpg,4707_7,back,20,anopheles,Anopheles_pharoensis,female,Train
trays/529/specimens/6346/front.jpg,6346,front,6,aedes,Aedes_japonicus,female,Test
trays/3027/specimens/36300/back.jpg,36300,back,3,aedes,Aedes_canadensis,female,Test
trays/3574/specimens/42829/front.jpg,42829,front,13,aedes,Aedes_triseriatus,female,Test
trays/1166/specimens/13984/front.jpg,13984,front,16,anopheles,Anopheles_crucians,female,Train
trays/5901/specimens/5901_2/back.jpg,5901_2,back,31,culex,Culex_tritaeniorhynchus,female,Train
trays/24751/specimens/agamotto-idt1-beta66_24135/back.jpg,agamotto-idt1-beta66_24135,back,1,aedes,Aedes_albopictus,female,Test
trays/8233/specimens/agamotto-idt1-beta24_694/back.jpg,agamotto-idt1-beta24_694,back,4,aedes,Aedes_communis,female,Train
trays/1185/specimens/14211/front.jpg,14211,front,12,aedes,Aedes_taeniorhynchus,female,Test
trays/6421/specimens/agamotto-idt1-beta30_1577/back.jpg,agamotto-idt1-beta30_1577,back,7,aedes,Aedes_koreicus,female,Test
trays/11176/specimens/agamotto-idt1-beta28_3004/back.jpg,agamotto-idt1-beta28_3004,back,14,aedes,Aedes_vexans,female,Train
trays/3499/specimens/41932/front.jpg,41932,front,27,culex,Culex_quinqufasciatus_bamako,male,Test
trays/1226/specimens/14710/front.jpg,14710,front,10,aedes,Aedes_melanimon,female,Test
trays/408/specimens/4886/front.jpg,4886,front,10,aedes,Aedes_melanimon,female,Test
trays/2153/specimens/25831/back.jpg,25831,back,16,anopheles,Anopheles_crucians_sl,male,Valid
trays/2700/specimens/32381/back.jpg,32381,back,22,anopheles,Anopheles_quadrimaculatus_sl,female,Train
trays/4960/specimens/4960_6/back.jpg,4960_6,back,6,aedes,Aedes_japonicus,female,Train
trays/5856/specimens/5856_0/back.jpg,5856_0,back,24,culex,Culex_bitaeniorhynchus,female,Train
trays/5720/specimens/5720_1/back.jpg,5720_1,back,8,aedes,Aedes_lineatopennis,female,Valid
trays/7277/specimens/agamotto-idt1-beta30_3371/front.jpg,agamotto-idt1-beta30_3371,front,26,culex,Culex_orientalis,female,Train
trays/527/specimens/6316/front.jpg,6316,front,21,anopheles,Anopheles_punctipennis,female,Test
trays/505/specimens/6055/back.jpg,6055,back,5,aedes,Aedes_dorsalis,female,Train
trays/1163/specimens/13947/back.jpg,13947,back,16,anopheles,Anopheles_crucians,female,Train
trays/16235/specimens/agamotto-idt1-beta42_1143/front.jpg,agamotto-idt1-beta42_1143,front,0,aedes,Aedes_aegypti,female,Valid
trays/3401/specimens/40763/front.jpg,40763,front,18,anopheles,Anopheles_funestus_fumoz,female,Train
trays/4210/specimens/50428/back.jpg,50428,back,20,anopheles,Anopheles_pharoensis,female,Test
trays/4715/specimens/4715_3/front.jpg,4715_3,front,20,anopheles,Anopheles_pharoensis,female,Train
trays/5859/specimens/5859_0/front.jpg,5859_0,front,24,culex,Culex_bitaeniorhynchus,female,Train
trays/3807/specimens/45629/front.jpg,45629,front,21,anopheles,Anopheles_punctipennis,female,Train
trays/10687/specimens/agamotto-idt1-beta24_2417/back.jpg,agamotto-idt1-beta24_2417,back,29,culex,Culex_salinarius,female,Test
trays/4344/specimens/4344_4/back.jpg,4344_4,back,15,anopheles,Anopheles_coustani,female,Test
trays/550/specimens/6597/back.jpg,6597,back,25,culex,Culex_nigripalpus,female,Test
trays/3027/specimens/36297/front.jpg,36297,front,3,aedes,Aedes_canadensis,female,Train
trays/21514/specimens/agamotto-idt1-beta66_16398/front.jpg,agamotto-idt1-beta66_16398,front,1,aedes,Aedes_albopictus,female,Train
trays/574/specimens/6888/front.jpg,6888,front,13,aedes,Aedes_triseriatus,female,Test
trays/4331/specimens/4331_4/front.jpg,4331_4,front,18,anopheles,Anopheles_funestus,female,Test
trays/1208/specimens/14495/back.jpg,14495,back,10,aedes,Aedes_melanimon,female,Train
trays/3780/specimens/45312/front.jpg,45312,front,1,aedes,Aedes_albopictus,female,Train
trays/4502/specimens/4502_9/front.jpg,4502_9,front,27,culex,Culex_quinquefasciatus,male,Test
trays/4357/specimens/4357_2/back.jpg,4357_2,back,15,anopheles,Anopheles_coustani,female,Valid
trays/7124/specimens/agamotto-idt1-beta15_2767/front.jpg,agamotto-idt1-beta15_2767,front,9,aedes,Aedes_mcintoshi,female,Test
trays/3400/specimens/40741/back.jpg,40741,back,18,anopheles,Anopheles_funestus_fumoz,male,Train
trays/681/specimens/8163/back.jpg,8163,back,29,culex,Culex_salinarius,female,Test
trays/14778/specimens/agamotto-idt1-beta28_4346/back.jpg,agamotto-idt1-beta28_4346,back,24,culex,Culex_bitaeniorhynchus,female,Test
trays/8067/specimens/agamotto-idt1-beta24_411/back.jpg,agamotto-idt1-beta24_411,back,4,aedes,Aedes_communis,male,Train
trays/9833/specimens/agamotto-idt1-beta01_660/front.jpg,agamotto-idt1-beta01_660,front,22,anopheles,Anopheles_quadrimaculatus,female,Train
trays/691/specimens/8288/back.jpg,8288,back,29,culex,Culex_salinarius,female,Test
trays/8162/specimens/agamotto-idt1-beta24_531/front.jpg,agamotto-idt1-beta24_531,front,4,aedes,Aedes_communis,female,Train
trays/5906/specimens/5906_3/front.jpg,5906_3,front,31,culex,Culex_tritaeniorhynchus,female,Train
trays/3267/specimens/39150/back.jpg,39150,back,27,culex,Culex_pipiens_sl,female,Train
trays/5906/specimens/5906_8/front.jpg,5906_8,front,31,culex,Culex_tritaeniorhynchus,female,Train
trays/5903/specimens/5903_9/front.jpg,5903_9,front,31,culex,Culex_tritaeniorhynchus,female,Train
trays/3108/specimens/37249/front.jpg,37249,front,19,anopheles,Anopheles_gambiae_cdc-g3,female,Train
trays/1190/specimens/14276/back.jpg,14276,back,25,culex,Culex_nigripalpus,female,Train
trays/532/specimens/6377/back.jpg,6377,back,6,aedes,Aedes_japonicus,female,Train
trays/4193/specimens/50224/front.jpg,50224,front,15,anopheles,Anopheles_coustani,female,Train
trays/3447/specimens/41311/back.jpg,41311,back,23,anopheles,Anopheles_stephensi_nijmegen,female,Train
trays/477/specimens/5718/back.jpg,5718,back,12,aedes,Aedes_taeniorhynchus,female,Test
trays/3497/specimens/41911/front.jpg,41911,front,27,culex,Culex_quinqufasciatus_bamako,female,Train
trays/1262/specimens/15140/back.jpg,15140,back,2,aedes,Aedes_atlanticus,female,Test
trays/1335/specimens/16010/back.jpg,16010,back,10,aedes,Aedes_melanimon,female,Test
trays/8162/specimens/agamotto-idt1-beta24_537/back.jpg,agamotto-idt1-beta24_537,back,4,aedes,Aedes_communis,male,Test
trays/1187/specimens/14242/back.jpg,14242,back,25,culex,Culex_nigripalpus,female,Test
trays/2923/specimens/35055/front.jpg,35055,front,5,aedes,Aedes_dorsalis,female,Train
trays/5730/specimens/5730_8/back.jpg,5730_8,back,8,aedes,Aedes_lineatopennis,female,Test
trays/1404/specimens/16839/back.jpg,16839,back,29,culex,Culex_salinarius,female,Train
trays/11157/specimens/agamotto-idt1-beta28_2852/back.jpg,agamotto-idt1-beta28_2852,back,17,anopheles,Anopheles_freeborni,female,Train
trays/3392/specimens/40656/back.jpg,40656,back,0,aedes,Aedes_aegypti,female,Train
trays/5904/specimens/5904_4/front.jpg,5904_4,front,31,culex,Culex_tritaeniorhynchus,female,Train
trays/3033/specimens/36368/front.jpg,36368,front,3,aedes,Aedes_canadensis,female,Train
trays/22222/specimens/agamotto-idt1-beta22_7645/back.jpg,agamotto-idt1-beta22_7645,back,0,aedes,Aedes_aegypti,female,Train
trays/543/specimens/6512/back.jpg,6512,back,0,aedes,Aedes_aegypti,female,Valid
trays/5724/specimens/5724_6/back.jpg,5724_6,back,8,aedes,Aedes_lineatopennis,female,Train
trays/3439/specimens/41211/back.jpg,41211,back,19,anopheles,Anopheles_gambiae_cdcg3,female,Valid
trays/13982/specimens/agamotto-idt1-beta02_652/front.jpg,agamotto-idt1-beta02_652,front,16,anopheles,Anopheles_crucians,female,Test
trays/3422/specimens/41013/back.jpg,41013,back,5,aedes,Aedes_dorsalis,female,Valid
trays/7290/specimens/agamotto-idt1-beta30_3519/front.jpg,agamotto-idt1-beta30_3519,front,26,culex,Culex_orientalis,female,Test
trays/8067/specimens/agamotto-idt1-beta24_414/front.jpg,agamotto-idt1-beta24_414,front,4,aedes,Aedes_communis,male,Valid
trays/5086/specimens/5086_8/front.jpg,5086_8,front,9,aedes,Aedes_mcintoshi,female,Train
trays/26001/specimens/agamotto-idt1-beta13_450/back.jpg,agamotto-idt1-beta13_450,back,0,aedes,Aedes_aegypti,female,Train
trays/22092/specimens/agamotto-idt1-beta42_3355/front.jpg,agamotto-idt1-beta42_3355,front,25,culex,Culex_nigripalpus,female,Train
trays/25770/specimens/agamotto-idt1-beta05_24660/front.jpg,agamotto-idt1-beta05_24660,front,1,aedes,Aedes_albopictus,,Train
trays/7795/specimens/agamotto-idt1-beta30_7392/back.jpg,agamotto-idt1-beta30_7392,back,7,aedes,Aedes_koreicus,male,Train
trays/4505/specimens/4505_11/back.jpg,4505_11,back,27,culex,Culex_quinquefasciatus,male,Train
trays/4502/specimens/4502_11/back.jpg,4502_11,back,27,culex,Culex_quinquefasciatus,male,Valid
trays/2705/specimens/32438/back.jpg,32438,back,22,anopheles,Anopheles_quadrimaculatus_sl,female,Test
trays/7295/specimens/agamotto-idt1-beta30_3588/back.jpg,agamotto-idt1-beta30_3588,back,26,culex,Culex_orientalis,female,Valid
trays/3228/specimens/38686/front.jpg,38686,front,30,culex,Culex_tarsalis,female,Test
trays/3280/specimens/39306/front.jpg,39306,front,11,aedes,Aedes_sierrensis,male,Train
trays/1250/specimens/14995/back.jpg,14995,back,2,aedes,Aedes_atlanticus,female,Test
trays/5729/specimens/5729_3/back.jpg,5729_3,back,8,aedes,Aedes_lineatopennis,female,Test
trays/477/specimens/5724/front.jpg,5724,front,12,aedes,Aedes_taeniorhynchus,female,Test
trays/4707/specimens/4707_5/back.jpg,4707_5,back,20,anopheles,Anopheles_pharoensis,female,Test
trays/10822/specimens/agamotto-idt1-beta41_1310/back.jpg,agamotto-idt1-beta41_1310,back,11,aedes,Aedes_sierrensis,female,Test
trays/14630/specimens/agamotto-idt1-beta28_3927/front.jpg,agamotto-idt1-beta28_3927,front,25,culex,Culex_nigripalpus,female,Test
trays/1163/specimens/13946/back.jpg,13946,back,16,anopheles,Anopheles_crucians,female,Test
trays/2416/specimens/28971/front.jpg,28971,front,17,anopheles,Anopheles_freeborni,female,Test
trays/4150/specimens/49707/front.jpg,49707,front,18,anopheles,Anopheles_funestus_s.l,female,Test
trays/1163/specimens/13950/front.jpg,13950,front,16,anopheles,Anopheles_crucians,female,Train
trays/2703/specimens/32424/front.jpg,32424,front,22,anopheles,Anopheles_quadrimaculatus_sl,female,Test
trays/3574/specimens/42829/back.jpg,42829,back,13,aedes,Aedes_triseriatus,female,Test
trays/10422/specimens/agamotto-idt1-beta15_4867/back.jpg,agamotto-idt1-beta15_4867,back,9,aedes,Aedes_mcintoshi,female,Test
trays/3034/specimens/36376/back.jpg,36376,back,3,aedes,Aedes_canadensis,female,Train
trays/21423/specimens/agamotto-idt1-beta42_3311/front.jpg,agamotto-idt1-beta42_3311,front,0,aedes,Aedes_aegypti,female,Train
trays/3267/specimens/39149/back.jpg,39149,back,27,culex,Culex_pipiens_sl,female,Test
trays/691/specimens/8288/front.jpg,8288,front,29,culex,Culex_salinarius,female,Test
trays/8202/specimens/agamotto-idt1-beta24_656/back.jpg,agamotto-idt1-beta24_656,back,4,aedes,Aedes_communis,female,Train
trays/2923/specimens/35053/front.jpg,35053,front,5,aedes,Aedes_dorsalis,female,Train
trays/477/specimens/5717/back.jpg,5717,back,12,aedes,Aedes_taeniorhynchus,female,Valid
trays/1263/specimens/15147/back.jpg,15147,back,2,aedes,Aedes_atlanticus,female,Test
trays/3566/specimens/42733/back.jpg,42733,back,21,anopheles,Anopheles_punctipennis,female,Train
trays/4294/specimens/4294_1/front.jpg,4294_1,front,18,anopheles,Anopheles_funestus,male,Test
trays/3237/specimens/38785/front.jpg,38785,front,30,culex,Culex_tarsalis,female,Test
trays/4859/specimens/4859_5/front.jpg,4859_5,front,23,anopheles,Anopheles_stephensi,male,Train
trays/675/specimens/8092/back.jpg,8092,back,29,culex,Culex_salinarius,female,Train
trays/5859/specimens/5859_5/front.jpg,5859_5,front,24,culex,Culex_bitaeniorhynchus,female,Test
trays/1236/specimens/14830/back.jpg,14830,back,25,culex,Culex_nigripalpus,female,Train
trays/5902/specimens/5902_9/front.jpg,5902_9,front,31,culex,Culex_tritaeniorhynchus,female,Test
trays/5856/specimens/5856_1/back.jpg,5856_1,back,24,culex,Culex_bitaeniorhynchus,female,Train
trays/546/specimens/6542/front.jpg,6542,front,5,aedes,Aedes_dorsalis,female,Test
trays/4988/specimens/4988_2/back.jpg,4988_2,back,26,culex,Culex_orientalis,female,Train
trays/6397/specimens/agamotto-idt1-beta30_1296/back.jpg,agamotto-idt1-beta30_1296,back,7,aedes,Aedes_koreicus,female,Train
trays/3583/specimens/42944/front.jpg,42944,front,28,culex,Culex_restuans,male,Valid
trays/3232/specimens/38735/front.jpg,38735,front,30,culex,Culex_tarsalis,female,Test
trays/6120/specimens/agamotto-idt1-beta03_37/back.jpg,agamotto-idt1-beta03_37,back,11,aedes,Aedes_sierrensis,female,Train
trays/3433/specimens/41145/back.jpg,41145,back,19,anopheles,Anopheles_gambiae_cdcg3,female,Valid
trays/5731/specimens/5731_5/back.jpg,5731_5,back,8,aedes,Aedes_lineatopennis,female,Train
trays/525/specimens/6289/front.jpg,6289,front,21,anopheles,Anopheles_punctipennis,female,Test
trays/4132/specimens/49496/front.jpg,49496,front,18,anopheles,Anopheles_funestus_s.l,female,Train
trays/3397/specimens/40706/front.jpg,40706,front,18,anopheles,Anopheles_funestus_fumoz,female,Valid
trays/25506/specimens/agamotto-idt1-beta42_4417/back.jpg,agamotto-idt1-beta42_4417,back,0,aedes,Aedes_aegypti,female,Train
trays/529/specimens/6340/back.jpg,6340,back,6,aedes,Aedes_japonicus,female,Train
trays/4517/specimens/4517_3/front.jpg,4517_3,front,27,culex,Culex_quinquefasciatus,male,Valid
trays/8066/specimens/agamotto-idt1-beta24_405/back.jpg,agamotto-idt1-beta24_405,back,4,aedes,Aedes_communis,male,Test
trays/3782/specimens/45336/back.jpg,45336,back,22,anopheles,Anopheles_quadrimaculatus,female,Valid
trays/7296/specimens/agamotto-idt1-beta30_3597/back.jpg,agamotto-idt1-beta30_3597,back,26,culex,Culex_orientalis,female,Test
trays/2152/specimens/25824/front.jpg,25824,front,22,anopheles,Anopheles_quadrimaculatus,male,Valid
trays/3033/specimens/36365/back.jpg,36365,back,3,aedes,Aedes_canadensis,female,Train
trays/5727/specimens/5727_2/front.jpg,5727_2,front,8,aedes,Aedes_lineatopennis,female,Test
trays/7283/specimens/agamotto-idt1-beta30_3441/front.jpg,agamotto-idt1-beta30_3441,front,26,culex,Culex_orientalis,female,Train
trays/5721/specimens/5721_8/back.jpg,5721_8,back,8,aedes,Aedes_lineatopennis,female,Test
trays/4357/specimens/4357_0/front.jpg,4357_0,front,15,anopheles,Anopheles_coustani,female,Train
trays/5720/specimens/5720_5/front.jpg,5720_5,front,8,aedes,Aedes_lineatopennis,female,Test
trays/2700/specimens/32378/front.jpg,32378,front,22,anopheles,Anopheles_quadrimaculatus_sl,female,Test
trays/3035/specimens/36387/back.jpg,36387,back,3,aedes,Aedes_canadensis,female,Train
trays/7283/specimens/agamotto-idt1-beta30_3442/front.jpg,agamotto-idt1-beta30_3442,front,26,culex,Culex_orientalis,female,Valid
trays/2798/specimens/33560/front.jpg,33560,front,5,aedes,Aedes_dorsalis,female,Test
trays/554/specimens/6645/back.jpg,6645,back,25,culex,Culex_nigripalpus,male,Test
trays/1096/specimens/13150/back.jpg,13150,back,10,aedes,Aedes_melanimon,female,Valid
trays/4137/specimens/49551/front.jpg,49551,front,18,anopheles,Anopheles_funestus_s.l,female,Train
trays/5858/specimens/5858_3/front.jpg,5858_3,front,24,culex,Culex_bitaeniorhynchus,female,Test
trays/15944/specimens/agamotto-idt1-beta42_1022/front.jpg,agamotto-idt1-beta42_1022,front,0,aedes,Aedes_aegypti,female,Valid
trays/576/specimens/6901/front.jpg,6901,front,3,aedes,Aedes_canadensis,female,Train
trays/17412/specimens/agamotto-idt1-beta02_3368/back.jpg,agamotto-idt1-beta02_3368,back,1,aedes,Aedes_albopictus,female,Valid
trays/3576/specimens/42862/front.jpg,42862,front,28,culex,Culex_restuans,female,Train
trays/3031/specimens/36343/back.jpg,36343,back,3,aedes,Aedes_canadensis,female,Train
trays/5078/specimens/5078_3/front.jpg,5078_3,front,9,aedes,Aedes_mcintoshi,female,Train
trays/2861/specimens/34314/front.jpg,34314,front,5,aedes,Aedes_dorsalis,female,Train
trays/410/specimens/4914/front.jpg,4914,front,10,aedes,Aedes_melanimon,female,Train
trays/1059/specimens/12702/back.jpg,12702,back,17,anopheles,Anopheles_freeborni,female,Train
trays/3580/specimens/42901/front.jpg,42901,front,28,culex,Culex_restuans,male,Train
trays/11191/specimens/agamotto-idt1-beta66_4117/front.jpg,agamotto-idt1-beta66_4117,front,6,aedes,Aedes_japonicus,female,Train
trays/6502/specimens/agamotto-idt1-beta30_2147/front.jpg,agamotto-idt1-beta30_2147,front,7,aedes,Aedes_koreicus,female,Valid
trays/4532/specimens/4532_11/front.jpg,4532_11,front,16,anopheles,Anopheles_crucians_sl,male,Train
trays/4154/specimens/49757/front.jpg,49757,front,18,anopheles,Anopheles_funestus,female,Test
trays/3576/specimens/42853/back.jpg,42853,back,28,culex,Culex_restuans,female,Test
trays/5862/specimens/5862_8/front.jpg,5862_8,front,24,culex,Culex_bitaeniorhynchus,female,Valid
trays/5908/specimens/5908_8/front.jpg,5908_8,front,31,culex,Culex_tritaeniorhynchus,female,Train
trays/1876/specimens/22508/back.jpg,22508,back,2,aedes,Aedes_atlanticus,female,Test
trays/5902/specimens/5902_7/front.jpg,5902_7,front,31,culex,Culex_tritaeniorhynchus,female,Valid
trays/3919/specimens/46957/front.jpg,46957,front,18,anopheles,Anopheles_funestus_s.l,female,Train
trays/7124/specimens/agamotto-idt1-beta15_2770/back.jpg,agamotto-idt1-beta15_2770,back,9,aedes,Aedes_mcintoshi,female,Test
trays/6450/specimens/agamotto-idt1-beta30_1928/back.jpg,agamotto-idt1-beta30_1928,back,7,aedes,Aedes_koreicus,female,Test
trays/5079/specimens/5079_4/back.jpg,5079_4,back,9,aedes,Aedes_mcintoshi,female,Train
trays/5727/specimens/5727_8/front.jpg,5727_8,front,8,aedes,Aedes_lineatopennis,female,Train
trays/7275/specimens/agamotto-idt1-beta30_3345/back.jpg,agamotto-idt1-beta30_3345,back,26,culex,Culex_orientalis,female,Valid
trays/4952/specimens/4952_9/front.jpg,4952_9,front,31,culicidae,culex,0,Train
trays/3036/specimens/36399/front.jpg,36399,front,22,anopheles,Anopheles_quadrimaculatus_sl,female,Train
trays/20686/specimens/agamotto-idt1-beta40_17308/front.jpg,agamotto-idt1-beta40_17308,front,25,culex,Culex_nigripalpus,,Train
trays/11013/specimens/agamotto-idt1-beta66_3380/front.jpg,agamotto-idt1-beta66_3380,front,1,aedes,Aedes_albopictus,female,Test
trays/6778/specimens/agamotto-idt1-beta15_1153/back.jpg,agamotto-idt1-beta15_1153,back,19,anopheles,Anopheles_arabiensis,female,Test
trays/504/specimens/6044/back.jpg,6044,back,5,aedes,Aedes_dorsalis,female,Test
trays/4743/specimens/4743_10/back.jpg,4743_10,back,20,anopheles,Anopheles_pharoensis,female,Train
trays/5723/specimens/5723_2/back.jpg,5723_2,back,8,aedes,Aedes_lineatopennis,female,Test
trays/4613/specimens/4613_3/front.jpg,4613_3,front,20,anopheles,Anopheles_pharoensis,female,Train
trays/8068/specimens/agamotto-idt1-beta24_427/front.jpg,agamotto-idt1-beta24_427,front,4,aedes,Aedes_communis,male,Test
trays/3961/specimens/47468/front.jpg,47468,front,15,anopheles,Anopheles_coustani,female,Test
trays/23722/specimens/agamotto-idt1-beta66_22400/back.jpg,agamotto-idt1-beta66_22400,back,6,aedes,Aedes_japonicus,female,Train
trays/5854/specimens/5854_3/front.jpg,5854_3,front,24,culex,Culex_bitaeniorhynchus,female,Test
trays/3061/specimens/36708/back.jpg,36708,back,23,anopheles,Anopheles_stephensi,male,Test
trays/530/specimens/6352/front.jpg,6352,front,6,aedes,Aedes_japonicus,female,Train
trays/4352/specimens/4352_5/back.jpg,4352_5,back,15,anopheles,Anopheles_coustani,female,Train
trays/523/specimens/6275/back.jpg,6275,back,12,aedes,Aedes_taeniorhynchus,female,Valid
trays/8066/specimens/agamotto-idt1-beta24_402/front.jpg,agamotto-idt1-beta24_402,front,4,aedes,Aedes_communis,male,Test
trays/3587/specimens/42993/front.jpg,42993,front,28,culex,Culex_restuans,female,Train
trays/3234/specimens/38757/front.jpg,38757,front,30,culex,Culex_tarsalis,female,Train
trays/1298/specimens/15566/back.jpg,15566,back,13,aedes,Aedes_triseriatus,female,Train
trays/2930/specimens/35143/front.jpg,35143,front,14,aedes,Aedes_vexans,female,Valid
trays/4730/specimens/4730_5/back.jpg,4730_5,back,15,anopheles,Anopheles_coustani,female,Test
trays/3031/specimens/36338/back.jpg,36338,back,3,aedes,Aedes_canadensis,female,Test
trays/4252/specimens/50935/front.jpg,50935,front,21,anopheles,Anopheles_punctipennis,female,Test
trays/3289/specimens/39414/back.jpg,39414,back,22,anopheles,Anopheles_quadrimaculatus,female,Test
trays/3869/specimens/46357/back.jpg,46357,back,29,culex,Culex_salinarius,female,Train
trays/4203/specimens/50348/back.jpg,50348,back,28,culex,Culex_restuans,male,Valid
trays/2419/specimens/29010/front.jpg,29010,front,17,anopheles,Anopheles_freeborni,female,Test
trays/2892/specimens/34687/front.jpg,34687,front,2,aedes,Aedes_atlanticus,female,Train
trays/22225/specimens/agamotto-idt1-beta22_7687/front.jpg,agamotto-idt1-beta22_7687,front,0,aedes,Aedes_aegypti,female,Train
trays/527/specimens/6320/back.jpg,6320,back,21,anopheles,Anopheles_punctipennis,female,Train
trays/531/specimens/6366/front.jpg,6366,front,6,aedes,Aedes_japonicus,female,Train
trays/5076/specimens/5076_5/front.jpg,5076_5,front,9,aedes,Aedes_mcintoshi,female,Train
trays/3228/specimens/38681/front.jpg,38681,front,30,culex,Culex_tarsalis,female,Test
trays/1162/specimens/13938/front.jpg,13938,front,16,anopheles,Anopheles_crucians,female,Test
trays/481/specimens/5767/back.jpg,5767,back,29,culex,Culex_salinarius,female,Train
trays/527/specimens/6322/front.jpg,6322,front,21,anopheles,Anopheles_punctipennis,female,Train
trays/8161/specimens/agamotto-idt1-beta24_525/front.jpg,agamotto-idt1-beta24_525,front,4,aedes,Aedes_communis,female,Valid
trays/11157/specimens/agamotto-idt1-beta28_2853/back.jpg,agamotto-idt1-beta28_2853,back,17,anopheles,Anopheles_freeborni,male,Train
trays/4738/specimens/4738_7/back.jpg,4738_7,back,20,anopheles,Anopheles_pharoensis,female,Train
trays/5922/specimens/5922_9/front.jpg,5922_9,front,31,culex,Culex_tritaeniorhynchus,female,Train
trays/3576/specimens/42853/front.jpg,42853,front,28,culex,Culex_restuans,female,Test
trays/1000/specimens/11990/front.jpg,11990,front,1,aedes,Aedes_albopictus,female,Test
trays/1503/specimens/18029/back.jpg,18029,back,2,aedes,Aedes_atlanticus,female,Train
trays/551/specimens/6604/front.jpg,6604,front,25,culex,Culex_nigripalpus,female,Train
trays/1253/specimens/15033/back.jpg,15033,back,2,aedes,Aedes_atlanticus,female,Train
trays/4515/specimens/4515_9/back.jpg,4515_9,back,27,culex,Culex_quinquefasciatus,male,Train
trays/1254/specimens/15043/front.jpg,15043,front,2,aedes,Aedes_atlanticus,female,Test
trays/7282/specimens/agamotto-idt1-beta30_3430/front.jpg,agamotto-idt1-beta30_3430,front,26,culex,Culex_orientalis,female,Train
trays/5859/specimens/5859_5/back.jpg,5859_5,back,24,culex,Culex_bitaeniorhynchus,female,Test
trays/4945/specimens/4945_1/back.jpg,4945_1,back,31,culex,Culex_tritaeniorhynchus,female,Valid
trays/6400/specimens/agamotto-idt1-beta30_1322/back.jpg,agamotto-idt1-beta30_1322,back,7,aedes,Aedes_koreicus,female,Test
trays/4680/specimens/4680_7/front.jpg,4680_7,front,9,aedes,Aedes_mcintoshi,female,Test
trays/1208/specimens/14488/front.jpg,14488,front,10,aedes,Aedes_melanimon,female,Valid
trays/6393/specimens/agamotto-idt1-beta30_1239/front.jpg,agamotto-idt1-beta30_1239,front,7,aedes,Aedes_koreicus,female,Train
trays/1406/specimens/16862/back.jpg,16862,back,28,culex,Culex_restuans,female,Valid
trays/4707/specimens/4707_2/front.jpg,4707_2,front,20,anopheles,Anopheles_pharoensis,female,Test
trays/4167/specimens/49914/front.jpg,49914,front,18,anopheles,Anopheles_funestus_s.l,female,Train
trays/5916/specimens/5916_3/front.jpg,5916_3,front,31,culex,Culex_tritaeniorhynchus,female,Train
trays/5728/specimens/5728_10/front.jpg,5728_10,front,8,aedes,Aedes_lineatopennis,female,Train
trays/577/specimens/6919/front.jpg,6919,front,3,aedes,Aedes_canadensis,female,Test
trays/5855/specimens/5855_4/front.jpg,5855_4,front,24,culex,Culex_bitaeniorhynchus,female,Test
trays/3574/specimens/42830/back.jpg,42830,back,13,aedes,Aedes_triseriatus,male,Test
trays/3112/specimens/37305/back.jpg,37305,back,19,anopheles,Anopheles_gambiae_cdc-g3,female,Test
trays/3572/specimens/42807/front.jpg,42807,front,16,anopheles,Anopheles_crucians_sl,female,Test
trays/5849/specimens/5849_7/back.jpg,5849_7,back,24,culex,Culex_bitaeniorhynchus,female,Train
trays/3770/specimens/45191/front.jpg,45191,front,16,anopheles,Anopheles_crucians_sl,female,Train
trays/7277/specimens/agamotto-idt1-beta30_3369/back.jpg,agamotto-idt1-beta30_3369,back,26,culex,Culex_orientalis,female,Test
trays/22446/specimens/agamotto-idt1-beta66_17881/front.jpg,agamotto-idt1-beta66_17881,front,1,aedes,Aedes_albopictus,female,Valid
trays/23872/specimens/agamotto-idt1-beta66_22916/front.jpg,agamotto-idt1-beta66_22916,front,6,aedes,Aedes_japonicus,male,Test
trays/5722/specimens/5722_10/back.jpg,5722_10,back,8,aedes,Aedes_lineatopennis,female,Test
trays/5724/specimens/5724_1/back.jpg,5724_1,back,8,aedes,Aedes_lineatopennis,female,Train
trays/3899/specimens/46717/front.jpg,46717,front,21,anopheles,Anopheles_punctipennis,female,Valid
trays/5634/specimens/5634_2/back.jpg,5634_2,back,9,aedes,Aedes_mcintoshi,female,Train
trays/4741/specimens/4741_9/back.jpg,4741_9,back,15,anopheles,Anopheles_coustani_s.l,female,Train
trays/1251/specimens/15007/front.jpg,15007,front,2,aedes,Aedes_atlanticus,female,Train
trays/1408/specimens/16887/back.jpg,16887,back,13,aedes,Aedes_triseriatus,female,Train
trays/3106/specimens/37232/back.jpg,37232,back,0,aedes,Aedes_aegypti,male,Train
trays/11013/specimens/agamotto-idt1-beta66_3380/back.jpg,agamotto-idt1-beta66_3380,back,1,aedes,Aedes_albopictus,female,Test
trays/4262/specimens/51054/back.jpg,51054,back,0,aedes,Aedes_aegypti,,Train
trays/3239/specimens/38815/back.jpg,38815,back,30,culex,Culex_tarsalis,female,Test
trays/3580/specimens/42912/front.jpg,42912,front,28,culex,Culex_restuans,male,Train
trays/531/specimens/6372/front.jpg,6372,front,6,aedes,Aedes_japonicus,female,Train
trays/15848/specimens/agamotto-idt1-beta02_2028/back.jpg,agamotto-idt1-beta02_2028,back,1,aedes,Aedes_albopictus,female,Train
trays/10219/specimens/agamotto-idt1-beta49_615/front.jpg,agamotto-idt1-beta49_615,front,13,aedes,Aedes_triseriatus,female,Train
trays/4514/specimens/4514_0/front.jpg,4514_0,front,27,culex,Culex_quinquefasciatus,male,Train
trays/6128/specimens/agamotto-idt1-beta03_126/back.jpg,agamotto-idt1-beta03_126,back,11,aedes,Aedes_sierrensis,female,Test
trays/481/specimens/5766/front.jpg,5766,front,29,culex,Culex_salinarius,female,Train
trays/5356/specimens/5356_2/front.jpg,5356_2,front,23,anopheles,Anopheles_stephensi,female,Train
trays/9098/specimens/agamotto-idt1-beta03_975/back.jpg,agamotto-idt1-beta03_975,back,11,aedes,Aedes_sierrensis,male,Test
trays/4745/specimens/4745_3/front.jpg,4745_3,front,20,anopheles,Anopheles_pharoensis,female,Test
trays/482/specimens/5779/back.jpg,5779,back,29,culex,Culex_salinarius,female,Train
trays/23985/specimens/agamotto-idt1-beta66_23349/front.jpg,agamotto-idt1-beta66_23349,front,6,aedes,Aedes_japonicus,female,Train
trays/5907/specimens/5907_6/front.jpg,5907_6,front,31,culex,Culex_tritaeniorhynchus,female,Valid
trays/2877/specimens/34508/front.jpg,34508,front,5,aedes,Aedes_dorsalis,female,Train
trays/10821/specimens/agamotto-idt1-beta41_1308/back.jpg,agamotto-idt1-beta41_1308,back,11,aedes,Aedes_sierrensis,female,Test
trays/10688/specimens/agamotto-idt1-beta24_2426/front.jpg,agamotto-idt1-beta24_2426,front,29,culex,Culex_salinarius,female,Train
trays/4345/specimens/4345_9/back.jpg,4345_9,back,15,anopheles,Anopheles_coustani,female,Test
trays/3760/specimens/45062/back.jpg,45062,back,13,aedes,Aedes_triseriatus,female,Train
trays/3231/specimens/38723/front.jpg,38723,front,30,culex,Culex_tarsalis,female,Test
trays/10696/specimens/agamotto-idt1-beta24_2510/front.jpg,agamotto-idt1-beta24_2510,front,16,anopheles,Anopheles_crucians_sl,female,Train
trays/3494/specimens/41873/front.jpg,41873,front,27,culex,Culex_quinqufasciatus_bamako,female,Train
trays/5634/specimens/5634_1/back.jpg,5634_1,back,9,aedes,Aedes_mcintoshi,female,Valid
trays/4712/specimens/4712_4/back.jpg,4712_4,back,20,anopheles,Anopheles_pharoensis,female,Train
trays/2930/specimens/35146/back.jpg,35146,back,14,aedes,Aedes_vexans,female,Test
trays/5906/specimens/5906_5/back.jpg,5906_5,back,31,culex,Culex_tritaeniorhynchus,female,Valid
trays/3233/specimens/38741/front.jpg,38741,front,30,culex,Culex_tarsalis,female,Test
trays/2155/specimens/25852/back.jpg,25852,back,21,anopheles,Anopheles_punctipennis,female,Test
trays/4344/specimens/4344_2/front.jpg,4344_2,front,15,anopheles,Anopheles_coustani,female,Valid
trays/6403/specimens/agamotto-idt1-beta30_1364/front.jpg,agamotto-idt1-beta30_1364,front,7,aedes,Aedes_koreicus,female,Train
trays/7281/specimens/agamotto-idt1-beta30_3417/back.jpg,agamotto-idt1-beta30_3417,back,26,culex,Culex_orientalis,female,Train
trays/7298/specimens/agamotto-idt1-beta30_3624/back.jpg,agamotto-idt1-beta30_3624,back,26,culex,Culex_orientalis,female,Test
trays/3834/specimens/45958/front.jpg,45958,front,28,culex,Culex_restuans,female,Train
trays/10688/specimens/agamotto-idt1-beta24_2435/back.jpg,agamotto-idt1-beta24_2435,back,29,culex,Culex_salinarius,female,Valid
trays/20506/specimens/agamotto-idt1-beta66_16035/front.jpg,agamotto-idt1-beta66_16035,front,1,aedes,Aedes_albopictus,female,Test
trays/4743/specimens/4743_11/front.jpg,4743_11,front,20,anopheles,Anopheles_pharoensis,female,Train
trays/7282/specimens/agamotto-idt1-beta30_3431/front.jpg,agamotto-idt1-beta30_3431,front,26,culex,Culex_orientalis,female,Train
trays/6446/specimens/agamotto-idt1-beta30_1876/back.jpg,agamotto-idt1-beta30_1876,back,7,aedes,Aedes_koreicus,female,Train
trays/5722/specimens/5722_0/front.jpg,5722_0,front,8,aedes,Aedes_lineatopennis,female,Train
trays/3958/specimens/47427/back.jpg,47427,back,15,anopheles,Anopheles_coustani,female,Test
trays/558/specimens/6689/back.jpg,6689,back,25,culex,Culex_nigripalpus,female,Valid
trays/3805/specimens/45604/front.jpg,45604,front,21,anopheles,Anopheles_punctipennis,female,Test
trays/20169/specimens/agamotto-idt1-beta102_5460/back.jpg,agamotto-idt1-beta102_5460,back,1,aedes,Aedes_albopictus,,Train
trays/11058/specimens/agamotto-idt1-beta28_2610/back.jpg,agamotto-idt1-beta28_2610,back,17,anopheles,Anopheles_freeborni,female,Valid
trays/4745/specimens/4745_0/front.jpg,4745_0,front,20,anopheles,Anopheles_pharoensis,female,Test
trays/2703/specimens/32416/front.jpg,32416,front,22,anopheles,Anopheles_quadrimaculatus_sl,female,Train
trays/3806/specimens/45619/front.jpg,45619,front,21,anopheles,Anopheles_punctipennis,female,Train
trays/7124/specimens/agamotto-idt1-beta15_2767/back.jpg,agamotto-idt1-beta15_2767,back,9,aedes,Aedes_mcintoshi,female,Test
trays/1226/specimens/14710/back.jpg,14710,back,10,aedes,Aedes_melanimon,female,Test
trays/7284/specimens/agamotto-idt1-beta30_3456/front.jpg,agamotto-idt1-beta30_3456,front,26,culex,Culex_orientalis,female,Valid
trays/1059/specimens/12705/back.jpg,12705,back,17,anopheles,Anopheles_freeborni,female,Test
trays/486/specimens/5821/back.jpg,5821,back,29,culex,Culex_salinarius,female,Train
trays/7125/specimens/agamotto-idt1-beta15_2775/front.jpg,agamotto-idt1-beta15_2775,front,9,aedes,Aedes_mcintoshi,female,Train
trays/2705/specimens/32438/front.jpg,32438,front,22,anopheles,Anopheles_quadrimaculatus_sl,female,Test
trays/1838/specimens/22049/back.jpg,22049,back,14,aedes,Aedes_vexans,female,Train
trays/2924/specimens/35073/back.jpg,35073,back,5,aedes,Aedes_dorsalis,female,Train
trays/4252/specimens/50936/front.jpg,50936,front,21,anopheles,Anopheles_punctipennis,female,Train
trays/1221/specimens/14648/front.jpg,14648,front,10,aedes,Aedes_melanimon,female,Train
trays/2418/specimens/28993/back.jpg,28993,back,17,anopheles,Anopheles_freeborni,female,Test
trays/3805/specimens/45604/back.jpg,45604,back,21,anopheles,Anopheles_punctipennis,female,Test
trays/4680/specimens/4680_4/back.jpg,4680_4,back,9,aedes,Aedes_mcintoshi,female,Test
trays/5858/specimens/5858_11/front.jpg,5858_11,front,24,culex,Culex_bitaeniorhynchus,female,Valid
trays/5869/specimens/5869_4/front.jpg,5869_4,front,24,culex,Culex_bitaeniorhynchus,female,Test
trays/1226/specimens/14702/back.jpg,14702,back,10,aedes,Aedes_melanimon,female,Test
trays/4253/specimens/50946/front.jpg,50946,front,22,anopheles,Anopheles_quadrimaculatus,female,Train
trays/5850/specimens/5850_10/front.jpg,5850_10,front,24,culex,Culex_bitaeniorhynchus,female,Test
trays/3501/specimens/41955/back.jpg,41955,back,27,culex,Culex_quinqufasciatus_bamako,male,Test
trays/3783/specimens/45339/front.jpg,45339,front,22,anopheles,Anopheles_quadrimaculatus,female,Train
trays/5726/specimens/5726_1/front.jpg,5726_1,front,8,aedes,Aedes_lineatopennis,female,Test
trays/1059/specimens/12699/back.jpg,12699,back,17,anopheles,Anopheles_freeborni,female,Test
trays/17001/specimens/agamotto-idt1-beta02_2875/back.jpg,agamotto-idt1-beta02_2875,back,1,aedes,Aedes_albopictus,female,Test
trays/3807/specimens/45631/front.jpg,45631,front,21,anopheles,Anopheles_punctipennis,female,Test
trays/9242/specimens/agamotto-idt1-beta28_1368/front.jpg,agamotto-idt1-beta28_1368,front,30,culex,Culex_tarsalis,female,Test
trays/1181/specimens/14172/back.jpg,14172,back,12,aedes,Aedes_taeniorhynchus,female,Train
trays/12870/specimens/agamotto-idt1-beta53_1428/front.jpg,agamotto-idt1-beta53_1428,front,12,aedes,Aedes_taeniorhynchus,female,Valid
trays/7296/specimens/agamotto-idt1-beta30_3596/back.jpg,agamotto-idt1-beta30_3596,back,26,culex,Culex_orientalis,female,Train
trays/3282/specimens/39328/back.jpg,39328,back,11,aedes,Aedes_sierrensis,male,Train
trays/557/specimens/6673/front.jpg,6673,front,25,culex,Culex_nigripalpus,female,Test
trays/10687/specimens/agamotto-idt1-beta24_2413/back.jpg,agamotto-idt1-beta24_2413,back,29,culex,Culex_salinarius,female,Test
trays/4174/specimens/50000/back.jpg,50000,back,18,anopheles,Anopheles_funestus,female,Test
trays/4503/specimens/4503_5/back.jpg,4503_5,back,27,culex,Culex_quinquefasciatus,male,Valid
trays/3030/specimens/36333/front.jpg,36333,front,3,aedes,Aedes_canadensis,female,Test
trays/3458/specimens/41444/front.jpg,41444,front,5,aedes,Aedes_dorsalis,female,Test
trays/4202/specimens/50338/back.jpg,50338,back,13,aedes,Aedes_triseriatus,female,Test
trays/1144/specimens/13723/back.jpg,13723,back,17,anopheles,Anopheles_freeborni,female,Train
trays/5906/specimens/5906_11/back.jpg,5906_11,back,31,culex,Culex_tritaeniorhynchus,female,Valid
trays/21013/specimens/agamotto-idt1-beta40_18149/front.jpg,agamotto-idt1-beta40_18149,front,2,aedes,Aedes_atlanticus,,Test
trays/4193/specimens/50223/front.jpg,50223,front,15,anopheles,Anopheles_coustani,female,Test
trays/1252/specimens/15021/back.jpg,15021,back,2,aedes,Aedes_atlanticus,female,Train
trays/5822/specimens/5822_2/front.jpg,5822_2,front,9,aedes,Aedes_mcintoshi,female,Test
trays/5730/specimens/5730_11/front.jpg,5730_11,front,8,aedes,Aedes_lineatopennis,female,Train
trays/9257/specimens/agamotto-idt1-beta24_1885/back.jpg,agamotto-idt1-beta24_1885,back,2,aedes,Aedes_atlanticus,female,Valid
trays/8161/specimens/agamotto-idt1-beta24_518/front.jpg,agamotto-idt1-beta24_518,front,4,aedes,Aedes_communis,male,Test
trays/8199/specimens/agamotto-idt1-beta24_638/front.jpg,agamotto-idt1-beta24_638,front,4,aedes,Aedes_communis,female,Train
trays/4357/specimens/4357_9/front.jpg,4357_9,front,15,anopheles,Anopheles_coustani,female,Train
trays/3030/specimens/36333/back.jpg,36333,back,3,aedes,Aedes_canadensis,female,Test
trays/1250/specimens/14998/front.jpg,14998,front,2,aedes,Aedes_atlanticus,female,Valid
trays/5908/specimens/5908_9/front.jpg,5908_9,front,31,culex,Culex_tritaeniorhynchus,female,Test
trays/1060/specimens/12713/back.jpg,12713,back,17,anopheles,Anopheles_freeborni,female,Train
trays/7278/specimens/agamotto-idt1-beta30_3374/front.jpg,agamotto-idt1-beta30_3374,front,26,culex,Culex_orientalis,female,Train
trays/554/specimens/6639/back.jpg,6639,back,25,culex,Culex_nigripalpus,female,Test
trays/5723/specimens/5723_0/back.jpg,5723_0,back,8,aedes,Aedes_lineatopennis,female,Valid
trays/3009/specimens/36084/back.jpg,36084,back,2,aedes,Aedes_atlanticus,female,Train
trays/2704/specimens/32436/back.jpg,32436,back,22,anopheles,Anopheles_quadrimaculatus_sl,female,Train
trays/529/specimens/6343/back.jpg,6343,back,6,aedes,Aedes_japonicus,female,Train
trays/529/specimens/6345/back.jpg,6345,back,6,aedes,Aedes_japonicus,female,Test
trays/2155/specimens/25852/front.jpg,25852,front,21,anopheles,Anopheles_punctipennis,female,Test
trays/7280/specimens/agamotto-idt1-beta30_3398/back.jpg,agamotto-idt1-beta30_3398,back,26,culex,Culex_orientalis,female,Train
trays/26076/specimens/agamotto-idt1-beta13_844/front.jpg,agamotto-idt1-beta13_844,front,0,aedes,Aedes_aegypti,,Test
trays/720/specimens/8630/back.jpg,8630,back,30,culex,Culex_tarsalis,female,Test
trays/13446/specimens/agamotto-idt1-beta53_1814/front.jpg,agamotto-idt1-beta53_1814,front,12,aedes,Aedes_taeniorhynchus,female,Train
trays/3499/specimens/41932/back.jpg,41932,back,27,culex,Culex_quinqufasciatus_bamako,male,Test
trays/5904/specimens/5904_10/back.jpg,5904_10,back,31,culex,Culex_tritaeniorhynchus,female,Train
trays/1164/specimens/13959/front.jpg,13959,front,16,anopheles,Anopheles_crucians,female,Train
trays/8202/specimens/agamotto-idt1-beta24_655/front.jpg,agamotto-idt1-beta24_655,front,4,aedes,Aedes_communis,male,Test
trays/6766/specimens/agamotto-idt1-beta15_1014/front.jpg,agamotto-idt1-beta15_1014,front,19,anopheles,Anopheles_arabiensis,female,Train
trays/5869/specimens/5869_7/back.jpg,5869_7,back,24,culex,Culex_bitaeniorhynchus,female,Valid
trays/4707/specimens/4707_2/back.jpg,4707_2,back,20,anopheles,Anopheles_pharoensis,female,Test
trays/2882/specimens/34569/front.jpg,34569,front,14,aedes,Aedes_vexans,female,Train
trays/3784/specimens/45360/front.jpg,45360,front,22,anopheles,Anopheles_quadrimaculatus,female,Valid
trays/3763/specimens/45100/front.jpg,45100,front,13,aedes,Aedes_triseriatus,female,Test
trays/4709/specimens/4709_5/back.jpg,4709_5,back,20,anopheles,Anopheles_pharoensis,female,Test
trays/3787/specimens/45396/back.jpg,45396,back,22,anopheles,Anopheles_quadrimaculatus,female,Train
trays/1260/specimens/15115/front.jpg,15115,front,2,aedes,Aedes_atlanticus,female,Train
trays/533/specimens/6394/back.jpg,6394,back,6,aedes,Aedes_japonicus,female,Valid
trays/3049/specimens/36564/back.jpg,36564,back,23,anopheles,Anopheles_stephensi,male,Test
trays/3032/specimens/36353/front.jpg,36353,front,3,aedes,Aedes_canadensis,female,Train
trays/524/specimens/6277/front.jpg,6277,front,21,anopheles,Anopheles_punctipennis,female,Train
trays/4360/specimens/4360_7/front.jpg,4360_7,front,14,aedes,Aedes_vexans,female,Train
trays/3577/specimens/42872/front.jpg,42872,front,28,culex,Culex_restuans,female,Test
trays/5724/specimens/5724_3/back.jpg,5724_3,back,8,aedes,Aedes_lineatopennis,female,Train
trays/3048/specimens/36552/back.jpg,36552,back,23,anopheles,Anopheles_stephensi,male,Test
trays/3577/specimens/42872/back.jpg,42872,back,28,culex,Culex_restuans,female,Test
trays/6772/specimens/agamotto-idt1-beta15_1081/front.jpg,agamotto-idt1-beta15_1081,front,19,anopheles,Anopheles_arabiensis,male,Train
trays/1251/specimens/15003/back.jpg,15003,back,2,aedes,Aedes_atlanticus,female,Test
trays/5634/specimens/5634_8/front.jpg,5634_8,front,9,aedes,Aedes_mcintoshi,female,Test
trays/555/specimens/6652/back.jpg,6652,back,25,culex,Culex_nigripalpus,female,Train
trays/3033/specimens/36364/front.jpg,36364,front,3,aedes,Aedes_canadensis,female,Train
trays/5086/specimens/5086_9/front.jpg,5086_9,front,9,aedes,Aedes_mcintoshi,female,Train
trays/5729/specimens/5729_0/back.jpg,5729_0,back,8,aedes,Aedes_lineatopennis,female,Train
trays/4680/specimens/4680_4/front.jpg,4680_4,front,9,aedes,Aedes_mcintoshi,female,Test
trays/3115/specimens/37334/front.jpg,37334,front,19,anopheles,Anopheles_gambiae_cdc-g3,male,Train
trays/19687/specimens/agamotto-idt1-beta42_1901/front.jpg,agamotto-idt1-beta42_1901,front,0,aedes,Aedes_aegypti,male,Valid
trays/3058/specimens/36669/front.jpg,36669,front,23,anopheles,Anopheles_stephensi,male,Valid
trays/3051/specimens/36582/front.jpg,36582,front,23,anopheles,Anopheles_stephensi,female,Train
trays/11055/specimens/agamotto-idt1-beta28_2570/back.jpg,agamotto-idt1-beta28_2570,back,14,aedes,Aedes_vexans,female,Train
trays/3447/specimens/41315/front.jpg,41315,front,23,anopheles,Anopheles_stephensi_nijmegen,female,Valid
trays/4708/specimens/4708_7/front.jpg,4708_7,front,20,anopheles,Anopheles_pharoensis,female,Valid
trays/4947/specimens/4947_1/front.jpg,4947_1,front,31,culicidae,culex,0,Valid
trays/5727/specimens/5727_3/front.jpg,5727_3,front,8,aedes,Aedes_lineatopennis,female,Train
trays/8066/specimens/agamotto-idt1-beta24_406/back.jpg,agamotto-idt1-beta24_406,back,4,aedes,Aedes_communis,male,Test
trays/3806/specimens/45623/back.jpg,45623,back,21,anopheles,Anopheles_punctipennis,female,Train
trays/7274/specimens/agamotto-idt1-beta30_3335/back.jpg,agamotto-idt1-beta30_3335,back,26,culex,Culex_orientalis,female,Test
trays/505/specimens/6053/back.jpg,6053,back,5,aedes,Aedes_dorsalis,female,Test
trays/1252/specimens/15022/back.jpg,15022,back,2,aedes,Aedes_atlanticus,female,Train
trays/6501/specimens/agamotto-idt1-beta30_2136/front.jpg,agamotto-idt1-beta30_2136,front,7,aedes,Aedes_koreicus,female,Valid
trays/22837/specimens/agamotto-idt1-beta87_5709/front.jpg,agamotto-idt1-beta87_5709,front,30,culex,Culex_tarsalis,female,Train
trays/2701/specimens/32392/front.jpg,32392,front,22,anopheles,Anopheles_quadrimaculatus_sl,female,Train
trays/4330/specimens/4330_9/front.jpg,4330_9,front,18,anopheles,Anopheles_funestus,male,Train
trays/3032/specimens/36356/front.jpg,36356,front,3,aedes,Aedes_canadensis,female,Valid
trays/4252/specimens/50935/back.jpg,50935,back,21,anopheles,Anopheles_punctipennis,female,Test
trays/7280/specimens/agamotto-idt1-beta30_3402/front.jpg,agamotto-idt1-beta30_3402,front,26,culex,Culex_orientalis,female,Train
trays/9189/specimens/agamotto-idt1-beta01_374/front.jpg,agamotto-idt1-beta01_374,front,6,aedes,Aedes_japonicus,female,Valid
trays/7101/specimens/agamotto-idt1-beta15_2487/back.jpg,agamotto-idt1-beta15_2487,back,15,anopheles,Anopheles_coustani_s.l,female,Test
trays/5085/specimens/5085_4/back.jpg,5085_4,back,9,aedes,Aedes_mcintoshi,female,Test
trays/4357/specimens/4357_6/front.jpg,4357_6,front,15,anopheles,Anopheles_coustani,female,Train
trays/5720/specimens/5720_9/front.jpg,5720_9,front,8,aedes,Aedes_lineatopennis,female,Train
trays/21319/specimens/agamotto-idt1-beta42_3041/front.jpg,agamotto-idt1-beta42_3041,front,25,culex,Culex_nigripalpus,female,Train
trays/4330/specimens/4330_4/front.jpg,4330_4,front,18,anopheles,Anopheles_funestus,male,Train
trays/5076/specimens/5076_7/front.jpg,5076_7,front,9,aedes,Aedes_mcintoshi,female,Train
trays/3028/specimens/36310/back.jpg,36310,back,3,aedes,Aedes_canadensis,female,Train
trays/558/specimens/6692/front.jpg,6692,front,25,culex,Culex_nigripalpus,female,Train
trays/4505/specimens/4505_1/back.jpg,4505_1,back,27,culex,Culex_quinquefasciatus,male,Test
trays/1409/specimens/16901/front.jpg,16901,front,13,aedes,Aedes_triseriatus,female,Train
trays/3394/specimens/40679/back.jpg,40679,back,18,anopheles,Anopheles_funestus_fumoz,female,Valid
trays/3232/specimens/38734/front.jpg,38734,front,30,culex,Culex_tarsalis,female,Train
trays/527/specimens/6321/front.jpg,6321,front,21,anopheles,Anopheles_punctipennis,female,Train
trays/4502/specimens/4502_9/back.jpg,4502_9,back,27,culex,Culex_quinquefasciatus,male,Test
trays/1254/specimens/15038/front.jpg,15038,front,2,aedes,Aedes_atlanticus,female,Train
trays/4496/specimens/4496_9/front.jpg,4496_9,front,27,culex,Culex_quinquefasciatus,female,Valid
trays/3051/specimens/36578/front.jpg,36578,front,23,anopheles,Anopheles_stephensi,female,Train
trays/3784/specimens/45356/front.jpg,45356,front,22,anopheles,Anopheles_quadrimaculatus,female,Train
trays/5721/specimens/5721_10/back.jpg,5721_10,back,8,aedes,Aedes_lineatopennis,female,Train
trays/2210/specimens/26513/front.jpg,26513,front,17,anopheles,Anopheles_freeborni,female,Test
trays/3441/specimens/41243/back.jpg,41243,back,23,anopheles,Anopheles_stephensi_nijmegen,female,Test
trays/7125/specimens/agamotto-idt1-beta15_2783/front.jpg,agamotto-idt1-beta15_2783,front,9,aedes,Aedes_mcintoshi,female,Test
trays/6397/specimens/agamotto-idt1-beta30_1288/front.jpg,agamotto-idt1-beta30_1288,front,7,aedes,Aedes_koreicus,female,Test
trays/1226/specimens/14703/back.jpg,14703,back,10,aedes,Aedes_melanimon,female,Train
trays/7277/specimens/agamotto-idt1-beta30_3364/front.jpg,agamotto-idt1-beta30_3364,front,26,culex,Culex_orientalis,female,Train
trays/544/specimens/6526/back.jpg,6526,back,0,aedes,Aedes_aegypti,female,Test
trays/573/specimens/6866/front.jpg,6866,front,13,aedes,Aedes_triseriatus,female,Train
trays/2918/specimens/34998/front.jpg,34998,front,14,aedes,Aedes_vexans,female,Train
trays/575/specimens/6893/back.jpg,6893,back,3,aedes,Aedes_canadensis,female,Train
trays/2879/specimens/34529/front.jpg,34529,front,5,aedes,Aedes_dorsalis,female,Test
trays/3786/specimens/45376/front.jpg,45376,front,22,anopheles,Anopheles_quadrimaculatus,female,Train
trays/5728/specimens/5728_5/back.jpg,5728_5,back,8,aedes,Aedes_lineatopennis,female,Train
trays/3031/specimens/36338/front.jpg,36338,front,3,aedes,Aedes_canadensis,female,Test
trays/1202/specimens/14414/back.jpg,14414,back,10,aedes,Aedes_melanimon,female,Train
trays/3469/specimens/41571/front.jpg,41571,front,5,aedes,Aedes_dorsalis,female,Train
trays/554/specimens/6643/back.jpg,6643,back,25,culex,Culex_nigripalpus,female,Test
trays/22105/specimens/agamotto-idt1-beta42_3399/front.jpg,agamotto-idt1-beta42_3399,front,0,aedes,Aedes_aegypti,female,Valid
trays/11320/specimens/agamotto-idt1-beta66_4294/front.jpg,agamotto-idt1-beta66_4294,front,27,culex,Culex_pipiens_sl,female,Train
trays/8202/specimens/agamotto-idt1-beta24_660/back.jpg,agamotto-idt1-beta24_660,back,4,aedes,Aedes_communis,male,Train
trays/10685/specimens/agamotto-idt1-beta24_2389/back.jpg,agamotto-idt1-beta24_2389,back,29,culex,Culex_salinarius,female,Test
trays/14778/specimens/agamotto-idt1-beta28_4356/back.jpg,agamotto-idt1-beta28_4356,back,31,culex,Culex_tritaeniorhynchus,female,Valid
trays/550/specimens/6593/front.jpg,6593,front,25,culex,Culex_nigripalpus,female,Valid
trays/3048/specimens/36541/back.jpg,36541,back,23,anopheles,Anopheles_stephensi,female,Test
trays/484/specimens/5798/back.jpg,5798,back,29,culex,Culex_salinarius,female,Train
trays/22225/specimens/agamotto-idt1-beta22_7683/back.jpg,agamotto-idt1-beta22_7683,back,0,aedes,Aedes_aegypti,female,Train
trays/2701/specimens/32395/front.jpg,32395,front,22,anopheles,Anopheles_quadrimaculatus_sl,female,Train
trays/1254/specimens/15047/front.jpg,15047,front,2,aedes,Aedes_atlanticus,female,Test
trays/22232/specimens/agamotto-idt1-beta42_3468/back.jpg,agamotto-idt1-beta42_3468,back,0,aedes,Aedes_aegypti,male,Test
trays/531/specimens/6367/back.jpg,6367,back,6,aedes,Aedes_japonicus,female,Test
trays/1225/specimens/14695/front.jpg,14695,front,10,aedes,Aedes_melanimon,female,Test
trays/25730/specimens/agamotto-idt1-beta13_353/front.jpg,agamotto-idt1-beta13_353,front,0,aedes,Aedes_aegypti,female,Test
trays/3053/specimens/36602/back.jpg,36602,back,23,anopheles,Anopheles_stephensi,female,Test
trays/6112/specimens/agamotto-idt1-beta15_34/front.jpg,agamotto-idt1-beta15_34,front,9,aedes,Aedes_mcintoshi,female,Train
trays/1330/specimens/15958/front.jpg,15958,front,10,aedes,Aedes_melanimon,female,Test
trays/523/specimens/6276/front.jpg,6276,front,12,aedes,Aedes_taeniorhynchus,female,Test
trays/1203/specimens/14430/back.jpg,14430,back,10,aedes,Aedes_melanimon,female,Train
trays/3033/specimens/36361/front.jpg,36361,front,3,aedes,Aedes_canadensis,female,Test
trays/4512/specimens/4512_7/front.jpg,4512_7,front,27,culex,Culex_quinquefasciatus,male,Test
trays/6452/specimens/agamotto-idt1-beta30_1948/back.jpg,agamotto-idt1-beta30_1948,back,7,aedes,Aedes_koreicus,female,Train
trays/15773/specimens/agamotto-idt1-beta22_4892/back.jpg,agamotto-idt1-beta22_4892,back,0,aedes,Aedes_aegypti,male,Valid
trays/7124/specimens/agamotto-idt1-beta15_2764/back.jpg,agamotto-idt1-beta15_2764,back,9,aedes,Aedes_mcintoshi,female,Train
trays/3230/specimens/38704/front.jpg,38704,front,30,culex,Culex_tarsalis,female,Valid
trays/3806/specimens/45618/front.jpg,45618,front,21,anopheles,Anopheles_punctipennis,female,Test
trays/7300/specimens/agamotto-idt1-beta30_3645/back.jpg,agamotto-idt1-beta30_3645,back,26,culex,Culex_orientalis,female,Test
trays/5085/specimens/5085_10/front.jpg,5085_10,front,9,aedes,Aedes_mcintoshi,female,Test
trays/2152/specimens/25821/back.jpg,25821,back,22,anopheles,Anopheles_quadrimaculatus,male,Train
trays/3049/specimens/36554/back.jpg,36554,back,23,anopheles,Anopheles_stephensi,female,Test
trays/8202/specimens/agamotto-idt1-beta24_659/front.jpg,agamotto-idt1-beta24_659,front,4,aedes,Aedes_communis,male,Train
trays/2922/specimens/35044/back.jpg,35044,back,5,aedes,Aedes_dorsalis,female,Train
trays/6389/specimens/agamotto-idt1-beta30_1200/back.jpg,agamotto-idt1-beta30_1200,back,7,aedes,Aedes_koreicus,female,Train
trays/3784/specimens/45353/front.jpg,45353,front,22,anopheles,Anopheles_quadrimaculatus,female,Train
trays/17002/specimens/agamotto-idt1-beta02_2891/back.jpg,agamotto-idt1-beta02_2891,back,1,aedes,Aedes_albopictus,female,Train
trays/4707/specimens/4707_10/back.jpg,4707_10,back,20,anopheles,Anopheles_pharoensis,female,Test
trays/5728/specimens/5728_0/front.jpg,5728_0,front,8,aedes,Aedes_lineatopennis,female,Train
trays/6411/specimens/agamotto-idt1-beta30_1454/back.jpg,agamotto-idt1-beta30_1454,back,7,aedes,Aedes_koreicus,female,Train
trays/3281/specimens/39317/front.jpg,39317,front,11,aedes,Aedes_sierrensis,male,Train
trays/2419/specimens/29010/back.jpg,29010,back,17,anopheles,Anopheles_freeborni,female,Test
trays/26038/specimens/agamotto-idt1-beta13_778/front.jpg,agamotto-idt1-beta13_778,front,0,aedes,Aedes_aegypti,,Test
trays/3035/specimens/36389/front.jpg,36389,front,3,aedes,Aedes_canadensis,female,Test
trays/3782/specimens/45335/back.jpg,45335,back,22,anopheles,Anopheles_quadrimaculatus,female,Test
trays/5857/specimens/5857_0/back.jpg,5857_0,back,24,culex,Culex_bitaeniorhynchus,female,Train
trays/3237/specimens/38788/back.jpg,38788,back,30,culex,Culex_tarsalis,female,Train
trays/8068/specimens/agamotto-idt1-beta24_430/front.jpg,agamotto-idt1-beta24_430,front,4,aedes,Aedes_communis,male,Test
trays/1334/specimens/16001/front.jpg,16001,front,10,aedes,Aedes_melanimon,female,Train
trays/5077/specimens/5077_5/front.jpg,5077_5,front,9,aedes,Aedes_mcintoshi,female,Train
trays/5901/specimens/5901_8/back.jpg,5901_8,back,31,culex,Culex_tritaeniorhynchus,female,Test
trays/8068/specimens/agamotto-idt1-beta24_425/back.jpg,agamotto-idt1-beta24_425,back,4,aedes,Aedes_communis,male,Test
trays/8199/specimens/agamotto-idt1-beta24_641/front.jpg,agamotto-idt1-beta24_641,front,4,aedes,Aedes_communis,female,Valid
trays/414/specimens/4966/back.jpg,4966,back,10,aedes,Aedes_melanimon,female,Train
trays/5850/specimens/5850_8/back.jpg,5850_8,back,24,culex,Culex_bitaeniorhynchus,female,Test
trays/3500/specimens/41951/front.jpg,41951,front,27,culex,Culex_quinqufasciatus_bamako,male,Test
trays/1163/specimens/13954/back.jpg,13954,back,16,anopheles,Anopheles_crucians,female,Train
trays/575/specimens/6897/front.jpg,6897,front,3,aedes,Aedes_canadensis,female,Valid
trays/5913/specimens/5913_4/back.jpg,5913_4,back,31,culex,Culex_tritaeniorhynchus,female,Train
trays/6769/specimens/agamotto-idt1-beta15_1047/back.jpg,agamotto-idt1-beta15_1047,back,19,anopheles,Anopheles_arabiensis,male,Train
trays/4695/specimens/4695_11/back.jpg,4695_11,back,20,anopheles,Anopheles_pharoensis,female,Train
trays/16433/specimens/agamotto-idt1-beta84_329/front.jpg,agamotto-idt1-beta84_329,front,1,aedes,Aedes_albopictus,,Test
trays/4945/specimens/4945_7/back.jpg,4945_7,back,31,culex,Culex_tritaeniorhynchus,female,Train
trays/3496/specimens/41895/front.jpg,41895,front,27,culex,Culex_quinqufasciatus_bamako,female,Train
trays/1193/specimens/14316/front.jpg,14316,front,25,culex,Culex_nigripalpus,female,Test
trays/26036/specimens/agamotto-idt1-beta13_751/front.jpg,agamotto-idt1-beta13_751,front,0,aedes,Aedes_aegypti,male,Train
trays/10687/specimens/agamotto-idt1-beta24_2417/front.jpg,agamotto-idt1-beta24_2417,front,29,culex,Culex_salinarius,female,Test
trays/679/specimens/8141/front.jpg,8141,front,29,culex,Culex_salinarius,female,Train
trays/10685/specimens/agamotto-idt1-beta24_2400/front.jpg,agamotto-idt1-beta24_2400,front,29,culex,Culex_salinarius,female,Valid
trays/5899/specimens/5899_2/front.jpg,5899_2,front,31,culex,Culex_tritaeniorhynchus,female,Train
trays/486/specimens/5822/back.jpg,5822,back,29,culex,Culex_salinarius,female,Train
trays/5851/specimens/5851_11/back.jpg,5851_11,back,24,culex,Culex_bitaeniorhynchus,female,Test
trays/11325/specimens/agamotto-idt1-beta66_4336/back.jpg,agamotto-idt1-beta66_4336,back,1,aedes,Aedes_albopictus,female,Valid
trays/524/specimens/6288/front.jpg,6288,front,21,anopheles,Anopheles_punctipennis,female,Train
trays/4311/specimens/4311_1/front.jpg,4311_1,front,0,aedes,Aedes_aegypti,male,Train
trays/3783/specimens/45337/front.jpg,45337,front,22,anopheles,Anopheles_quadrimaculatus,female,Train
trays/4500/specimens/4500_10/front.jpg,4500_10,front,27,culex,Culex_quinquefasciatus,female,Train
trays/2418/specimens/28995/front.jpg,28995,front,17,anopheles,Anopheles_freeborni,female,Valid
trays/1406/specimens/16861/front.jpg,16861,front,28,culex,Culex_restuans,male,Train
trays/6410/specimens/agamotto-idt1-beta30_1450/back.jpg,agamotto-idt1-beta30_1450,back,7,aedes,Aedes_koreicus,female,Test
trays/7277/specimens/agamotto-idt1-beta30_3369/front.jpg,agamotto-idt1-beta30_3369,front,26,culex,Culex_orientalis,female,Test
trays/5727/specimens/5727_2/back.jpg,5727_2,back,8,aedes,Aedes_lineatopennis,female,Test
trays/16422/specimens/agamotto-idt1-beta02_2185/back.jpg,agamotto-idt1-beta02_2185,back,14,aedes,Aedes_vexans,female,Test
trays/8199/specimens/agamotto-idt1-beta24_642/back.jpg,agamotto-idt1-beta24_642,back,4,aedes,Aedes_communis,female,Valid
trays/1222/specimens/14659/back.jpg,14659,back,10,aedes,Aedes_melanimon,female,Valid
trays/3113/specimens/37309/back.jpg,37309,back,19,anopheles,Anopheles_gambiae_cdc-g3,female,Test
trays/3239/specimens/38812/back.jpg,38812,back,30,culex,Culex_tarsalis,female,Train
trays/1183/specimens/14195/back.jpg,14195,back,12,aedes,Aedes_taeniorhynchus,female,Train
trays/6400/specimens/agamotto-idt1-beta30_1329/back.jpg,agamotto-idt1-beta30_1329,back,7,aedes,Aedes_koreicus,female,Train
trays/6395/specimens/agamotto-idt1-beta30_1263/front.jpg,agamotto-idt1-beta30_1263,front,7,aedes,Aedes_koreicus,female,Train
trays/1335/specimens/16015/back.jpg,16015,back,10,aedes,Aedes_melanimon,female,Train
trays/1191/specimens/14281/back.jpg,14281,back,25,culex,Culex_nigripalpus,female,Valid
trays/2975/specimens/35674/front.jpg,35674,front,27,culex,Culex_pipiens_sl.,female,Train
trays/11013/specimens/agamotto-idt1-beta66_3378/back.jpg,agamotto-idt1-beta66_3378,back,1,aedes,Aedes_albopictus,female,Train
trays/8066/specimens/agamotto-idt1-beta24_400/front.jpg,agamotto-idt1-beta24_400,front,4,aedes,Aedes_communis,male,Train
trays/2921/specimens/35040/front.jpg,35040,front,5,aedes,Aedes_dorsalis,female,Train
trays/3853/specimens/46173/front.jpg,46173,front,29,culex,Culex_salinarius,female,Valid
trays/5732/specimens/5732_3/back.jpg,5732_3,back,8,aedes,Aedes_lineatopennis,female,Train
trays/3049/specimens/36554/front.jpg,36554,front,23,anopheles,Anopheles_stephensi,female,Test
trays/5905/specimens/5905_8/back.jpg,5905_8,back,31,culex,Culex_tritaeniorhynchus,female,Test
trays/1096/specimens/13146/back.jpg,13146,back,10,aedes,Aedes_melanimon,female,Train
trays/4344/specimens/4344_7/front.jpg,4344_7,front,15,anopheles,Anopheles_coustani,female,Train
trays/1189/specimens/14267/front.jpg,14267,front,25,culex,Culex_nigripalpus,female,Train
trays/573/specimens/6868/front.jpg,6868,front,13,aedes,Aedes_triseriatus,female,Test
trays/3502/specimens/41973/back.jpg,41973,back,27,culex,Culex_quinqufasciatus_bamako,male,Train
trays/5856/specimens/5856_4/front.jpg,5856_4,front,24,culex,Culex_bitaeniorhynchus,female,Valid
trays/3430/specimens/41109/back.jpg,41109,back,19,anopheles,Anopheles_gambiae_cdcg3,female,Test
trays/407/specimens/4882/front.jpg,4882,front,10,aedes,Aedes_melanimon,female,Test
trays/6402/specimens/agamotto-idt1-beta30_1353/back.jpg,agamotto-idt1-beta30_1353,back,7,aedes,Aedes_koreicus,female,Valid
trays/3036/specimens/36403/back.jpg,36403,back,16,anopheles,Anopheles_crucians_sl,female,Test
trays/6128/specimens/agamotto-idt1-beta03_126/front.jpg,agamotto-idt1-beta03_126,front,11,aedes,Aedes_sierrensis,female,Test
trays/4708/specimens/4708_9/back.jpg,4708_9,back,20,anopheles,Anopheles_pharoensis,female,Train
trays/532/specimens/6381/front.jpg,6381,front,6,aedes,Aedes_japonicus,female,Train
trays/3427/specimens/41067/front.jpg,41067,front,19,anopheles,Anopheles_gambiae_cdcg3,female,Test
trays/4696/specimens/4696_1/front.jpg,4696_1,front,20,anopheles,Anopheles_pharoensis,female,Train
trays/6399/specimens/agamotto-idt1-beta30_1311/front.jpg,agamotto-idt1-beta30_1311,front,7,aedes,Aedes_koreicus,female,Valid
trays/3104/specimens/37209/back.jpg,37209,back,0,aedes,Aedes_aegypti,male,Test
trays/3228/specimens/38680/front.jpg,38680,front,30,culex,Culex_tarsalis,female,Train
trays/4329/specimens/4329_11/front.jpg,4329_11,front,18,anopheles,Anopheles_funestus,male,Valid
trays/7832/specimens/agamotto-idt1-beta03_464/front.jpg,agamotto-idt1-beta03_464,front,11,aedes,Aedes_sierrensis,female,Train
trays/1181/specimens/14166/back.jpg,14166,back,12,aedes,Aedes_taeniorhynchus,female,Train
trays/5726/specimens/5726_9/front.jpg,5726_9,front,8,aedes,Aedes_lineatopennis,female,Train
trays/10686/specimens/agamotto-idt1-beta24_2409/back.jpg,agamotto-idt1-beta24_2409,back,29,culex,Culex_salinarius,female,Valid
trays/5086/specimens/5086_1/back.jpg,5086_1,back,9,aedes,Aedes_mcintoshi,female,Train
trays/3095/specimens/37101/back.jpg,37101,back,14,aedes,Aedes_vexans,female,Train
trays/1264/specimens/15164/back.jpg,15164,back,2,aedes,Aedes_atlanticus,female,Test
trays/4530/specimens/4530_10/front.jpg,4530_10,front,21,anopheles,Anopheles_punctipennis,female,Train
trays/11156/specimens/agamotto-idt1-beta28_2843/back.jpg,agamotto-idt1-beta28_2843,back,17,anopheles,Anopheles_freeborni,male,Test
trays/21204/specimens/agamotto-idt1-beta40_18773/back.jpg,agamotto-idt1-beta40_18773,back,13,aedes,Aedes_triseriatus,,Test
trays/6393/specimens/agamotto-idt1-beta30_1242/front.jpg,agamotto-idt1-beta30_1242,front,7,aedes,Aedes_koreicus,female,Test
trays/7298/specimens/agamotto-idt1-beta30_3623/back.jpg,agamotto-idt1-beta30_3623,back,26,culex,Culex_orientalis,female,Train
trays/530/specimens/6359/front.jpg,6359,front,6,aedes,Aedes_japonicus,female,Train
trays/8202/specimens/agamotto-idt1-beta24_655/back.jpg,agamotto-idt1-beta24_655,back,4,aedes,Aedes_communis,male,Test
trays/7800/specimens/agamotto-idt1-beta30_7452/back.jpg,agamotto-idt1-beta30_7452,back,7,aedes,Aedes_koreicus,male,Train
trays/5079/specimens/5079_2/front.jpg,5079_2,front,9,aedes,Aedes_mcintoshi,female,Train
trays/2211/specimens/26522/back.jpg,26522,back,17,anopheles,Anopheles_freeborni,female,Train
trays/19691/specimens/agamotto-idt1-beta42_1945/back.jpg,agamotto-idt1-beta42_1945,back,25,culex,Culex_nigripalpus,female,Train
trays/2863/specimens/34341/front.jpg,34341,front,5,aedes,Aedes_dorsalis,female,Test
trays/5853/specimens/5853_4/front.jpg,5853_4,front,24,culex,Culex_bitaeniorhynchus,female,Test
trays/3394/specimens/40680/back.jpg,40680,back,18,anopheles,Anopheles_funestus_fumoz,female,Train
trays/5085/specimens/5085_9/front.jpg,5085_9,front,9,aedes,Aedes_mcintoshi,female,Valid
trays/573/specimens/6870/back.jpg,6870,back,13,aedes,Aedes_triseriatus,female,Train
trays/7796/specimens/agamotto-idt1-beta30_7404/back.jpg,agamotto-idt1-beta30_7404,back,7,aedes,Aedes_koreicus,male,Train
trays/3500/specimens/41945/front.jpg,41945,front,27,culex,Culex_quinqufasciatus_bamako,male,Valid
trays/3033/specimens/36372/front.jpg,36372,front,3,aedes,Aedes_canadensis,female,Test
trays/10824/specimens/agamotto-idt1-beta41_1343/front.jpg,agamotto-idt1-beta41_1343,front,11,aedes,Aedes_sierrensis,female,Train
trays/2877/specimens/34507/front.jpg,34507,front,5,aedes,Aedes_dorsalis,female,Train
trays/4707/specimens/4707_10/front.jpg,4707_10,front,20,anopheles,Anopheles_pharoensis,female,Test
trays/17414/specimens/agamotto-idt1-beta02_3391/front.jpg,agamotto-idt1-beta02_3391,front,1,aedes,Aedes_albopictus,female,Train
trays/5899/specimens/5899_6/back.jpg,5899_6,back,31,culex,Culex_tritaeniorhynchus,female,Train
trays/556/specimens/6664/front.jpg,6664,front,25,culex,Culex_nigripalpus,male,Train
trays/1335/specimens/16011/back.jpg,16011,back,10,aedes,Aedes_melanimon,female,Valid
trays/5723/specimens/5723_9/front.jpg,5723_9,front,8,aedes,Aedes_lineatopennis,female,Test
trays/3578/specimens/42888/back.jpg,42888,back,28,culex,Culex_restuans,male,Valid
trays/8162/specimens/agamotto-idt1-beta24_537/front.jpg,agamotto-idt1-beta24_537,front,4,aedes,Aedes_communis,male,Test
trays/3048/specimens/36552/front.jpg,36552,front,23,anopheles,Anopheles_stephensi,male,Test
trays/4166/specimens/49904/back.jpg,49904,back,18,anopheles,Anopheles_funestus_s.l,female,Train
trays/3027/specimens/36300/front.jpg,36300,front,3,aedes,Aedes_canadensis,female,Test
trays/1250/specimens/14997/back.jpg,14997,back,2,aedes,Aedes_atlanticus,female,Train
trays/504/specimens/6043/back.jpg,6043,back,5,aedes,Aedes_dorsalis,female,Test
trays/26005/specimens/agamotto-idt1-beta13_483/front.jpg,agamotto-idt1-beta13_483,front,0,aedes,Aedes_aegypti,male,Valid
trays/4252/specimens/50939/back.jpg,50939,back,21,anopheles,Anopheles_punctipennis,female,Train
trays/6770/specimens/agamotto-idt1-beta15_1064/front.jpg,agamotto-idt1-beta15_1064,front,19,anopheles,Anopheles_arabiensis,female,Train
trays/3281/specimens/39313/back.jpg,39313,back,11,aedes,Aedes_sierrensis,male,Test
trays/2210/specimens/26517/front.jpg,26517,front,17,anopheles,Anopheles_freeborni,female,Train
trays/5638/specimens/5638_1/front.jpg,5638_1,front,6,aedes,Aedes_japonicus,male,Test
trays/3281/specimens/39313/front.jpg,39313,front,11,aedes,Aedes_sierrensis,male,Test
trays/2995/specimens/35906/back.jpg,35906,back,14,aedes,Aedes_vexans,female,Train
trays/4744/specimens/4744_0/back.jpg,4744_0,back,20,anopheles,Anopheles_pharoensis,female,Test
trays/4361/specimens/4361_0/back.jpg,4361_0,back,14,aedes,Aedes_vexans,female,Train
trays/26019/specimens/agamotto-idt1-beta13_572/back.jpg,agamotto-idt1-beta13_572,back,0,aedes,Aedes_aegypti,female,Train
trays/11000/specimens/agamotto-idt1-beta28_2354/back.jpg,agamotto-idt1-beta28_2354,back,6,aedes,Aedes_japonicus,female,Test
trays/2210/specimens/26513/back.jpg,26513,back,17,anopheles,Anopheles_freeborni,female,Test
trays/1406/specimens/16864/front.jpg,16864,front,27,culex,Culex_pipiens_sl,female,Train
trays/3961/specimens/47462/back.jpg,47462,back,18,anopheles,Anopheles_funestus_s.l,female,Valid
trays/3782/specimens/45327/front.jpg,45327,front,22,anopheles,Anopheles_quadrimaculatus,female,Test
trays/11058/specimens/agamotto-idt1-beta28_2616/back.jpg,agamotto-idt1-beta28_2616,back,17,anopheles,Anopheles_freeborni,female,Train
trays/3576/specimens/42858/back.jpg,42858,back,28,culex,Culex_restuans,female,Train
trays/1254/specimens/15047/back.jpg,15047,back,2,aedes,Aedes_atlanticus,female,Test
trays/8065/specimens/agamotto-idt1-beta24_385/front.jpg,agamotto-idt1-beta24_385,front,4,aedes,Aedes_communis,male,Train
trays/3234/specimens/38753/back.jpg,38753,back,30,culex,Culex_tarsalis,female,Train
trays/2961/specimens/35507/back.jpg,35507,back,14,aedes,Aedes_vexans,female,Test
trays/5909/specimens/5909_10/front.jpg,5909_10,front,31,culex,Culex_tritaeniorhynchus,female,Train
trays/3587/specimens/42988/back.jpg,42988,back,28,culex,Culex_restuans,female,Train
trays/4743/specimens/4743_8/back.jpg,4743_8,back,20,anopheles,Anopheles_pharoensis,female,Train
trays/4174/specimens/50000/front.jpg,50000,front,18,anopheles,Anopheles_funestus,female,Test
trays/3435/specimens/41163/back.jpg,41163,back,19,anopheles,Anopheles_gambiae_cdcg3,female,Train
trays/4696/specimens/4696_4/front.jpg,4696_4,front,20,anopheles,Anopheles_pharoensis,female,Train
trays/1184/specimens/14204/front.jpg,14204,front,12,aedes,Aedes_taeniorhynchus,female,Valid
trays/2705/specimens/32448/front.jpg,32448,front,22,anopheles,Anopheles_quadrimaculatus_sl,female,Train
trays/3050/specimens/36574/front.jpg,36574,front,23,anopheles,Anopheles_stephensi,female,Train
trays/5901/specimens/5901_8/front.jpg,5901_8,front,31,culex,Culex_tritaeniorhynchus,female,Test
trays/7301/specimens/agamotto-idt1-beta30_3659/back.jpg,agamotto-idt1-beta30_3659,back,26,culex,Culex_orientalis,female,Test
trays/3057/specimens/36652/back.jpg,36652,back,23,anopheles,Anopheles_stephensi,male,Train
trays/8199/specimens/agamotto-idt1-beta24_648/back.jpg,agamotto-idt1-beta24_648,back,4,aedes,Aedes_communis,female,Train
trays/15757/specimens/agamotto-idt1-beta22_4699/back.jpg,agamotto-idt1-beta22_4699,back,0,aedes,Aedes_aegypti,female,Valid
trays/3770/specimens/45181/back.jpg,45181,back,16,anopheles,Anopheles_crucians_sl,female,Valid
trays/5849/specimens/5849_5/front.jpg,5849_5,front,24,culex,Culex_bitaeniorhynchus,female,Train
trays/3786/specimens/45383/back.jpg,45383,back,22,anopheles,Anopheles_quadrimaculatus,female,Test
trays/11058/specimens/agamotto-idt1-beta28_2605/back.jpg,agamotto-idt1-beta28_2605,back,17,anopheles,Anopheles_freeborni,female,Train
trays/2928/specimens/35120/back.jpg,35120,back,14,aedes,Aedes_vexans,female,Test
trays/3116/specimens/37355/front.jpg,37355,front,19,anopheles,Anopheles_gambiae_cdc-g3,male,Test
trays/8162/specimens/agamotto-idt1-beta24_534/front.jpg,agamotto-idt1-beta24_534,front,4,aedes,Aedes_communis,male,Valid
trays/8233/specimens/agamotto-idt1-beta24_693/front.jpg,agamotto-idt1-beta24_693,front,4,aedes,Aedes_communis,female,Train
trays/4344/specimens/4344_5/front.jpg,4344_5,front,15,anopheles,Anopheles_coustani,female,Valid
trays/11156/specimens/agamotto-idt1-beta28_2844/front.jpg,agamotto-idt1-beta28_2844,front,17,anopheles,Anopheles_freeborni,female,Valid
trays/1266/specimens/15192/front.jpg,15192,front,2,aedes,Aedes_atlanticus,female,Train
trays/4680/specimens/4680_1/back.jpg,4680_1,back,9,aedes,Aedes_mcintoshi,female,Test
trays/9140/specimens/agamotto-idt1-beta28_1278/back.jpg,agamotto-idt1-beta28_1278,back,1,aedes,Aedes_albopictus,female,Valid
trays/5634/specimens/5634_8/back.jpg,5634_8,back,9,aedes,Aedes_mcintoshi,female,Test
trays/3782/specimens/45335/front.jpg,45335,front,22,anopheles,Anopheles_quadrimaculatus,female,Test
trays/710/specimens/8513/back.jpg,8513,back,30,culex,Culex_tarsalis,female,Train
trays/3232/specimens/38727/back.jpg,38727,back,30,culex,Culex_tarsalis,female,Train
trays/9254/specimens/agamotto-idt1-beta24_1855/back.jpg,agamotto-idt1-beta24_1855,back,2,aedes,Aedes_atlanticus,male,Train
trays/3624/specimens/43435/front.jpg,43435,front,14,aedes,Aedes_vexans,female,Test
trays/5822/specimens/5822_8/front.jpg,5822_8,front,9,aedes,Aedes_mcintoshi,female,Train
trays/2918/specimens/34997/front.jpg,34997,front,14,aedes,Aedes_vexans,female,Train
trays/5910/specimens/5910_1/back.jpg,5910_1,back,24,culex,Culex_bitaeniorhynchus,female,Train
trays/20770/specimens/agamotto-idt1-beta59_269/back.jpg,agamotto-idt1-beta59_269,back,1,aedes,Aedes_albopictus,,Valid
trays/5722/specimens/5722_10/front.jpg,5722_10,front,8,aedes,Aedes_lineatopennis,female,Test
trays/2973/specimens/35649/front.jpg,35649,front,14,aedes,Aedes_vexans,female,Test
trays/7278/specimens/agamotto-idt1-beta30_3375/front.jpg,agamotto-idt1-beta30_3375,front,26,culex,Culex_orientalis,female,Train
trays/5080/specimens/5080_6/back.jpg,5080_6,back,9,aedes,Aedes_mcintoshi,female,Train
trays/4205/specimens/50376/front.jpg,50376,front,13,aedes,Aedes_triseriatus,female,Test
trays/10318/specimens/agamotto-idt1-beta49_687/back.jpg,agamotto-idt1-beta49_687,back,13,aedes,Aedes_triseriatus,female,Train
trays/6698/specimens/agamotto-idt1-beta25_2846/back.jpg,agamotto-idt1-beta25_2846,back,19,anopheles,Anopheles_gambiae_s.l,female,Test
trays/6396/specimens/agamotto-idt1-beta30_1274/back.jpg,agamotto-idt1-beta30_1274,back,7,aedes,Aedes_koreicus,female,Test
trays/4223/specimens/50583/front.jpg,50583,front,13,aedes,Aedes_triseriatus,female,Test
trays/526/specimens/6310/back.jpg,6310,back,21,anopheles,Anopheles_punctipennis,female,Test
trays/483/specimens/5795/back.jpg,5795,back,29,culex,Culex_salinarius,female,Valid
trays/11156/specimens/agamotto-idt1-beta28_2843/front.jpg,agamotto-idt1-beta28_2843,front,17,anopheles,Anopheles_freeborni,male,Test
trays/4507/specimens/4507_2/back.jpg,4507_2,back,27,culex,Culex_quinquefasciatus,male,Train
trays/3400/specimens/40750/front.jpg,40750,front,18,anopheles,Anopheles_funestus_fumoz,male,Train
trays/527/specimens/6324/front.jpg,6324,front,21,anopheles,Anopheles_punctipennis,female,Train
trays/3233/specimens/38745/back.jpg,38745,back,30,culex,Culex_tarsalis,female,Test
trays/3786/specimens/45377/front.jpg,45377,front,22,anopheles,Anopheles_quadrimaculatus,female,Test
trays/3053/specimens/36602/front.jpg,36602,front,23,anopheles,Anopheles_stephensi,female,Test
trays/1351/specimens/16202/back.jpg,16202,back,28,culex,Culex_restuans,female,Train
trays/3574/specimens/42840/back.jpg,42840,back,13,aedes,Aedes_triseriatus,male,Train
trays/6123/specimens/agamotto-idt1-beta03_64/back.jpg,agamotto-idt1-beta03_64,back,11,aedes,Aedes_sierrensis,male,Train
trays/477/specimens/5719/back.jpg,5719,back,12,aedes,Aedes_taeniorhynchus,female,Train
trays/11395/specimens/agamotto-idt1-beta24_2898/front.jpg,agamotto-idt1-beta24_2898,front,1,aedes,Aedes_albopictus,male,Train
trays/5822/specimens/5822_11/back.jpg,5822_11,back,9,aedes,Aedes_mcintoshi,female,Valid
trays/4204/specimens/50359/front.jpg,50359,front,13,aedes,Aedes_triseriatus,female,Train
trays/3238/specimens/38803/back.jpg,38803,back,30,culex,Culex_tarsalis,female,Train
trays/3580/specimens/42904/back.jpg,42904,back,28,culex,Culex_restuans,male,Test
trays/6489/specimens/agamotto-idt1-beta30_1991/back.jpg,agamotto-idt1-beta30_1991,back,7,aedes,Aedes_koreicus,female,Test
trays/4328/specimens/4328_1/front.jpg,4328_1,front,18,anopheles,Anopheles_funestus,female,Train
trays/482/specimens/5776/back.jpg,5776,back,29,culex,Culex_salinarius,female,Train
trays/6400/specimens/agamotto-idt1-beta30_1330/back.jpg,agamotto-idt1-beta30_1330,back,7,aedes,Aedes_koreicus,female,Train
trays/2884/specimens/34587/front.jpg,34587,front,14,aedes,Aedes_vexans,female,Train
trays/3958/specimens/47427/front.jpg,47427,front,15,anopheles,Anopheles_coustani,female,Test
trays/6404/specimens/agamotto-idt1-beta30_1379/front.jpg,agamotto-idt1-beta30_1379,front,7,aedes,Aedes_koreicus,female,Test
trays/1188/specimens/14248/front.jpg,14248,front,25,culex,Culex_nigripalpus,female,Valid
trays/5731/specimens/5731_3/back.jpg,5731_3,back,8,aedes,Aedes_lineatopennis,female,Train
trays/4166/specimens/49899/front.jpg,49899,front,18,anopheles,Anopheles_funestus_s.l,female,Valid
trays/7808/specimens/agamotto-idt1-beta30_7548/back.jpg,agamotto-idt1-beta30_7548,back,14,aedes,Aedes_vexans,male,Valid
trays/5851/specimens/5851_11/front.jpg,5851_11,front,24,culex,Culex_bitaeniorhynchus,female,Test
trays/7125/specimens/agamotto-idt1-beta15_2773/back.jpg,agamotto-idt1-beta15_2773,back,9,aedes,Aedes_mcintoshi,female,Valid
trays/6120/specimens/agamotto-idt1-beta03_45/back.jpg,agamotto-idt1-beta03_45,back,11,aedes,Aedes_sierrensis,female,Test
trays/6772/specimens/agamotto-idt1-beta15_1086/back.jpg,agamotto-idt1-beta15_1086,back,19,anopheles,Anopheles_arabiensis,male,Test
trays/4496/specimens/4496_3/back.jpg,4496_3,back,27,culex,Culex_quinquefasciatus,female,Test
trays/3430/specimens/41109/front.jpg,41109,front,19,anopheles,Anopheles_gambiae_cdcg3,female,Test
trays/10823/specimens/agamotto-idt1-beta41_1326/back.jpg,agamotto-idt1-beta41_1326,back,11,aedes,Aedes_sierrensis,female,Valid
trays/3232/specimens/38733/front.jpg,38733,front,30,culex,Culex_tarsalis,female,Train
trays/26019/specimens/agamotto-idt1-beta13_569/front.jpg,agamotto-idt1-beta13_569,front,0,aedes,Aedes_aegypti,male,Train
trays/23977/specimens/agamotto-idt1-beta41_3730/front.jpg,agamotto-idt1-beta41_3730,front,0,aedes,Aedes_aegypti,female,Train
trays/8233/specimens/agamotto-idt1-beta24_695/back.jpg,agamotto-idt1-beta24_695,back,4,aedes,Aedes_communis,female,Train
trays/6402/specimens/agamotto-idt1-beta30_1351/front.jpg,agamotto-idt1-beta30_1351,front,7,aedes,Aedes_koreicus,female,Train
trays/674/specimens/8079/front.jpg,8079,front,29,culex,Culex_salinarius,female,Train
trays/4223/specimens/50581/back.jpg,50581,back,13,aedes,Aedes_triseriatus,female,Train
trays/4528/specimens/4528_6/back.jpg,4528_6,back,21,anopheles,Anopheles_punctipennis,female,Train
trays/8163/specimens/agamotto-idt1-beta24_542/front.jpg,agamotto-idt1-beta24_542,front,4,aedes,Aedes_communis,male,Test
trays/1161/specimens/13922/front.jpg,13922,front,16,anopheles,Anopheles_crucians,female,Train
trays/3273/specimens/39219/back.jpg,39219,back,27,culex,Culex_pipiens_sl,female,Train
trays/7280/specimens/agamotto-idt1-beta30_3401/back.jpg,agamotto-idt1-beta30_3401,back,26,culex,Culex_orientalis,female,Test
trays/4707/specimens/4707_0/back.jpg,4707_0,back,20,anopheles,Anopheles_pharoensis,female,Train
trays/7125/specimens/agamotto-idt1-beta15_2783/back.jpg,agamotto-idt1-beta15_2783,back,9,aedes,Aedes_mcintoshi,female,Test
trays/8810/specimens/agamotto-idt1-beta24_1429/back.jpg,agamotto-idt1-beta24_1429,back,28,culex,Culex_restuans,male,Train
trays/4696/specimens/4696_2/front.jpg,4696_2,front,20,anopheles,Anopheles_pharoensis,female,Test
trays/4516/specimens/4516_11/front.jpg,4516_11,front,27,culex,Culex_quinquefasciatus,male,Test
trays/5897/specimens/5897_1/back.jpg,5897_1,back,31,culex,Culex_tritaeniorhynchus,female,Train
trays/3030/specimens/36326/front.jpg,36326,front,3,aedes,Aedes_canadensis,female,Test
trays/477/specimens/5721/front.jpg,5721,front,12,aedes,Aedes_taeniorhynchus,female,Test
trays/8809/specimens/agamotto-idt1-beta24_1428/front.jpg,agamotto-idt1-beta24_1428,front,28,culex,Culex_restuans,female,Train
trays/10328/specimens/agamotto-idt1-beta49_720/back.jpg,agamotto-idt1-beta49_720,back,1,aedes,Aedes_albopictus,,Train
trays/3578/specimens/42886/back.jpg,42886,back,28,culex,Culex_restuans,female,Train
trays/577/specimens/6913/front.jpg,6913,front,3,aedes,Aedes_canadensis,female,Train
trays/3085/specimens/36982/front.jpg,36982,front,0,aedes,Aedes_aegypti,male,Test
trays/3110/specimens/37282/back.jpg,37282,back,19,anopheles,Anopheles_gambiae_cdc-g3,female,Train
trays/4706/specimens/4706_11/front.jpg,4706_11,front,20,anopheles,Anopheles_pharoensis,female,Train
trays/3031/specimens/36346/front.jpg,36346,front,3,aedes,Aedes_canadensis,female,Valid
trays/1164/specimens/13957/front.jpg,13957,front,16,anopheles,Anopheles_crucians,female,Train
trays/9229/specimens/agamotto-idt1-beta01_483/back.jpg,agamotto-idt1-beta01_483,back,6,aedes,Aedes_japonicus,female,Train
trays/574/specimens/6888/back.jpg,6888,back,13,aedes,Aedes_triseriatus,female,Test
trays/2919/specimens/35013/front.jpg,35013,front,14,aedes,Aedes_vexans,female,Valid
trays/2702/specimens/32407/front.jpg,32407,front,22,anopheles,Anopheles_quadrimaculatus_sl,female,Valid
trays/7280/specimens/agamotto-idt1-beta30_3397/back.jpg,agamotto-idt1-beta30_3397,back,26,culex,Culex_orientalis,female,Train
trays/22434/specimens/agamotto-idt1-beta02_5359/back.jpg,agamotto-idt1-beta02_5359,back,1,aedes,Aedes_albopictus,female,Test
trays/523/specimens/6266/back.jpg,6266,back,12,aedes,Aedes_taeniorhynchus,female,Train
trays/573/specimens/6874/front.jpg,6874,front,13,aedes,Aedes_triseriatus,female,Test
trays/1334/specimens/16006/front.jpg,16006,front,10,aedes,Aedes_melanimon,female,Test
trays/3573/specimens/42819/front.jpg,42819,front,16,anopheles,Anopheles_crucians_sl,female,Test
trays/6698/specimens/agamotto-idt1-beta25_2846/front.jpg,agamotto-idt1-beta25_2846,front,19,anopheles,Anopheles_gambiae_s.l,female,Test
trays/3446/specimens/41303/back.jpg,41303,back,23,anopheles,Anopheles_stephensi_nijmegen,female,Test
trays/4507/specimens/4507_11/front.jpg,4507_11,front,27,culex,Culex_quinquefasciatus,male,Train
trays/2707/specimens/32467/front.jpg,32467,front,22,anopheles,Anopheles_quadrimaculatus_sl,female,Test
trays/2961/specimens/35498/back.jpg,35498,back,14,aedes,Aedes_vexans,female,Test
trays/1247/specimens/14954/front.jpg,14954,front,13,aedes,Aedes_triseriatus,female,Train
trays/484/specimens/5805/back.jpg,5805,back,29,culex,Culex_salinarius,female,Valid
trays/26076/specimens/agamotto-idt1-beta13_854/front.jpg,agamotto-idt1-beta13_854,front,0,aedes,Aedes_aegypti,,Test
trays/5855/specimens/5855_4/back.jpg,5855_4,back,24,culex,Culex_bitaeniorhynchus,female,Test
trays/3272/specimens/39207/back.jpg,39207,back,27,culex,Culex_pipiens_sl,female,Test
trays/3106/specimens/37227/back.jpg,37227,back,0,aedes,Aedes_aegypti,male,Train
trays/5725/specimens/5725_10/back.jpg,5725_10,back,8,aedes,Aedes_lineatopennis,female,Train
trays/2930/specimens/35146/front.jpg,35146,front,14,aedes,Aedes_vexans,female,Test
trays/1408/specimens/16889/front.jpg,16889,front,13,aedes,Aedes_triseriatus,female,Train
trays/4706/specimens/4706_2/back.jpg,4706_2,back,20,anopheles,Anopheles_pharoensis,female,Train
trays/1250/specimens/14990/back.jpg,14990,back,2,aedes,Aedes_atlanticus,female,Valid
trays/3267/specimens/39149/front.jpg,39149,front,27,culex,Culex_pipiens_sl,female,Test
trays/3236/specimens/38778/front.jpg,38778,front,30,culex,Culex_tarsalis,female,Test
trays/480/specimens/5750/front.jpg,5750,front,29,culex,Culex_salinarius,female,Train
trays/4708/specimens/4708_0/front.jpg,4708_0,front,20,anopheles,Anopheles_pharoensis,female,Valid
trays/573/specimens/6868/back.jpg,6868,back,13,aedes,Aedes_triseriatus,female,Test
trays/677/specimens/8116/back.jpg,8116,back,29,culex,Culex_salinarius,female,Valid
trays/7281/specimens/agamotto-idt1-beta30_3416/back.jpg,agamotto-idt1-beta30_3416,back,26,culex,Culex_orientalis,female,Train
trays/3227/specimens/38668/back.jpg,38668,back,30,culex,Culex_tarsalis,female,Train
trays/527/specimens/6318/front.jpg,6318,front,21,anopheles,Anopheles_punctipennis,female,Test
trays/531/specimens/6371/front.jpg,6371,front,6,aedes,Aedes_japonicus,female,Train
trays/3572/specimens/42811/back.jpg,42811,back,16,anopheles,Anopheles_crucians_sl,female,Valid
trays/530/specimens/6356/back.jpg,6356,back,6,aedes,Aedes_japonicus,female,Test
trays/3434/specimens/41157/back.jpg,41157,back,19,anopheles,Anopheles_gambiae_cdcg3,female,Train
trays/6396/specimens/agamotto-idt1-beta30_1282/front.jpg,agamotto-idt1-beta30_1282,front,7,aedes,Aedes_koreicus,female,Test
trays/532/specimens/6380/back.jpg,6380,back,6,aedes,Aedes_japonicus,female,Train
trays/2860/specimens/34298/back.jpg,34298,back,30,culex,Culex_tarsalis,female,Test
trays/2878/specimens/34524/back.jpg,34524,back,5,aedes,Aedes_dorsalis,female,Test
trays/5854/specimens/5854_11/back.jpg,5854_11,back,24,culex,Culex_bitaeniorhynchus,female,Train
trays/1059/specimens/12703/front.jpg,12703,front,17,anopheles,Anopheles_freeborni,female,Train
trays/6491/specimens/agamotto-idt1-beta30_2016/front.jpg,agamotto-idt1-beta30_2016,front,7,aedes,Aedes_koreicus,female,Test
trays/3111/specimens/37291/back.jpg,37291,back,19,anopheles,Anopheles_gambiae_cdc-g3,female,Train
trays/9256/specimens/agamotto-idt1-beta24_1878/back.jpg,agamotto-idt1-beta24_1878,back,2,aedes,Aedes_atlanticus,male,Train
trays/24436/specimens/agamotto-idt1-beta02_6027/front.jpg,agamotto-idt1-beta02_6027,front,1,aedes,Aedes_albopictus,female,Train
trays/10820/specimens/agamotto-idt1-beta41_1288/front.jpg,agamotto-idt1-beta41_1288,front,11,aedes,Aedes_sierrensis,female,Test
trays/6128/specimens/agamotto-idt1-beta03_124/front.jpg,agamotto-idt1-beta03_124,front,11,aedes,Aedes_sierrensis,female,Train
trays/1257/specimens/15079/back.jpg,15079,back,2,aedes,Aedes_atlanticus,female,Valid
trays/6396/specimens/agamotto-idt1-beta30_1282/back.jpg,agamotto-idt1-beta30_1282,back,7,aedes,Aedes_koreicus,female,Test
trays/3050/specimens/36568/front.jpg,36568,front,23,anopheles,Anopheles_stephensi,female,Test
trays/1166/specimens/13981/back.jpg,13981,back,16,anopheles,Anopheles_crucians,female,Train
trays/5850/specimens/5850_8/front.jpg,5850_8,front,24,culex,Culex_bitaeniorhynchus,female,Test
trays/21325/specimens/agamotto-idt1-beta42_3065/front.jpg,agamotto-idt1-beta42_3065,front,25,culex,Culex_nigripalpus,female,Train
trays/7940/specimens/agamotto-idt1-beta03_500/front.jpg,agamotto-idt1-beta03_500,front,11,aedes,Aedes_sierrensis,female,Valid
trays/6445/specimens/agamotto-idt1-beta30_1865/front.jpg,agamotto-idt1-beta30_1865,front,7,aedes,Aedes_koreicus,female,Train
trays/3771/specimens/45194/front.jpg,45194,front,6,aedes,Aedes_japonicus,female,Train
trays/1406/specimens/16866/front.jpg,16866,front,28,culex,Culex_restuans,female,Train
trays/4191/specimens/50200/front.jpg,50200,front,18,anopheles,Anopheles_funestus,female,Valid
trays/4952/specimens/4952_11/front.jpg,4952_11,front,31,culicidae,culex,0,Valid
trays/15839/specimens/agamotto-idt1-beta02_1956/front.jpg,agamotto-idt1-beta02_1956,front,1,aedes,Aedes_albopictus,female,Test
trays/3055/specimens/36629/back.jpg,36629,back,23,anopheles,Anopheles_stephensi,female,Train
trays/1180/specimens/14151/front.jpg,14151,front,12,aedes,Aedes_taeniorhynchus,female,Train
trays/1411/specimens/16923/back.jpg,16923,back,12,aedes,Aedes_taeniorhynchus,female,Valid
trays/15837/specimens/agamotto-idt1-beta02_1927/back.jpg,agamotto-idt1-beta02_1927,back,1,aedes,Aedes_albopictus,female,Test
trays/5904/specimens/5904_6/front.jpg,5904_6,front,31,culex,Culex_tritaeniorhynchus,female,Train
trays/482/specimens/5780/front.jpg,5780,front,29,culex,Culex_salinarius,female,Test
trays/1165/specimens/13979/front.jpg,13979,front,16,anopheles,Anopheles_crucians,female,Train
trays/24745/specimens/agamotto-idt1-beta42_4265/back.jpg,agamotto-idt1-beta42_4265,back,0,aedes,Aedes_aegypti,female,Train
trays/22727/specimens/agamotto-idt1-beta66_19705/front.jpg,agamotto-idt1-beta66_19705,front,1,aedes,Aedes_albopictus,female,Test
trays/524/specimens/6281/back.jpg,6281,back,21,anopheles,Anopheles_punctipennis,female,Train
trays/4741/specimens/4741_5/front.jpg,4741_5,front,15,anopheles,Anopheles_coustani_s.l,female,Train
trays/1248/specimens/14976/back.jpg,14976,back,2,aedes,Aedes_atlanticus,female,Train
trays/3574/specimens/42830/front.jpg,42830,front,13,aedes,Aedes_triseriatus,male,Test
trays/5910/specimens/5910_11/front.jpg,5910_11,front,31,culex,Culex_tritaeniorhynchus,female,Train
trays/5723/specimens/5723_9/back.jpg,5723_9,back,8,aedes,Aedes_lineatopennis,female,Test
trays/7298/specimens/agamotto-idt1-beta30_3624/front.jpg,agamotto-idt1-beta30_3624,front,26,culex,Culex_orientalis,female,Test
trays/4251/specimens/50923/back.jpg,50923,back,16,anopheles,Anopheles_crucians_sl,female,Valid
trays/5909/specimens/5909_3/front.jpg,5909_3,front,31,culex,Culex_tritaeniorhynchus,female,Train
trays/1189/specimens/14258/back.jpg,14258,back,25,culex,Culex_nigripalpus,female,Test
trays/5922/specimens/5922_11/front.jpg,5922_11,front,31,culex,Culex_tritaeniorhynchus,female,Train
trays/477/specimens/5724/back.jpg,5724,back,12,aedes,Aedes_taeniorhynchus,female,Test
trays/8005/specimens/agamotto-idt1-beta26_250/back.jpg,agamotto-idt1-beta26_250,back,14,aedes,Aedes_vexans,female,Train
trays/3055/specimens/36626/front.jpg,36626,front,23,anopheles,Anopheles_stephensi,female,Valid
trays/1060/specimens/12718/back.jpg,12718,back,17,anopheles,Anopheles_freeborni,female,Train
trays/3925/specimens/47038/front.jpg,47038,front,15,anopheles,Anopheles_coustani,female,Train
trays/5851/specimens/5851_9/front.jpg,5851_9,front,24,culex,Culex_bitaeniorhynchus,female,Test
trays/2432/specimens/29161/front.jpg,29161,front,15,anopheles,Anopheles_coustani,female,Test
trays/525/specimens/6296/front.jpg,6296,front,21,anopheles,Anopheles_punctipennis,female,Train
trays/4707/specimens/4707_11/back.jpg,4707_11,back,20,anopheles,Anopheles_pharoensis,female,Test
trays/3032/specimens/36358/front.jpg,36358,front,3,aedes,Aedes_canadensis,female,Test
trays/10685/specimens/agamotto-idt1-beta24_2390/front.jpg,agamotto-idt1-beta24_2390,front,29,culex,Culex_salinarius,female,Test
trays/3227/specimens/38674/front.jpg,38674,front,30,culex,Culex_tarsalis,female,Train
trays/5105/specimens/5105_3/front.jpg,5105_3,front,15,anopheles,Anopheles_coustani_s.l,female,Train
trays/10822/specimens/agamotto-idt1-beta41_1310/front.jpg,agamotto-idt1-beta41_1310,front,11,aedes,Aedes_sierrensis,female,Test
trays/12354/specimens/agamotto-idt1-beta28_3349/back.jpg,agamotto-idt1-beta28_3349,back,31,culex,Culex_tritaeniorhynchus,female,Train
trays/15846/specimens/agamotto-idt1-beta02_1996/front.jpg,agamotto-idt1-beta02_1996,front,1,aedes,Aedes_albopictus,female,Train
trays/3443/specimens/41258/front.jpg,41258,front,23,anopheles,Anopheles_stephensi_nijmegen,female,Test
trays/4707/specimens/4707_8/front.jpg,4707_8,front,20,anopheles,Anopheles_pharoensis,female,Valid
trays/1146/specimens/13748/back.jpg,13748,back,10,aedes,Aedes_melanimon,female,Train
trays/4947/specimens/4947_5/front.jpg,4947_5,front,31,culicidae,culex,0,Valid
trays/3771/specimens/45195/front.jpg,45195,front,6,aedes,Aedes_japonicus,female,Train
trays/1250/specimens/14995/front.jpg,14995,front,2,aedes,Aedes_atlanticus,female,Test
trays/4193/specimens/50223/back.jpg,50223,back,15,anopheles,Anopheles_coustani,female,Test
trays/8682/specimens/agamotto-idt1-beta24_1296/back.jpg,agamotto-idt1-beta24_1296,back,14,aedes,Aedes_vexans,male,Valid
trays/1162/specimens/13933/front.jpg,13933,front,16,anopheles,Anopheles_crucians,female,Train
trays/2924/specimens/35074/back.jpg,35074,back,5,aedes,Aedes_dorsalis,female,Valid
trays/3282/specimens/39335/front.jpg,39335,front,11,aedes,Aedes_sierrensis,male,Valid
trays/576/specimens/6902/back.jpg,6902,back,3,aedes,Aedes_canadensis,female,Test
trays/3850/specimens/46130/front.jpg,46130,front,22,anopheles,Anopheles_quadrimaculatus,female,Train
trays/4223/specimens/50586/back.jpg,50586,back,13,aedes,Aedes_triseriatus,female,Train
trays/8066/specimens/agamotto-idt1-beta24_398/back.jpg,agamotto-idt1-beta24_398,back,4,aedes,Aedes_communis,male,Valid
trays/2806/specimens/33658/front.jpg,33658,front,5,aedes,Aedes_dorsalis,female,Test
trays/2974/specimens/35660/front.jpg,35660,front,30,culex,Culex_tarsalis,female,Valid
trays/3239/specimens/38819/front.jpg,38819,front,30,culex,Culex_tarsalis,female,Train
trays/4344/specimens/4344_6/front.jpg,4344_6,front,15,anopheles,Anopheles_coustani,female,Test
trays/575/specimens/6898/front.jpg,6898,front,3,aedes,Aedes_canadensis,female,Valid
trays/7126/specimens/agamotto-idt1-beta15_2793/back.jpg,agamotto-idt1-beta15_2793,back,9,aedes,Aedes_mcintoshi,female,Valid
trays/5729/specimens/5729_3/front.jpg,5729_3,front,8,aedes,Aedes_lineatopennis,female,Test
trays/5731/specimens/5731_9/back.jpg,5731_9,back,8,aedes,Aedes_lineatopennis,female,Train
trays/5905/specimens/5905_8/front.jpg,5905_8,front,31,culex,Culex_tritaeniorhynchus,female,Test
trays/527/specimens/6316/back.jpg,6316,back,21,anopheles,Anopheles_punctipennis,female,Test
trays/8161/specimens/agamotto-idt1-beta24_522/back.jpg,agamotto-idt1-beta24_522,back,4,aedes,Aedes_communis,female,Train
trays/524/specimens/6285/front.jpg,6285,front,21,anopheles,Anopheles_punctipennis,female,Test
trays/5085/specimens/5085_2/front.jpg,5085_2,front,9,aedes,Aedes_mcintoshi,female,Train
trays/5900/specimens/5900_3/front.jpg,5900_3,front,31,culex,Culex_tritaeniorhynchus,female,Valid
trays/1410/specimens/16909/front.jpg,16909,front,6,aedes,Aedes_japonicus,female,Train
trays/3566/specimens/42734/front.jpg,42734,front,21,anopheles,Anopheles_punctipennis,female,Train
trays/401/specimens/4810/front.jpg,4810,front,17,anopheles,Anopheles_freeborni,female,Train
trays/1406/specimens/16865/front.jpg,16865,front,28,culex,Culex_restuans,male,Train
trays/529/specimens/6337/front.jpg,6337,front,6,aedes,Aedes_japonicus,female,Test
trays/573/specimens/6876/front.jpg,6876,front,13,aedes,Aedes_triseriatus,female,Test
trays/1253/specimens/15030/back.jpg,15030,back,2,aedes,Aedes_atlanticus,female,Test
trays/1254/specimens/15042/front.jpg,15042,front,2,aedes,Aedes_atlanticus,female,Train
trays/5725/specimens/5725_0/back.jpg,5725_0,back,8,aedes,Aedes_lineatopennis,female,Test
trays/4496/specimens/4496_3/front.jpg,4496_3,front,27,culex,Culex_quinquefasciatus,female,Test
trays/681/specimens/8163/front.jpg,8163,front,29,culex,Culex_salinarius,female,Test
trays/409/specimens/4897/back.jpg,4897,back,10,aedes,Aedes_melanimon,female,Valid
trays/5076/specimens/5076_9/front.jpg,5076_9,front,9,aedes,Aedes_mcintoshi,female,Train
trays/3124/specimens/37445/front.jpg,37445,front,0,aedes,Aedes_aegypti,female,Train
trays/3806/specimens/45617/front.jpg,45617,front,21,anopheles,Anopheles_punctipennis,female,Valid
trays/4512/specimens/4512_7/back.jpg,4512_7,back,27,culex,Culex_quinquefasciatus,male,Test
trays/5721/specimens/5721_3/back.jpg,5721_3,back,8,aedes,Aedes_lineatopennis,female,Test
trays/11178/specimens/agamotto-idt1-beta28_3030/front.jpg,agamotto-idt1-beta28_3030,front,17,anopheles,Anopheles_freeborni,female,Train
trays/5903/specimens/5903_1/back.jpg,5903_1,back,31,culex,Culex_tritaeniorhynchus,female,Test
trays/5851/specimens/5851_9/back.jpg,5851_9,back,24,culex,Culex_bitaeniorhynchus,female,Test
trays/6390/specimens/agamotto-idt1-beta30_1201/back.jpg,agamotto-idt1-beta30_1201,back,7,aedes,Aedes_koreicus,female,Valid
trays/2933/specimens/35176/front.jpg,35176,front,5,aedes,Aedes_dorsalis,female,Train
trays/3807/specimens/45636/front.jpg,45636,front,21,anopheles,Anopheles_punctipennis,female,Test
trays/8065/specimens/agamotto-idt1-beta24_388/back.jpg,agamotto-idt1-beta24_388,back,4,aedes,Aedes_communis,male,Test
trays/504/specimens/6044/front.jpg,6044,front,5,aedes,Aedes_dorsalis,female,Test
trays/404/specimens/4848/front.jpg,4848,front,17,anopheles,Anopheles_freeborni,female,Train
trays/3038/specimens/36421/front.jpg,36421,front,16,anopheles,Anopheles_crucians_sl,female,Train
trays/3760/specimens/45061/front.jpg,45061,front,13,aedes,Aedes_triseriatus,female,Train
trays/1852/specimens/22216/back.jpg,22216,back,25,culex,Culex_nigripalpus,female,Valid
trays/3446/specimens/41294/front.jpg,41294,front,23,anopheles,Anopheles_stephensi_nijmegen,female,Train
trays/3230/specimens/38708/front.jpg,38708,front,30,culex,Culex_tarsalis,female,Train
trays/2973/specimens/35649/back.jpg,35649,back,14,aedes,Aedes_vexans,female,Test
